{"type":"FeatureCollection","features":[{"type":"Feature","id":6882,"geometry":{"type":"Polygon","coordinates":[[[-81.52341098488326,30.686716359297776],[-81.52349349182614,30.686734484392936],[-81.52354475176851,30.68673537270126],[-81.52359672617499,30.686675184845473],[-81.52372840512727,30.68658169497715],[-81.52358231953475,30.686499353356684],[-81.52333508010699,30.686391315856525],[-81.52317733376283,30.686412524584384],[-81.52289808344398,30.6864874945378],[-81.5225182361226,30.686512833700952],[-81.52222476651097,30.6864039927819],[-81.52203393671373,30.68625702597801],[-81.52176969292205,30.686084843123723],[-81.52155628311557,30.68611306593549],[-81.52129794117353,30.686084642504955],[-81.52101297595475,30.686007870487643],[-81.52080751025385,30.686092096570093],[-81.52052751534173,30.686198972864883],[-81.52035913767524,30.686249201032346],[-81.52032207060135,30.686260259224323],[-81.52017354873458,30.68630456502037],[-81.51976503250137,30.686369304472738],[-81.51919175440764,30.686359353613277],[-81.51889568267698,30.686362194753666],[-81.51879192581764,30.68644818382341],[-81.51863101505312,30.686605009463808],[-81.51854630831156,30.686667387347402],[-81.51828461585619,30.686782557472227],[-81.51794616030655,30.687016109301346],[-81.51762526487991,30.68728987057286],[-81.51729071513984,30.687355887920297],[-81.51692861201312,30.6874134445325],[-81.5165030860112,30.687414031377823],[-81.51600284406561,30.687445242211933],[-81.51552959470732,30.687508844529635],[-81.51517332460682,30.687710092393285],[-81.51487041246733,30.688008167221717],[-81.51475125241815,30.688357259599147],[-81.51497645419501,30.68861656855001],[-81.51533185441681,30.68884621604076],[-81.51571890821478,30.68890881266558],[-81.5159083114772,30.688720560287468],[-81.51600524878279,30.688530701402584],[-81.51608977221451,30.688476302918097],[-81.51634904984917,30.68846484771046],[-81.51650847682049,30.68837184646086],[-81.51658095941893,30.688436954004352],[-81.51649457380435,30.68857112989012],[-81.51659311986582,30.6887085195417],[-81.51679859397679,30.6886242984508],[-81.51698155908737,30.6885387647276],[-81.51721141036596,30.688348282971532],[-81.51742524559928,30.68824705667671],[-81.51786515331548,30.688053162911356],[-81.5181509969847,30.687962645810707],[-81.51828685876471,30.687875994080393],[-81.51877419181713,30.68760512108263],[-81.51908288892254,30.68756039739786],[-81.51926611818018,30.68753385105229],[-81.51939148772742,30.687519743078465],[-81.51975767082712,30.687478535273367],[-81.52029229537135,30.687559642119318],[-81.52059575671984,30.68763673650572],[-81.5210586414419,30.687620823096957],[-81.52125332163442,30.687523586678914],[-81.52127651674758,30.68740113486314],[-81.52137083992183,30.687322960628347],[-81.52139268110739,30.687298115814272],[-81.52145544492643,30.687130685968782],[-81.5214818279927,30.687042420948544],[-81.52156721202347,30.68693705248081],[-81.52162204255633,30.686861682596536],[-81.52166409258649,30.68681280382771],[-81.52169346282136,30.686691200082258],[-81.52172850451163,30.686658417264994],[-81.52175724101842,30.68661935395453],[-81.52184138829362,30.68658090810037],[-81.52187744475746,30.68662143845717],[-81.52192939291577,30.68677397757765],[-81.52198078266247,30.68695045061611],[-81.52194212432856,30.68702160928155],[-81.52177197163266,30.687178279102177],[-81.52166840112054,30.68725629231404],[-81.52149197380756,30.687285156454635],[-81.52148992921191,30.68737291244174],[-81.52149713138891,30.687460827905234],[-81.5216335992591,30.68755896643617],[-81.52164743805757,30.687584096548168],[-81.5218893420142,30.687699079236754],[-81.52221018358863,30.687824356997467],[-81.52280675060646,30.688026243767244],[-81.52304976189323,30.687918721799303],[-81.52317739696574,30.6876016939015],[-81.52341097545931,30.687501989092937],[-81.52352895160725,30.68759980532094],[-81.5235318828991,30.687871209855913],[-81.52369182125928,30.688153316367522],[-81.52362133851292,30.68839950614395],[-81.52343009115904,30.68866754588764],[-81.52317281752563,30.68899030870614],[-81.52279017467191,30.6891353158395],[-81.52241677771066,30.68928048137559],[-81.52230800385831,30.689581874544928],[-81.52237937599058,30.68969484538091],[-81.5224895930651,30.68972868014292],[-81.52259056427637,30.689762355439356],[-81.52271444398262,30.690003933147313],[-81.52275083142433,30.69042755686425],[-81.52265310489373,30.69051953805287],[-81.52262487868725,30.69060023024055],[-81.52266467621445,30.69066911388571],[-81.52281607390115,30.690803796232977],[-81.52287044051195,30.69085262414264],[-81.52316485286352,30.69092157499629],[-81.52360795733307,30.69096117789448],[-81.52375702039149,30.69091587527804],[-81.52411007037574,30.690850163006203],[-81.52452101462187,30.69068169955077],[-81.52464638595086,30.690859453522357],[-81.52448621975545,30.69098437514906],[-81.52401333213734,30.691032050632415],[-81.52373848789063,30.691314604566433],[-81.52366698119738,30.691410309395266],[-81.52361248026362,30.69149522584199],[-81.52365756933374,30.69157709763689],[-81.52375599502267,30.691624118697877],[-81.52390454779908,30.69165531288971],[-81.52403950623672,30.691676731610414],[-81.52422652392038,30.691718132563896],[-81.52436673208462,30.691751565984706],[-81.52451340940031,30.69174456697803],[-81.52470446683009,30.691731180990537],[-81.52483550725215,30.69168336557162],[-81.5248478370726,30.691628722835258],[-81.52488045781739,30.691533913328712],[-81.52506687978537,30.691473292993983],[-81.52520335607433,30.69157142931439],[-81.52553973722316,30.691824665705873],[-81.52574316909657,30.691828187898178],[-81.52615374348726,30.69167567474799],[-81.52639805829432,30.69151230250771],[-81.52642749090364,30.691489071093375],[-81.52650298975611,30.691429481125912],[-81.52659595239193,30.69135610769749],[-81.52687023276083,30.691097480489194],[-81.52685526262677,30.690945582754704],[-81.5267744523816,30.69084043112499],[-81.52689966873312,30.69062711059568],[-81.52700156953661,30.69062089275983],[-81.52732001519854,30.690849871638857],[-81.52748810259234,30.69079283145761],[-81.52754379258278,30.690773932944754],[-81.52787113905866,30.69061997516964],[-81.52807665636072,30.690675330532258],[-81.5282018077278,30.690652682598472],[-81.52832840591638,30.69066399281679],[-81.52843463808891,30.69067348408601],[-81.52862740879388,30.6906768178267],[-81.52880063764901,30.690428544856204],[-81.52883208419337,30.69026946886773],[-81.5288639023444,30.69009443689532],[-81.52888406221221,30.69004998469778],[-81.52893617553588,30.689935897411576],[-81.5289419532015,30.689920204360252],[-81.52896089622134,30.68990137213098],[-81.52908398924653,30.689779002069482],[-81.52921548191736,30.689693484932103],[-81.52922029298271,30.689690031824707],[-81.52935659191095,30.689592171533334],[-81.52946071386195,30.68949021858224],[-81.52960993762473,30.6894254663524],[-81.5297549310176,30.68936255006483],[-81.52982818837485,30.689271739503344],[-81.52988226002198,30.689212065094935],[-81.52988804923969,30.68920567581014],[-81.52989532950447,30.68920225093826],[-81.53002565031929,30.68914095574699],[-81.5301632512106,30.689076236455588],[-81.53032184387132,30.68894478055331],[-81.53044273337609,30.688762349204836],[-81.53046567142292,30.688611775229546],[-81.53045051856752,30.688426992971596],[-81.53037823065347,30.688190900548122],[-81.53016912126618,30.687985991789144],[-81.52993272384246,30.687871981995848],[-81.52992619816813,30.687867660460462],[-81.5299198782707,30.687863475892087],[-81.52973863914772,30.687746112156077],[-81.52970853252336,30.68772641306698],[-81.52947726495866,30.68763854231309],[-81.52926270723519,30.687668382103666],[-81.52910489410675,30.687766301018677],[-81.52887129098596,30.687779035451324],[-81.52877450769265,30.687760588178772],[-81.528564623133,30.687589212817226],[-81.52838247772077,30.68741196459326],[-81.52833647456909,30.687367197549168],[-81.52826974103951,30.68727696655346],[-81.52813448988844,30.687248568841028],[-81.52805275430998,30.68718330636733],[-81.52783417590511,30.687035868296597],[-81.52763334887344,30.686920659982558],[-81.52742992632093,30.686917140493538],[-81.52709114533599,30.686767620581925],[-81.5266928046037,30.68679265082516],[-81.5264688494837,30.68687656594358],[-81.5262822508945,30.686945164079408],[-81.52617333308137,30.68685548820738],[-81.52619405270939,30.68676007524104],[-81.52618795981458,30.686624293064668],[-81.52601580199155,30.686469673687384],[-81.52586785936143,30.68646711242085],[-81.5256805188604,30.6865676216773],[-81.52556622162872,30.686709300552735],[-81.52550851567571,30.68680407300027],[-81.52535058356699,30.686833262116394],[-81.52521374200722,30.68675108315247],[-81.52508392016735,30.686764796379755],[-81.52487882849344,30.686833073317015],[-81.52482075060946,30.686943801461414],[-81.52486452470714,30.687012410637976],[-81.52495462127777,30.687153625834718],[-81.52476597933405,30.687309978037696],[-81.52463374347023,30.68742740286951],[-81.5244190321749,30.68751147408322],[-81.52430031266502,30.687445569635788],[-81.52430402586845,30.687286014446784],[-81.52440926432556,30.687136198353077],[-81.52448085827699,30.686842142332946],[-81.52433662832026,30.6866800234588],[-81.52394014516354,30.68662526894432],[-81.5237979197766,30.686774442849014],[-81.5237026703456,30.68689250765698],[-81.52360627112395,30.68687715450225],[-81.52350015971207,30.686923016275642],[-81.52340305982686,30.686938028797947],[-81.52337402479606,30.68691813419739],[-81.52328878212195,30.68685972750404],[-81.52319616529316,30.68680088196308],[-81.52316406173496,30.686755010114226],[-81.5231625205799,30.6867025133758],[-81.52323000256037,30.68665359719549],[-81.52334848644878,30.68666996074039],[-81.52341098488326,30.686716359297776]]]},"properties":{"OBJECTID":6882,"UNIT_ID":"S00027","SITE_NAME":"Fort Clinch State Park","ACREAGE":97.88,"EC_TYPE":"Maritime Hammock","EC_CODE":"MAH","DFC_CODE":"MAH","DFC_TYPE":"Maritime Hammock","SHAPE.AREA":396087.34664605,"SHAPE.LEN":5054.22956154885}},{"type":"Feature","id":6893,"geometry":{"type":"Polygon","coordinates":[[[-81.43784380058955,30.6868668270629],[-81.43788057716196,30.686966428026576],[-81.4378994098801,30.687102713025286],[-81.43796856824905,30.687445015766286],[-81.43809252298912,30.687692899201387],[-81.43819310300242,30.687878351021375],[-81.43845512085049,30.688345140457002],[-81.43860752969432,30.68862835520475],[-81.43868688333023,30.688845863632125],[-81.43874004962429,30.68897990288133],[-81.43875054056079,30.689095289161568],[-81.43871843017553,30.689257851262706],[-81.43863707242632,30.689536876236698],[-81.43855101279418,30.690011152206328],[-81.43847325697337,30.69069164772768],[-81.4384929986382,30.690973915617196],[-81.4386035898671,30.69161628616074],[-81.43871057713872,30.69206397248102],[-81.43882311454374,30.69235005000598],[-81.43911184427651,30.69282746668406],[-81.43930073696981,30.69311133526481],[-81.43950426625915,30.693476318734703],[-81.43958955631342,30.69379195993167],[-81.43962079885858,30.694010038112136],[-81.43963540636145,30.69405239076986],[-81.4396843704333,30.694194349717254],[-81.43972045501752,30.694486928608836],[-81.43972810572865,30.694927110324127],[-81.43968453644298,30.695427909677843],[-81.43967507977595,30.695703632721333],[-81.43973617905948,30.695921769194257],[-81.43990344469067,30.696208588114196],[-81.44004185836727,30.69637325220859],[-81.44024773094968,30.696549261158275],[-81.44063783153746,30.696881809764605],[-81.4412787243922,30.697357164944314],[-81.44136745592145,30.697134307905237],[-81.44141029446807,30.6970670132418],[-81.44145076218787,30.69702703940296],[-81.44200023077794,30.69689472492107],[-81.44227269615763,30.696830911511594],[-81.4430669705054,30.69663523784438],[-81.44331373589533,30.69658241099096],[-81.443680889338,30.696489759701613],[-81.44425800889348,30.696356977554167],[-81.44530497873457,30.69609139638292],[-81.44605148209749,30.695904393347707],[-81.44680894445916,30.6957213980679],[-81.44700021011717,30.69567711338551],[-81.44771302084439,30.69551144191136],[-81.44817591345284,30.695391868314577],[-81.44853637966449,30.69530099372969],[-81.44894780628678,30.695206257493528],[-81.44934315503606,30.69509024492638],[-81.44982266988478,30.69496905441571],[-81.45013063416143,30.69490013559247],[-81.45025804659699,30.694890006814475],[-81.45056890008595,30.694885057864095],[-81.45091807528988,30.694896056737534],[-81.451145527686,30.694899429296672],[-81.45113763515,30.694851011055572],[-81.45110924514292,30.694743653529542],[-81.45108710425218,30.694560086222452],[-81.45108112407378,30.694348185582832],[-81.45108168347674,30.69414021830409],[-81.45104944949813,30.693916402111523],[-81.45103720432115,30.693792152077158],[-81.4509264466704,30.693806054527688],[-81.45086676040823,30.69387415639957],[-81.45080131745966,30.693951696393984],[-81.45091446497786,30.694075352934103],[-81.45096323389727,30.694116768607415],[-81.45098593254292,30.69420780591916],[-81.451010824516,30.69432273262201],[-81.45100053446232,30.694406025937333],[-81.45084815021578,30.694420003496386],[-81.45079827453557,30.694309401528123],[-81.45076042431867,30.694158467338443],[-81.45069932340662,30.694054819840805],[-81.45064634174656,30.693958471876826],[-81.4506173736462,30.693898328566544],[-81.45061874492977,30.693841111676274],[-81.450688571199,30.693811351385065],[-81.45079634169358,30.69381327377354],[-81.45084842407513,30.693716415631307],[-81.45086344031873,30.693666596851312],[-81.4509116735919,30.693614986251525],[-81.45101460242164,30.693588201451085],[-81.45102438262359,30.693558796993056],[-81.45101349533957,30.693494914388133],[-81.45096495890358,30.693472891028012],[-81.45078589302015,30.693553904907102],[-81.45070724414823,30.693608954563626],[-81.4506283286374,30.69367194380141],[-81.45054060828384,30.69375624098362],[-81.4504724027074,30.69383373154031],[-81.45049999936083,30.693951091768447],[-81.45051457950994,30.69403482870079],[-81.45041925496479,30.694090369502423],[-81.4502684701177,30.694037592774244],[-81.45007635121848,30.693979308879722],[-81.45002708623844,30.693972507411253],[-81.44992908326971,30.693952830917482],[-81.4498891970574,30.69400220494605],[-81.44988449075572,30.69409457073338],[-81.44988397594908,30.694104669381495],[-81.44991755626482,30.694203056670336],[-81.44993552818076,30.69426061872566],[-81.4499419888134,30.694337056141748],[-81.44991517498978,30.69441766934727],[-81.44982876801404,30.694447133418453],[-81.44975168037895,30.694433832700096],[-81.44965559210569,30.694405882522698],[-81.44963619411332,30.694397259344075],[-81.4495270286159,30.69434873203228],[-81.44946196591269,30.69429509902542],[-81.44944376560106,30.69424707275789],[-81.4494586110776,30.6942044066677],[-81.4495494017641,30.694222722507213],[-81.44960196261393,30.69422127529535],[-81.44962267801054,30.694164403599373],[-81.44961863713071,30.694102319699386],[-81.44965732731998,30.6940644871529],[-81.44961482749694,30.694083714524133],[-81.44960371338743,30.694066280673248],[-81.44958597444764,30.694038449488378],[-81.44948660197261,30.69388253813646],[-81.44946423260315,30.693886940882514],[-81.44944955865145,30.69392245530339],[-81.4494140879835,30.693960578721722],[-81.44938976591835,30.693966107660053],[-81.449378740558,30.69397194782345],[-81.44926351834815,30.693924257829256],[-81.44919153198428,30.693913055358465],[-81.4491423314622,30.69390539926879],[-81.44904245122042,30.693920312022513],[-81.4488800435851,30.693891177527803],[-81.44877894362978,30.6938416713328],[-81.44877427429923,30.693805811672384],[-81.44882786413777,30.693761452094066],[-81.44889395535256,30.69377217271512],[-81.44896346103737,30.69370661050285],[-81.44890308441015,30.693622076651586],[-81.44880844447626,30.693649007910572],[-81.44874052359738,30.69371457760423],[-81.44867782445274,30.693741391180716],[-81.44861203740207,30.69376952519898],[-81.44855701893603,30.69387348577106],[-81.44847747190373,30.693962697164594],[-81.44836952972707,30.693967925587113],[-81.44830614476066,30.693959638250476],[-81.44827753951935,30.69399967423418],[-81.44818768262209,30.694057696399085],[-81.44805359438698,30.694000445027346],[-81.4479974512481,30.69392073604285],[-81.4479855794241,30.693839431494307],[-81.44804745907898,30.693795220233092],[-81.44812004954163,30.693765510544672],[-81.44816862734021,30.69369959665189],[-81.44828603231272,30.69366183945446],[-81.44870126265164,30.693572972827923],[-81.4488136094174,30.69354892773564],[-81.44906804509326,30.693429445999527],[-81.44916726934487,30.69338152257335],[-81.44899849524366,30.693116720602116],[-81.4489937868008,30.693109328595153],[-81.44897899959234,30.693086127541992],[-81.44854802139453,30.692978356134965],[-81.44850537550106,30.692987608837594],[-81.44830386484989,30.69301749854217],[-81.44804883814773,30.69304633589759],[-81.44780002571855,30.693046663106717],[-81.44762938651026,30.693014994970092],[-81.44744544590748,30.692961623098444],[-81.44733007240735,30.692930941693007],[-81.44670088718053,30.692826684274976],[-81.44639317048576,30.69274724931469],[-81.4462062957746,30.69270097903062],[-81.44625245524699,30.692620712279613],[-81.44627047310934,30.692610939939605],[-81.4464609285685,30.69245646159956],[-81.445926239887,30.692322762512028],[-81.44591287822803,30.69231942096478],[-81.44589439602417,30.69233526065259],[-81.4458404049758,30.692396307461074],[-81.44582268033757,30.69244369209283],[-81.44574462148935,30.692470917637888],[-81.44573591467177,30.692372974887963],[-81.4456621077522,30.692338264634248],[-81.4454862296375,30.692294575158588],[-81.44537120199132,30.692249588013297],[-81.4452083885257,30.69217989537075],[-81.44509728478057,30.692201759404437],[-81.44505049473237,30.692308250860187],[-81.44501072138151,30.692352856002444],[-81.44494607679194,30.692397016475248],[-81.44484867452275,30.692423895699196],[-81.4447321580335,30.692440893171614],[-81.44459140133371,30.69243122074214],[-81.44445882050711,30.692426464787697],[-81.44426866821874,30.692401599303377],[-81.4441443767997,30.692396991298427],[-81.44402612786764,30.69237102619938],[-81.44399422863506,30.69231798383874],[-81.4438868607896,30.692299367952415],[-81.44373636919144,30.692234665317393],[-81.44366584107357,30.692178546715752],[-81.4435254296096,30.692154569970732],[-81.44345167981844,30.69211747438145],[-81.44338725179394,30.692037615410634],[-81.44336617657261,30.691994306475046],[-81.4433858569287,30.691923106875684],[-81.44344561845185,30.691967106975277],[-81.44358918076462,30.691859962853297],[-81.44371613595871,30.69177008787211],[-81.44356889019441,30.691733265119787],[-81.4433688123199,30.691683229399292],[-81.4433278023769,30.69169310295994],[-81.44314571175657,30.691677920111513],[-81.44297318501127,30.691724918993984],[-81.44285287396447,30.691784778024804],[-81.44263630675874,30.691823833755826],[-81.4425021096842,30.69177134563337],[-81.44251183192644,30.69171189307619],[-81.442475668766,30.691606304059107],[-81.44240094528948,30.691609736298236],[-81.44231678605419,30.6916607019406],[-81.4422907123206,30.691710321013694],[-81.44238391917216,30.69174299500782],[-81.44242168824663,30.691781832435897],[-81.44226090164939,30.691800419904492],[-81.44204323324786,30.691770288557827],[-81.4419582021565,30.691742531094942],[-81.44175445342772,30.69159339536684],[-81.4416551364041,30.69146997916076],[-81.44150338589114,30.69145772165434],[-81.44144628527933,30.691533021464405],[-81.4413308532823,30.691447478011654],[-81.44120921184602,30.691447685292776],[-81.44110323243726,30.691486333502407],[-81.44098389557927,30.691505662605348],[-81.44088528870917,30.691582603270284],[-81.44079364142077,30.691600042850133],[-81.4407345028854,30.691415333731616],[-81.44060043108637,30.691472559231382],[-81.44051747570768,30.691473458753432],[-81.44049472923733,30.691384804146217],[-81.44051472261745,30.691282519037166],[-81.44050468929657,30.691291629566297],[-81.44040036174778,30.691312296998188],[-81.44034926940776,30.691128840626398],[-81.44036943168386,30.69091511017093],[-81.44038576571417,30.690899425636626],[-81.44033021330875,30.69086906989943],[-81.44033700221688,30.690816719685156],[-81.4404848309897,30.69076212606712],[-81.44050993403246,30.69075873824042],[-81.44079885698697,30.69069381310514],[-81.44082723472124,30.690663315428424],[-81.4406558557497,30.690662631529584],[-81.44052329811598,30.690572502525942],[-81.44034156516749,30.690454749668348],[-81.44021197013105,30.69032602069297],[-81.44015790980592,30.690274965764896],[-81.44022266879193,30.690226039156574],[-81.44028537667353,30.69022965393927],[-81.44046284126946,30.69023988173692],[-81.44062308052287,30.690201055582133],[-81.44064244680027,30.690193565316367],[-81.44051855153221,30.69001497203976],[-81.44044141523327,30.68990378010038],[-81.44040043325006,30.689904735380367],[-81.440382276318,30.68991168567599],[-81.4401262233019,30.68998342131394],[-81.4399209981993,30.69001075087886],[-81.43980114639821,30.690051534755465],[-81.43971398505042,30.68999750145237],[-81.43972266769738,30.689866478907597],[-81.43972421691346,30.689802110670477],[-81.43972765259649,30.68975668929291],[-81.4397269711117,30.689687676554584],[-81.43969236879532,30.689632200559334],[-81.4396643352908,30.68964839383627],[-81.43957303376072,30.689651528457226],[-81.43943653663332,30.6895799155318],[-81.43936957933045,30.689490468689865],[-81.4392623971629,30.689348748747047],[-81.43914700382815,30.689205043562275],[-81.43906824243838,30.689032020166575],[-81.43903582685422,30.68888664594449],[-81.43907953398613,30.688725733943937],[-81.4391760070298,30.68862436089354],[-81.43923775958899,30.688473350012135],[-81.43928515834442,30.688420392596377],[-81.43930110336238,30.688391561908894],[-81.43930167725132,30.68836772108134],[-81.43928866386527,30.68833409778522],[-81.43928106348689,30.68830534098449],[-81.43925970371673,30.688273952428602],[-81.43922729157684,30.688242365820155],[-81.43917812820607,30.68821763373179],[-81.43916022800153,30.688254117717687],[-81.43898747955525,30.68831017427627],[-81.43876493210377,30.688368196574565],[-81.43872924011012,30.688358016976874],[-81.4387539863421,30.6882487475442],[-81.43871431750198,30.688174099842026],[-81.43876810199966,30.688135168026278],[-81.43878183920481,30.68812522439231],[-81.43876145644847,30.68805330756233],[-81.43873311377595,30.688028760980682],[-81.4386883425686,30.6879899855405],[-81.4385857030649,30.68800484139286],[-81.43849509179896,30.687979366159887],[-81.43842116765303,30.687834938063006],[-81.43834966733287,30.68768726855453],[-81.43828380480416,30.687684602354317],[-81.43819273458077,30.687678199404154],[-81.43819388280401,30.68763051958609],[-81.43828656047513,30.6875701693499],[-81.4383254525162,30.68752059883429],[-81.43834930164961,30.687490201735315],[-81.43833738048224,30.687411281851873],[-81.4383780169526,30.687330917994174],[-81.43834900018011,30.687273156668958],[-81.43829778255223,30.687261128356596],[-81.43825004218884,30.68724991686213],[-81.4383013325721,30.687172583543557],[-81.4383514113219,30.687173027819494],[-81.43837476077013,30.687136520850476],[-81.43836259169964,30.687110156566643],[-81.43830013779679,30.68697485019863],[-81.43827365623491,30.687010048909872],[-81.43817921912527,30.686976751647123],[-81.4381422570677,30.686904537564995],[-81.43812158791593,30.68684454065702],[-81.43806085543088,30.68684106668075],[-81.43798521648647,30.686882641511097],[-81.43795830820461,30.68682675504749],[-81.43784380058955,30.6868668270629]],[[-81.44805556628246,30.694908687647743],[-81.44804268553635,30.6947081117804],[-81.44816707930752,30.69468552896004],[-81.44833301781121,30.694682767669264],[-81.4484096136469,30.694716571729444],[-81.44855114353005,30.694717190184694],[-81.44865568680318,30.69469234420104],[-81.44872513323331,30.69465542242284],[-81.4488379237892,30.694655528445697],[-81.44903164095209,30.694693331200657],[-81.4491702737396,30.694722518032393],[-81.4492741308648,30.694726280052663],[-81.44936922825232,30.694722225228293],[-81.44947913003453,30.694754743624987],[-81.4495883388803,30.694812025632903],[-81.44956449396106,30.69488410648112],[-81.4494154171646,30.69492151498264],[-81.44929838717249,30.694913702169224],[-81.44917067000567,30.69489043353152],[-81.44898879863808,30.69491199217265],[-81.44881811856307,30.69492802621976],[-81.44879401405335,30.69510313597753],[-81.44853306052784,30.695102294091644],[-81.44846686190172,30.695003801807278],[-81.44843562303399,30.694923105189446],[-81.4481416926543,30.694914041326115],[-81.44805556628246,30.694908687647743]]]},"properties":{"OBJECTID":6893,"UNIT_ID":"S00027","SITE_NAME":"Fort Clinch State Park","ACREAGE":117.62,"EC_TYPE":"Maritime Hammock","EC_CODE":"MAH","DFC_CODE":"MAH","DFC_TYPE":"Maritime Hammock","SHAPE.AREA":475985.633256725,"SHAPE.LEN":5789.052969836471}},{"type":"Feature","id":8335,"geometry":{"type":"Polygon","coordinates":[[[-81.43740868444668,30.680698026453275],[-81.43713410237513,30.680704057164938],[-81.4370377580676,30.68071461209837],[-81.43692540099694,30.680788918370247],[-81.43689046457925,30.680862228068797],[-81.43685702764603,30.680988035210103],[-81.43684966327588,30.681064224656897],[-81.43687205987489,30.681167183207698],[-81.4370287471844,30.681203384443883],[-81.43710950677654,30.681178597625635],[-81.43724787060941,30.68113452197826],[-81.43725914610364,30.68114889019882],[-81.43728247115021,30.68113525879239],[-81.43747793544588,30.681021019974178],[-81.43740868444668,30.680698026453275]]]},"properties":{"OBJECTID":8335,"UNIT_ID":"S00027","SITE_NAME":"Fort Clinch State Park","ACREAGE":0.64,"EC_TYPE":"Maritime Hammock","EC_CODE":"MAH","DFC_CODE":"MAH","DFC_TYPE":"Maritime Hammock","SHAPE.AREA":2602.7694817250003,"SHAPE.LEN":193.900491494816}},{"type":"Feature","id":8398,"geometry":{"type":"Polygon","coordinates":[[[-81.43524836811198,30.69248325049528],[-81.43561841291387,30.69248731198773],[-81.43572889825379,30.69249120192562],[-81.43596649568748,30.692497373307955],[-81.43598231525289,30.692483346774257],[-81.43594049080622,30.692337584458592],[-81.43592331496625,30.69230393293864],[-81.43576810822961,30.691999199227677],[-81.43556509564769,30.69161346960333],[-81.43543524678589,30.691357845863717],[-81.4353445017667,30.691200234155787],[-81.43531036880792,30.69103362069742],[-81.43528856940766,30.690905867871166],[-81.43526307378906,30.690793788742063],[-81.43516331105982,30.69052868803797],[-81.43500593246345,30.69017669028336],[-81.43497781412906,30.690104633921496],[-81.43480793112752,30.68972092887077],[-81.43475494187612,30.689579736465515],[-81.43472627028265,30.689461877096964],[-81.43475870002733,30.689355131314937],[-81.43483047146529,30.689267695594275],[-81.43494752460786,30.689159606678892],[-81.43517531085159,30.688999125878585],[-81.43550474395879,30.68875031339463],[-81.43556066156968,30.688701231173653],[-81.43559519917976,30.68864460966959],[-81.43557543990704,30.68856984144501],[-81.43550121042468,30.68848407807538],[-81.4353590375584,30.688326974357953],[-81.43526812383756,30.68817651549319],[-81.4351605593452,30.68795993030581],[-81.43506201045108,30.68778214426666],[-81.43497164948455,30.687608797785742],[-81.43487548396331,30.687401003240687],[-81.43484788018388,30.687364489052253],[-81.43473380209294,30.687188411763582],[-81.43470075987155,30.68714259896381],[-81.43462586123877,30.687054239672534],[-81.43458094469794,30.68697395549603],[-81.43453715225827,30.686879987854553],[-81.43453332966384,30.68677509030522],[-81.43453562539308,30.686679895685987],[-81.43451443944338,30.686603462982482],[-81.43450070876311,30.686448371399898],[-81.43450115378808,30.686396993030275],[-81.43446891943957,30.68625184654732],[-81.43442787093241,30.68610996818692],[-81.43442335564072,30.686066722771997],[-81.43440832121162,30.685998622519154],[-81.43439456141161,30.68594356278459],[-81.434378948052,30.68586654505494],[-81.434387776146,30.685763930877442],[-81.43441744114394,30.68571924295123],[-81.43446890217781,30.68565987342318],[-81.43450675185495,30.685572168087877],[-81.43451094785473,30.685431102075714],[-81.43451842148626,30.685384645563662],[-81.43452428925592,30.685305958252236],[-81.4345222531982,30.68522575886943],[-81.43451050916342,30.685152922105836],[-81.43449608785305,30.685092369813727],[-81.43448416414655,30.685059952881552],[-81.43443329442891,30.68496311880862],[-81.43439621769083,30.684887085975912],[-81.43433674789625,30.68475172789903],[-81.43431862260849,30.684680146753994],[-81.43428058614549,30.68461094847901],[-81.43424198646248,30.684499260873288],[-81.43421820455728,30.684398801664713],[-81.43416500314349,30.684266981556817],[-81.4341130761258,30.684181090776864],[-81.4340372692181,30.684031736583275],[-81.43396452885247,30.683909541756123],[-81.43396490108783,30.684049735014245],[-81.4340997608874,30.684311459647],[-81.43413872119943,30.684346503863214],[-81.4341442945595,30.68439048938033],[-81.43415138875054,30.684463121856343],[-81.43414319332139,30.684527848258284],[-81.43418316852686,30.684612520252028],[-81.43422839239815,30.684662940908222],[-81.43425109726493,30.684730129566912],[-81.43423866526096,30.684787148372337],[-81.43421499621715,30.684851596067233],[-81.43425994419046,30.6849134608927],[-81.43435232416608,30.68493420017808],[-81.43438313651535,30.685032063288833],[-81.43432810423094,30.685021534458187],[-81.43427178396583,30.685064408736284],[-81.43431908090504,30.685120590710582],[-81.43435974538639,30.685176654494455],[-81.4343207876292,30.68523319618416],[-81.43424245513242,30.685271858571934],[-81.43419635876651,30.68534926108216],[-81.43421745890022,30.685440581236442],[-81.43423861762435,30.685594797399684],[-81.43413448796088,30.685786117114414],[-81.43410612614643,30.686046801569255],[-81.43406574496827,30.686067000629567],[-81.43404548287202,30.686104797290774],[-81.43401221343072,30.686223452662897],[-81.43401895069977,30.68628797041952],[-81.43406704818251,30.686356807733393],[-81.43407171118483,30.686392667653852],[-81.4341334240189,30.686470097620376],[-81.43418834100149,30.6864853939525],[-81.43423082685088,30.68655770826211],[-81.43425961120182,30.68662500616183],[-81.4342722192254,30.686675319028147],[-81.43427682920857,30.68682804560324],[-81.43414108433393,30.687059854720165],[-81.43429203717076,30.687229007145717],[-81.43428760634856,30.68729809482523],[-81.43437430276512,30.68737120287779],[-81.43440867157248,30.68743621674273],[-81.43436742836674,30.687541610553215],[-81.4343882690617,30.687594456446984],[-81.43440623145945,30.687652020167416],[-81.43448768903507,30.687713109002164],[-81.4345078973872,30.68779217895147],[-81.43454345995022,30.68781918260643],[-81.43454327257335,30.68781547163252],[-81.43462058347218,30.687819244707615],[-81.43463491329678,30.68781550227414],[-81.43469591332325,30.687821202742565],[-81.43474625044203,30.687843094493168],[-81.43482633562571,30.68782354389936],[-81.43485834054809,30.687780232835234],[-81.43484839197049,30.687734261266794],[-81.43484756077406,30.687677005109084],[-81.43487100012527,30.687622092950093],[-81.43491138754942,30.687598013057773],[-81.43495440319892,30.687648393931976],[-81.43495164392024,30.68776282777988],[-81.43491641642913,30.687848057330143],[-81.4348687984114,30.687896811381094],[-81.43481855425932,30.687871105559847],[-81.43478079153458,30.687878059272403],[-81.4347468516138,30.68790988733937],[-81.4347239640371,30.68794191289711],[-81.4346657492987,30.68794782697616],[-81.43463116662822,30.687974591827057],[-81.43462393727376,30.688039594482195],[-81.43464764740064,30.688072546667197],[-81.43466866082306,30.6881182400296],[-81.43465369529632,30.688165671827594],[-81.43467148544991,30.688230388051643],[-81.4346870296973,30.688273598035074],[-81.43472433482516,30.688331508960573],[-81.43475336479254,30.68831352536391],[-81.43480039870357,30.688257158125605],[-81.43486956978333,30.688231687458728],[-81.43485239400137,30.68830197701329],[-81.43482913948108,30.688349260950094],[-81.4348366472694,30.68840472863904],[-81.43489513633398,30.688455388204265],[-81.43493571149021,30.68851526521629],[-81.43493437781504,30.688570575109352],[-81.43485866684722,30.68859211264376],[-81.43486419475218,30.688638004889835],[-81.43493350748848,30.688698398640078],[-81.43496330519227,30.68874663485081],[-81.43498020854678,30.688779374674645],[-81.43502464923903,30.688770632416247],[-81.43502156210918,30.68871524316747],[-81.43506397582043,30.688698832045297],[-81.43517224732626,30.68870268364012],[-81.43522949252255,30.688713250953334],[-81.43528443484874,30.68872759360055],[-81.43523911946853,30.688772573351304],[-81.4351838552304,30.688771581508192],[-81.4351553486193,30.688761529970556],[-81.43512265014667,30.688741862377793],[-81.43509589356721,30.68875092206343],[-81.43507724272744,30.688790656212134],[-81.43500563152357,30.68882562401382],[-81.43492803141064,30.688833771083846],[-81.4348960721961,30.688875174680163],[-81.43487318443492,30.68890720118613],[-81.43485321281786,30.68890534090645],[-81.43482243393849,30.688902473537343],[-81.43481501707377,30.68884319077266],[-81.43479253734701,30.688827619669752],[-81.43474786921523,30.68878474416287],[-81.4347641253009,30.688752599539953],[-81.43479819177463,30.68873702483115],[-81.4348440272204,30.688740677190903],[-81.43488676394543,30.68871091531899],[-81.43486953869659,30.6886915263063],[-81.4348279068077,30.68867551407827],[-81.43479044560937,30.688645558449085],[-81.43478458302154,30.688576328286807],[-81.43473248781092,30.688566583404466],[-81.43464492778556,30.688529236269574],[-81.43446722064033,30.688561821434277],[-81.4343991216897,30.688634535673966],[-81.43439624680757,30.68875373703828],[-81.43441110103083,30.688825556227684],[-81.43445347298793,30.688902638041224],[-81.43452825127338,30.688896825773384],[-81.4345543890902,30.688959306699978],[-81.43458058339054,30.689019403433864],[-81.43468483797467,30.689052280791813],[-81.43474377792245,30.689098942542877],[-81.43474215971624,30.689106602759495],[-81.43458476869209,30.689294866926048],[-81.43451925919561,30.68937478336971],[-81.43443647914576,30.689492635052975],[-81.434404472982,30.68955884259712],[-81.43440810232325,30.689637615024743],[-81.43441247916553,30.68968539410548],[-81.4344476537083,30.689717031449973],[-81.43444333788497,30.689781350916892],[-81.43452715803805,30.689859177750847],[-81.43453651447841,30.689929704782582],[-81.43456881074377,30.689966060842515],[-81.43464566432411,30.689988905517552],[-81.43473322552933,30.69002625359409],[-81.43475164740967,30.690064744866387],[-81.4347093371346,30.690099761667035],[-81.43474687289127,30.6901481359696],[-81.4347680006874,30.69018906192264],[-81.43471100820032,30.690145107877417],[-81.43461763263608,30.690119580540422],[-81.43460865354815,30.69014804002685],[-81.43452017234362,30.690148836853744],[-81.43445857562538,30.690181122148175],[-81.43451568407048,30.690220307965504],[-81.43454285607251,30.690239876503252],[-81.43456116396875,30.69028313617377],[-81.43451937101584,30.690296696255174],[-81.43450492256913,30.690322672347556],[-81.43452006458132,30.690382570737906],[-81.43448903563701,30.690408250080058],[-81.43441402630212,30.690423598131186],[-81.4343508734593,30.690405769713383],[-81.43430620203401,30.690424047570115],[-81.4342884725873,30.69047143070077],[-81.43430977382792,30.690505204226252],[-81.43438132985831,30.690518414011123],[-81.43442128052872,30.690466659383368],[-81.4344828774019,30.690434374999104],[-81.43453227070175,30.690449572045168],[-81.43459611246301,30.69043879297144],[-81.43460659013456,30.690462831324872],[-81.43463554929272,30.690522977742248],[-81.43470163708695,30.690533703998394],[-81.43470129213682,30.690548008146703],[-81.43469496041492,30.690581285583836],[-81.43470515064655,30.690617244807683],[-81.43469081719286,30.690638452574937],[-81.43468690392746,30.69068608376886],[-81.43474182421023,30.690701379955616],[-81.43475195804098,30.690739722472394],[-81.43470728547828,30.690758001341354],[-81.43464269612247,30.690799772944253],[-81.43460112975075,30.690820826280618],[-81.43460023531986,30.69085791435449],[-81.43459514408354,30.691027953355885],[-81.43464247259048,30.69103827527607],[-81.43470884920521,30.69103708157396],[-81.43478846595094,30.691059976677664],[-81.43491333028916,30.691040751955754],[-81.434955870809,30.69099619926761],[-81.43497883944933,30.69096083611335],[-81.43502829055265,30.690973648818222],[-81.43503531617917,30.6910262458784],[-81.43503376408668,30.691090615025164],[-81.43507089688458,30.691155678492883],[-81.43501557498767,30.69115706987673],[-81.4349581209381,30.691132188386707],[-81.43489940219638,30.691159755142785],[-81.43485835629654,30.691142322845298],[-81.43482387495466,30.691196561002908],[-81.43483590890352,30.69127071395309],[-81.43488098704142,30.691350229542017],[-81.43491564487698,30.691403323498484],[-81.43495013029816,30.69146356907755],[-81.43497632543865,30.691523665852472],[-81.43499187029099,30.691566875910024],[-81.4349257818475,30.6915561488787],[-81.43490656574122,30.691600280090793],[-81.43489829179012,30.69165677713666],[-81.43491671707937,30.691752509900592],[-81.43494615152501,30.691821608918726],[-81.43505644799069,30.691984228700207],[-81.43511171389639,30.69198522059504],[-81.43517578646227,30.69196490453937],[-81.43523462054502,30.69193256929778],[-81.43531728891499,30.691943593729814],[-81.43537192255398,30.691970809676466],[-81.43540519353392,30.691954595794964],[-81.43544153817169,30.692061734175198],[-81.43544113720507,30.692078365753613],[-81.43537169614153,30.69209482838846],[-81.43535845468206,30.69207074046931],[-81.43536547601649,30.692008854633574],[-81.4353355399374,30.691989237534486],[-81.43525269907889,30.691985365645742],[-81.43520704890322,30.692044173007297],[-81.43515679254318,30.692064736139795],[-81.43507303298678,30.692059097063655],[-81.43500112873235,30.69210010388294],[-81.43496964056983,30.692144855002425],[-81.43497390278726,30.692197402512296],[-81.43501097844556,30.69226485022802],[-81.43507908352136,30.692306618436813],[-81.4351614647795,30.69232956205127],[-81.43522795714125,30.69232360065137],[-81.43524033638293,30.69238344946102],[-81.43524876776439,30.692456100886403],[-81.43524836811198,30.69248325049528]]]},"properties":{"OBJECTID":8398,"UNIT_ID":"S00027","SITE_NAME":"Fort Clinch State Park","ACREAGE":9.61,"EC_TYPE":"Maritime Hammock","EC_CODE":"MAH","DFC_CODE":"MAH","DFC_TYPE":"Maritime Hammock","SHAPE.AREA":38884.13968286,"SHAPE.LEN":2867.4618180131}},{"type":"Feature","id":8402,"geometry":{"type":"Polygon","coordinates":[[[-81.43502042316797,30.694904205795446],[-81.43507897472534,30.694925212763664],[-81.43513430120169,30.694963536215074],[-81.43527747398262,30.694901499321844],[-81.43554810513378,30.694776130825524],[-81.43587115977795,30.694677937969615],[-81.43598632062726,30.694625624660258],[-81.43635649919861,30.69452403579568],[-81.43634239115492,30.694335847561874],[-81.43630620098952,30.69404803621466],[-81.43629500547925,30.69396197313641],[-81.43631148888782,30.693874498241524],[-81.43634614269818,30.69381310797206],[-81.43643658711886,30.693639190140637],[-81.4365476146686,30.693391226675],[-81.43658986531253,30.693289903615998],[-81.43665288494508,30.693152699855634],[-81.43667424949724,30.693046232647877],[-81.43666949994748,30.692922123719576],[-81.43666323076023,30.692815159977705],[-81.43667190588646,30.692684614896464],[-81.43666346974166,30.692529910814233],[-81.4366487283644,30.69245332420103],[-81.43662970588896,30.692416730698817],[-81.43660439818194,30.692411506338228],[-81.43648401289477,30.692451324286086],[-81.43632411371492,30.692524778162642],[-81.43625809526904,30.69255698408286],[-81.43618079235763,30.692552735224393],[-81.43602033677384,30.692557489066516],[-81.43562684350118,30.69255042884664],[-81.4352474955334,30.692542495502686],[-81.43516467368943,30.692540763928903],[-81.4351425612777,30.69254030126997],[-81.43524739428406,30.692549338319857],[-81.43531872294155,30.692572083488532],[-81.43537928514226,30.69258271026171],[-81.43540591290662,30.69262492748749],[-81.43530349840488,30.692630244318973],[-81.43524213040328,30.692652994196784],[-81.43521058471515,30.692700128666008],[-81.4352362054837,30.692784066339406],[-81.43529360300708,30.692811331927928],[-81.43523488342554,30.69283889885676],[-81.43525019865966,30.69289164474544],[-81.43528577687444,30.692906593605514],[-81.43531841917445,30.692928645402148],[-81.43537247852558,30.692979702262907],[-81.4354092109122,30.69306145320993],[-81.4354569387599,30.693145786675704],[-81.43547225412662,30.69319853345388],[-81.4354796120481,30.69321564952964],[-81.43547608396189,30.6932291556025],[-81.43542322701052,30.693351107686563],[-81.43536025986748,30.693371825936758],[-81.43530136858803,30.69340654546423],[-81.43532773685388,30.693459489721697],[-81.43534880911481,30.693502798989332],[-81.43532077288485,30.69351899144291],[-81.4352938872986,30.69348750300342],[-81.435265909593,30.693501311284315],[-81.43527057331256,30.69353717135881],[-81.43529757491602,30.69356389146141],[-81.43531348653394,30.693590043851447],[-81.43528444943277,30.69364770354391],[-81.43527824237964,30.69365804255502],[-81.43525607325053,30.693631711154577],[-81.43519184300034,30.693618181667862],[-81.43514264745313,30.693576041621558],[-81.43505830295813,30.693603408223858],[-81.4350571097247,30.693652893937564],[-81.43503953418283,30.693687646349115],[-81.43504317089574,30.69373515625566],[-81.4350300275369,30.693784428398004],[-81.43498422003869,30.693800108926936],[-81.43493791532951,30.693836408191103],[-81.4348857352392,30.69388185437647],[-81.43483409815444,30.69395963506663],[-81.43485761792769,30.694038971180305],[-81.4349013134652,30.694061221479917],[-81.43487264568061,30.694103638064032],[-81.43483591730447,30.694136370012092],[-81.43477466334708,30.694154350451104],[-81.43473941115107,30.694235095295507],[-81.43472163753972,30.694278095925224],[-81.43469674272549,30.69431890532965],[-81.43471048579184,30.694343905596657],[-81.43477929778177,30.694365769334244],[-81.43479548124903,30.69438875089951],[-81.43483596531497,30.694400026222368],[-81.43486673368173,30.694408594999892],[-81.43489083184664,30.694400776638787],[-81.43494854127714,30.69441202035587],[-81.43491495384545,30.694502114239487],[-81.43487104082998,30.694491214592645],[-81.43484167906473,30.694447756434215],[-81.43476482224303,30.694424910886656],[-81.43471704070318,30.694457444415143],[-81.43477599412265,30.69453482495174],[-81.43477409689027,30.694613497557587],[-81.43479747273429,30.694675929105642],[-81.43484876920017,30.69472693662863],[-81.43489263749828,30.694742034394952],[-81.43494260775674,30.694733390424204],[-81.43501393779168,30.694756136683612],[-81.43501468927603,30.694839627270238],[-81.43502042316797,30.694904205795446]]]},"properties":{"OBJECTID":8402,"UNIT_ID":"S00027","SITE_NAME":"Fort Clinch State Park","ACREAGE":8.05,"EC_TYPE":"Maritime Hammock","EC_CODE":"MAH","DFC_CODE":"MAH","DFC_TYPE":"Maritime Hammock","SHAPE.AREA":32569.466286795,"SHAPE.LEN":974.874667527442}},{"type":"Feature","id":8474,"geometry":{"type":"Polygon","coordinates":[[[-81.4541681740978,30.702221225668765],[-81.45473797031204,30.702343665086246],[-81.45516909637608,30.70252425980211],[-81.45571639136763,30.70276058601627],[-81.45621917600185,30.702835124562302],[-81.45669746020783,30.702778047250533],[-81.45702289258492,30.70275402441608],[-81.45733436468736,30.70273571463547],[-81.45755352736622,30.70253092023851],[-81.45779747645926,30.702445819274388],[-81.4581922457697,30.702267996881044],[-81.4586949557235,30.70205631719559],[-81.45899773372562,30.70182319317394],[-81.45925172040648,30.701607089445147],[-81.4598760803395,30.701510858909476],[-81.4600723740349,30.701395093828097],[-81.46014318413448,30.701280157192773],[-81.46014959371745,30.701215785526422],[-81.46016939880408,30.70112596351455],[-81.46021585811762,30.700986546369815],[-81.46023822040961,30.700930799242627],[-81.4601110477523,30.70090170697475],[-81.459612047135,30.70095842721961],[-81.45939645064637,30.701014221703076],[-81.45922166561381,30.70109757372215],[-81.45906550448426,30.701124610909087],[-81.45895346874028,30.701185226920437],[-81.45892765046557,30.70125333880852],[-81.45896027247963,30.701334414907446],[-81.45893431177788,30.7014084873149],[-81.45879232465836,30.70142086906699],[-81.4586791116904,30.701386061583587],[-81.45861030799647,30.70137291297946],[-81.45851069902753,30.701347290473024],[-81.45834036380161,30.70138898199018],[-81.45817341239132,30.70143371455873],[-81.45802373247797,30.70147875322084],[-81.45769018512098,30.701553316606706],[-81.4573063240774,30.701727576138985],[-81.45725313375608,30.70175525065393],[-81.45670872787258,30.701802805722988],[-81.45631933791375,30.70184238513079],[-81.45576142725756,30.701876578455398],[-81.45498744740254,30.701928387434453],[-81.45444755606256,30.701960511295063],[-81.45415941304063,30.701972215262966],[-81.4541681740978,30.702221225668765]]]},"properties":{"OBJECTID":8474,"UNIT_ID":"S00027","SITE_NAME":"Fort Clinch State Park","ACREAGE":11.5,"EC_TYPE":"Maritime Hammock","EC_CODE":"MAH","DFC_CODE":"MAH","DFC_TYPE":"Maritime Hammock","SHAPE.AREA":46552.65590257,"SHAPE.LEN":1331.38095856079}},{"type":"Feature","id":8475,"geometry":{"type":"Polygon","coordinates":[[[-81.43858000810413,30.698490504147383],[-81.43857776721197,30.69848445496269],[-81.43840610384117,30.6981356206051],[-81.43831587923792,30.697978973213594],[-81.43825219793173,30.697868118911973],[-81.43823181264403,30.69779620055763],[-81.43824931187626,30.697758353432835],[-81.43831943124538,30.697716679051045],[-81.43839698018337,30.69771091337326],[-81.4385061965086,30.69776772820092],[-81.4386011377615,30.697843367051593],[-81.43865019064663,30.6978728669965],[-81.43871115804198,30.697866803973724],[-81.43877547739253,30.69783822164795],[-81.43884529527756,30.697807195761243],[-81.43888783787924,30.69776264259484],[-81.43884522959848,30.697695096535796],[-81.43877089639238,30.69756735598368],[-81.43868764113711,30.69746569019649],[-81.43865712697664,30.697435190186777],[-81.43861475045595,30.69739283183263],[-81.43852729767424,30.697350718468496],[-81.43842291893927,30.697322612084577],[-81.4383155470179,30.697303991942796],[-81.43824196771082,30.697259741856758],[-81.4381584260947,30.697169996726213],[-81.4381110388347,30.69707135877781],[-81.43801246737814,30.696916947791845],[-81.43792271103638,30.696855711932006],[-81.43783830864633,30.696801726750156],[-81.43769650604253,30.696720477740165],[-81.43764255854067,30.696664653239825],[-81.43763063686956,30.6965857327509],[-81.43764507844426,30.696445272011747],[-81.43763798782966,30.69628057487617],[-81.43765421661097,30.696180693080052],[-81.43768035103422,30.69612869049903],[-81.43770924796863,30.69607673654255],[-81.4377595057306,30.69605617245024],[-81.43785127221051,30.69603396638506],[-81.43790981955405,30.69601355085418],[-81.43796065252228,30.6959691457521],[-81.4379620306396,30.695911928894],[-81.43794538564427,30.695799531693226],[-81.43790772434475,30.69564144225707],[-81.43786165873665,30.69548797168592],[-81.43783033587796,30.6954110877773],[-81.43778755796863,30.69535069409632],[-81.4377109869709,30.695315930995704],[-81.43758881732873,30.69522310785555],[-81.43750499070981,30.69514528250197],[-81.43744321399772,30.69507023768735],[-81.43740492866063,30.695052855602995],[-81.43728644868406,30.69503642071137],[-81.43715898992482,30.69504844547363],[-81.43697298203865,30.695080886142325],[-81.43680125129312,30.695094501822265],[-81.43668524765171,30.69509003601473],[-81.43653896215723,30.695080256521173],[-81.43643677516222,30.695076038340346],[-81.43628133722035,30.695101870822917],[-81.43616435673137,30.695137933914577],[-81.43606240377677,30.695238662805885],[-81.4359815820336,30.695380316702586],[-81.43589776664625,30.695531457724286],[-81.435791154038,30.695710810475784],[-81.43572909964706,30.69587665137684],[-81.43573244670911,30.696081827417775],[-81.43575387435105,30.696339799967514],[-81.43576188160566,30.69646635202956],[-81.43572832346057,30.696596929659957],[-81.43566442549124,30.696724576797017],[-81.43558958801171,30.696847257193244],[-81.43553983932502,30.69691358963281],[-81.43549341699963,30.69700434324603],[-81.43547027726379,30.69709265255887],[-81.43546733294224,30.697168922211354],[-81.43549814881636,30.697266785966438],[-81.43554830958219,30.69738789349893],[-81.43564358550887,30.69756419100071],[-81.43573565750631,30.697644072973695],[-81.43593375492708,30.697775467155353],[-81.43610486141105,30.697879664385287],[-81.43614714347146,30.697914767902635],[-81.43625980698812,30.698057985681757],[-81.43638926198672,30.698284504113886],[-81.43643136228403,30.698373030163708],[-81.43653242250758,30.698584729658933],[-81.43662680295577,30.69875242339867],[-81.43670436814497,30.698837769667108],[-81.43680427635894,30.699005562454648],[-81.43683145929583,30.699036495342845],[-81.43692679127442,30.699009840185372],[-81.4370181228321,30.6989828572158],[-81.4371100966451,30.698929173212818],[-81.43736350365728,30.698876475492014],[-81.43744169489125,30.69884187471832],[-81.43744707176488,30.698860707639895],[-81.43746623051132,30.69883505891997],[-81.43746466267568,30.69880831741773],[-81.43743764875792,30.698782074295217],[-81.43743492991963,30.69875722141418],[-81.4374554700748,30.69873087631172],[-81.43745433873765,30.69868601640386],[-81.43743635098157,30.698652303498417],[-81.4373898497229,30.698615300181043],[-81.43735888052746,30.698608936881296],[-81.43734531400841,30.69857530234011],[-81.43734807650917,30.698552455200787],[-81.43733319819617,30.698527383390335],[-81.43730438682667,30.69848393551229],[-81.43729155879869,30.698465579259246],[-81.43728140139307,30.698428190033045],[-81.43728874590944,30.69839874626217],[-81.43727748243711,30.69836133720429],[-81.43725443960186,30.698307975915817],[-81.43724727566763,30.69828399615773],[-81.43727758033752,30.698265459608468],[-81.43728609984201,30.698233174827187],[-81.4372954380048,30.698201866566112],[-81.43730053608694,30.698184778269205],[-81.43730073959125,30.698130402335696],[-81.43730306334498,30.698079880233422],[-81.43728212723283,30.69803084940978],[-81.43725732360943,30.698004645897925],[-81.43725803583872,30.697975084112574],[-81.4372655641181,30.697938012028597],[-81.43723942574752,30.697921324556493],[-81.43722941557596,30.697831942727728],[-81.4372127168725,30.6977906204064],[-81.43719694045727,30.697756946241608],[-81.43720665684272,30.697720868032306],[-81.4372290173524,30.69771077439521],[-81.4372775380995,30.697716414887996],[-81.43733782548682,30.69769269090118],[-81.43735859624167,30.697656809998545],[-81.43734776933128,30.697601282574837],[-81.43732879167318,30.69756278059108],[-81.43731732150263,30.69753395409816],[-81.43730939718584,30.697495651214044],[-81.43728917669031,30.697462851105485],[-81.4372819678706,30.697440779815135],[-81.43730863455745,30.697435533821544],[-81.43737534947732,30.697466304632883],[-81.4374312867798,30.69748543383945],[-81.43746619715506,30.69745934732978],[-81.4374780545638,30.697426168681293],[-81.43746653841356,30.697399249734232],[-81.43744599625097,30.697379800564185],[-81.43739925838187,30.697346049045134],[-81.43737998207249,30.697319944673964],[-81.43732667070574,30.697329482447255],[-81.43728363031417,30.69732584859535],[-81.43727918400911,30.697280929289946],[-81.43726596228997,30.69723299144909],[-81.4372513609284,30.697196476292685],[-81.43724988506473,30.697165920661295],[-81.43727606699285,30.697134907253467],[-81.43727240301313,30.69710335866096],[-81.43727442806815,30.697065234194117],[-81.43727771793246,30.69702045361868],[-81.43727292701742,30.696989838547644],[-81.43724722540105,30.696955032705585],[-81.43720427705891,30.696947584671527],[-81.43713788850079,30.69699504954539],[-81.43708897643502,30.69700562074357],[-81.4370410796374,30.69695263227333],[-81.43702542549786,30.696935313373643],[-81.4370112827477,30.696879726486213],[-81.43693604675596,30.69683544601706],[-81.43688667109254,30.696773502187447],[-81.43682559775887,30.696738061899822],[-81.43673661504494,30.696713569345302],[-81.43668134666773,30.696712578075303],[-81.43665868562702,30.696689274986742],[-81.43667017354666,30.6966255615388],[-81.43668078821811,30.696598084845427],[-81.43675533255657,30.6966251805594],[-81.43689788314491,30.696721232093385],[-81.43695188775467,30.69677467178911],[-81.43699260404031,30.69682882778689],[-81.43702234195577,30.69684446566466],[-81.43703956085457,30.696853521154893],[-81.43706535430037,30.69688451197154],[-81.43710924677195,30.69689865576764],[-81.43715742138149,30.696872807210532],[-81.43718030912426,30.696840780127395],[-81.43720306002234,30.696814475650015],[-81.43725169628685,30.696815347792104],[-81.43731016592756,30.69682116667809],[-81.4373548395446,30.696802886893188],[-81.4373904389539,30.69674819107055],[-81.43740282468983,30.69669307990735],[-81.43741032162875,30.69667430477259],[-81.43742011727291,30.69666381544825],[-81.43742727783335,30.696642000927643],[-81.43740106856481,30.69658238102672],[-81.43741304074997,30.696544434933134],[-81.43745117730215,30.696568015380066],[-81.43748024092383,30.69660097310346],[-81.43750670294999,30.69665010292816],[-81.43750808699612,30.69668447270367],[-81.43748517537537,30.69671745313124],[-81.43743685692324,30.696754049818047],[-81.43739631298294,30.696779779278952],[-81.43742466444877,30.696842299679982],[-81.43740150004868,30.696885770162222],[-81.43735010129431,30.696907745181623],[-81.43730839912259,30.696940387751138],[-81.43730093983125,30.6969745998656],[-81.43730665525939,30.69705865642134],[-81.43734281392102,30.69711845476349],[-81.43738438389884,30.69718311966199],[-81.43742544849115,30.697268764685887],[-81.43747910902354,30.6973365093338],[-81.43749960525216,30.697357865128282],[-81.43753978089242,30.697388637775752],[-81.43753637523332,30.697438185826808],[-81.43754911360796,30.69750615045483],[-81.43759107437722,30.69755460445102],[-81.43759351755396,30.69759090069161],[-81.4375659319268,30.697634291957485],[-81.43760489825968,30.697669335581075],[-81.43763444805508,30.697728060750574],[-81.43766143309321,30.69784732142806],[-81.43766118277863,30.697903604863438],[-81.43770546971511,30.697947330103755],[-81.43771604415622,30.698013347588613],[-81.43774672105457,30.69807113922726],[-81.43780929446056,30.69813618148897],[-81.43782599240556,30.69817750373268],[-81.43786081350589,30.69820102464945],[-81.43788614809293,30.698251088869878],[-81.4378767075281,30.69827572374813],[-81.43787159727023,30.698304252968683],[-81.43782785585252,30.698329705316848],[-81.43783766888696,30.698381398741926],[-81.43785973331744,30.698429495991633],[-81.43788552738428,30.698460486697233],[-81.43792246780444,30.69848786230782],[-81.437939992746,30.698494854367816],[-81.43800507266224,30.69850174518734],[-81.43802386087818,30.69845628864959],[-81.43807295982941,30.698483881273695],[-81.43807897196568,30.698509747798532],[-81.43807162766036,30.69853919161247],[-81.43810039341504,30.698584546870517],[-81.43814265345372,30.69862060313221],[-81.43817247577184,30.69862209142887],[-81.43819994758802,30.69858346931487],[-81.43820381735873,30.698581583448455],[-81.43823470783217,30.698563580031347],[-81.43826687902094,30.698559387145156],[-81.43831270417455,30.698539219311012],[-81.43839392578884,30.698518733069736],[-81.43846641884022,30.69849331900043],[-81.43846952452283,30.698456167579106],[-81.43846821008135,30.698418936937],[-81.43849379383715,30.69841271757847],[-81.43851786299949,30.69846943690278],[-81.43855360434414,30.698499793565535],[-81.43858000810413,30.698490504147383]],[[-81.43665692081298,30.696278488431723],[-81.43664102794558,30.69620378931024],[-81.43666460613152,30.696143154818323],[-81.43675206468882,30.69609320602128],[-81.4368385121153,30.696085215597076],[-81.43686822191651,30.69609147349177],[-81.43689792549807,30.696097729465798],[-81.4369730899343,30.696099077471093],[-81.43702932302995,30.69606001682926],[-81.4370215827504,30.696014084757884],[-81.43698690041562,30.695984841990526],[-81.43693227578738,30.695957149921746],[-81.43686894695632,30.69592357666744],[-81.43689846771694,30.69589166951622],[-81.43695359780378,30.695898382386314],[-81.4370048572449,30.69588212919214],[-81.43700140122802,30.69584199811463],[-81.43697408634796,30.695782358336004],[-81.437000982399,30.69576757656655],[-81.43704731523358,30.69577222328094],[-81.43706610867201,30.69581835356172],[-81.43708190985977,30.69589686767135],[-81.43710434425498,30.69597549983497],[-81.437142298878,30.69605250286712],[-81.43712360260733,30.696094145049532],[-81.43705442695514,30.696119616958466],[-81.43699644233295,30.6961395653733],[-81.43691897592831,30.696141992803266],[-81.43688405796708,30.69616918688444],[-81.43688065788011,30.69617183383832],[-81.43687085062002,30.696211727961014],[-81.4368086286783,30.69622396779612],[-81.43678002696251,30.696217730664134],[-81.43677174031696,30.696286271947802],[-81.43677948050842,30.696332204042154],[-81.43679795221432,30.69639168528012],[-81.43684097124671,30.696442066803304],[-81.43681803754407,30.69647600045073],[-81.4367908655377,30.69650222556784],[-81.43679007919302,30.69644306151314],[-81.43676529703724,30.69637011132173],[-81.43671753422234,30.69633300136703],[-81.43665692081298,30.696278488431723]]]},"properties":{"OBJECTID":8475,"UNIT_ID":"S00027","SITE_NAME":"Fort Clinch State Park","ACREAGE":19.12,"EC_TYPE":"Maritime Hammock","EC_CODE":"MAH","DFC_CODE":"MAH","DFC_TYPE":"Maritime Hammock","SHAPE.AREA":77387.70211251499,"SHAPE.LEN":2308.6144080832}},{"type":"Feature","id":8654,"geometry":{"type":"Polygon","coordinates":[[[-81.45345068817349,30.700405372311014],[-81.45346878115963,30.700732357710006],[-81.45326273024419,30.70072945154298],[-81.45299478621484,30.700737071612185],[-81.45293187833819,30.700733726659287],[-81.45294610522498,30.701094984713436],[-81.45315386765618,30.70106781181989],[-81.45326574975925,30.7010549920784],[-81.4533949224797,30.701045871566173],[-81.45372118998459,30.70104452901221],[-81.45370778913326,30.700564891222356],[-81.45502197859994,30.700571780748675],[-81.45503893544804,30.700736301193263],[-81.45499248246823,30.701116154195564],[-81.45475061588378,30.701120107011448],[-81.45475343281123,30.701579019656403],[-81.45488726256849,30.701579666725298],[-81.45542127109555,30.701620873481225],[-81.4556198773513,30.70161299793025],[-81.45589254650731,30.70158108198821],[-81.45617709036064,30.70154430446299],[-81.45637415246532,30.70147807522217],[-81.45670935859933,30.701350907367946],[-81.45711456817169,30.70124653867212],[-81.45732849977722,30.701170460753854],[-81.45744075981429,30.701040525456616],[-81.45748277875268,30.700977210148586],[-81.45777059827829,30.70079152443795],[-81.45792970566724,30.700696380330363],[-81.45789168250947,30.70068236809338],[-81.45780178121247,30.700718016608583],[-81.45763254653629,30.70079881065774],[-81.45754258944349,30.700836785547946],[-81.45739846347892,30.70088310772125],[-81.45724949994943,30.70090606483811],[-81.4572106808882,30.70094960527249],[-81.45721226518606,30.70099619206128],[-81.45721813274834,30.7010894127606],[-81.45724619016403,30.70115742187229],[-81.45720539627524,30.701170663949338],[-81.45717728326346,30.70110498136409],[-81.45715067224242,30.700976472420958],[-81.457113911422,30.70093391572172],[-81.45699114157554,30.700989929363118],[-81.45677471570683,30.701125754167133],[-81.45668183863809,30.70117298757744],[-81.45657878401443,30.70119443343113],[-81.45652533831219,30.70117253097984],[-81.45644783935776,30.701140888538067],[-81.45630582815095,30.701098785993636],[-81.45620839087493,30.701111019651957],[-81.45609916234538,30.701164946034936],[-81.45584153864976,30.701274427988647],[-81.45572680368484,30.70133291203293],[-81.4555771712113,30.70138379034075],[-81.45545011859858,30.701393167824815],[-81.45532935142474,30.701365410381253],[-81.45528146765561,30.70133662300755],[-81.45523953538931,30.70128466182051],[-81.45519265377212,30.70121398958725],[-81.45519854747968,30.70113798119565],[-81.45525850044687,30.700877046132284],[-81.4552819110131,30.700714870651176],[-81.45527966726875,30.70068618736369],[-81.4552820591835,30.700382105802795],[-81.45527997867563,30.700264967797025],[-81.45524101891255,30.70009746943972],[-81.45522587489111,30.70003654355525],[-81.45520132234986,30.70000156582624],[-81.45515281854178,30.699988064859827],[-81.45504424771917,30.699995398433707],[-81.45486257797877,30.70003765645439],[-81.45470786778625,30.70005511973826],[-81.45452027997213,30.700099798677172],[-81.45436083910762,30.70015171789918],[-81.45426415224128,30.700192960274464],[-81.45401676267579,30.700267744332514],[-81.45373962229316,30.700341155092126],[-81.45352543748965,30.700395467679556],[-81.45345068817349,30.700405372311014]]]},"properties":{"OBJECTID":8654,"UNIT_ID":"S00027","SITE_NAME":"Fort Clinch State Park","ACREAGE":5.3100000000000005,"EC_TYPE":"Maritime Hammock","EC_CODE":"MAH","DFC_CODE":"MAH","DFC_TYPE":"Maritime Hammock","SHAPE.AREA":21471.64576219,"SHAPE.LEN":1504.8390900701302}},{"type":"Feature","id":8656,"geometry":{"type":"Polygon","coordinates":[[[-81.44565273846466,30.700845660553465],[-81.44568025146602,30.70086266943317],[-81.44601675014296,30.70095335383167],[-81.44646472914044,30.701064512465162],[-81.44663823876611,30.701149898015785],[-81.44692155386223,30.701325491780192],[-81.44716404685346,30.701474120209063],[-81.44748254603442,30.701681348298038],[-81.44802346768708,30.702067253606085],[-81.44830146023091,30.702234402258316],[-81.44900030200273,30.702722103720976],[-81.44905118954979,30.702765113968734],[-81.44911464615514,30.70266275255934],[-81.44923935235256,30.70253523058796],[-81.44963638967037,30.702303808132868],[-81.45004678174648,30.70206880619944],[-81.45040761897361,30.70187108180195],[-81.45058709203875,30.70176552316593],[-81.45074675763274,30.70165579611301],[-81.45100249538321,30.701505804822972],[-81.4513455502809,30.701311575971385],[-81.4515254327168,30.701188851938742],[-81.45160445711984,30.701121571025524],[-81.45161314585911,30.701035862567377],[-81.45160652348395,30.700850662854187],[-81.45159802867495,30.700743660619857],[-81.45158356911173,30.700516343705463],[-81.45156192228495,30.700035127208604],[-81.45153672811992,30.699794262323955],[-81.45151495099988,30.699595436776146],[-81.45150422859135,30.699396807475814],[-81.45147202648195,30.699356164149172],[-81.45124126440037,30.699294807468338],[-81.45093256103367,30.69916336950501],[-81.4506524606476,30.69903816614547],[-81.45031344728342,30.698879473748757],[-81.45016669685688,30.698819614070786],[-81.44971838053999,30.698607452728524],[-81.44942704664317,30.698489679023773],[-81.44921946327358,30.698476434320607],[-81.44906268141145,30.698466003523375],[-81.44850501230825,30.69843315206063],[-81.44774031643622,30.69840995722799],[-81.44742547167826,30.698442496005285],[-81.44722386802728,30.69851034257384],[-81.44728721653988,30.698561970165404],[-81.44736374344097,30.69865635504321],[-81.44747783592386,30.69874067823287],[-81.44762889131587,30.698839970949805],[-81.4478508662379,30.698876274233996],[-81.44809539340407,30.698916893919105],[-81.44826876356964,30.69897341522029],[-81.44844443551249,30.69902616069675],[-81.44855996026311,30.6990969130386],[-81.44857073930008,30.69910855378802],[-81.4485278647117,30.69942070975565],[-81.4485019441589,30.699487029492527],[-81.44838629680886,30.699513585647818],[-81.44814841638926,30.699564671739513],[-81.44806330769171,30.699608945391915],[-81.44807178510715,30.699624361795895],[-81.44799123587696,30.699662992657863],[-81.44792956229652,30.6996523514207],[-81.44790114205679,30.699638487249022],[-81.44781856467465,30.69966944928125],[-81.44778485372103,30.699691743941],[-81.44771673084678,30.699673354924677],[-81.44762852889401,30.699662239809108],[-81.44734255830956,30.699689569088292],[-81.44716551155824,30.6996940393204],[-81.44691252050505,30.699729589336965],[-81.446710789104,30.69974888218427],[-81.44654023723616,30.69975919184058],[-81.44642477225646,30.699778117166403],[-81.4462898812543,30.699869201989735],[-81.44613721848482,30.700009578270198],[-81.44597995577652,30.70020329896861],[-81.44586622331873,30.700426417403673],[-81.44573720931432,30.70073321687167],[-81.44565273846466,30.700845660553465]]]},"properties":{"OBJECTID":8656,"UNIT_ID":"S00027","SITE_NAME":"Fort Clinch State Park","ACREAGE":39.82,"EC_TYPE":"Maritime Hammock","EC_CODE":"MAH","DFC_CODE":"MAH","DFC_TYPE":"Maritime Hammock","SHAPE.AREA":161160.96073235,"SHAPE.LEN":1871.94982100894}},{"type":"Feature","id":8660,"geometry":{"type":"Polygon","coordinates":[[[-81.45229135111894,30.699031663807013],[-81.45229397162765,30.699063166335474],[-81.45236534026391,30.70000797270281],[-81.45242019949204,30.700738123141495],[-81.45242315887663,30.70073811639721],[-81.45243501850408,30.700733938668144],[-81.45244587278624,30.700730115313927],[-81.45248852486196,30.700715090404266],[-81.4524541695634,30.700431650320496],[-81.45245496630146,30.70041797340883],[-81.45310014099205,30.700412771029416],[-81.4530067090015,30.70038285480014],[-81.45291080301905,30.70026909991489],[-81.45281426348694,30.700141011560643],[-81.45270839463342,30.70003550387248],[-81.45266274321877,30.69994370492248],[-81.45266054458901,30.69983162004945],[-81.45265574851413,30.699746447423905],[-81.45267884873029,30.6996381830708],[-81.45271779616654,30.699561372139787],[-81.45274134750333,30.699475019074335],[-81.45280008010987,30.699387609141446],[-81.45282381282918,30.699293677279865],[-81.45283596148006,30.69923492236578],[-81.45280933575802,30.699204962567222],[-81.45272416409904,30.699173116457654],[-81.45266030530333,30.69914838934946],[-81.45247560705351,30.69909286500201],[-81.45233211153872,30.6990498702623],[-81.45232643985354,30.69904733706927],[-81.45231100143745,30.69904044077402],[-81.45229135111894,30.699031663807013]]]},"properties":{"OBJECTID":8660,"UNIT_ID":"S00027","SITE_NAME":"Fort Clinch State Park","ACREAGE":1.51,"EC_TYPE":"Maritime Hammock","EC_CODE":"MAH","DFC_CODE":"MAH","DFC_TYPE":"Maritime Hammock","SHAPE.AREA":6090.839504365,"SHAPE.LEN":499.54497378314807}},{"type":"Feature","id":8663,"geometry":{"type":"Polygon","coordinates":[[[-81.4524846573625,30.701797489092517],[-81.45247978831914,30.70204589701461],[-81.45253089093684,30.7020430605752],[-81.45253902822415,30.702042608858214],[-81.45280502540291,30.702027846994838],[-81.4532438984942,30.7020022730734],[-81.45331738977093,30.70199285000837],[-81.45382313565227,30.701943426472152],[-81.45451654673231,30.701908076209715],[-81.45526703717854,30.701855850653825],[-81.45638607698473,30.701768443027202],[-81.45699968449328,30.701717350058914],[-81.45722819035322,30.70169994957101],[-81.45764759689918,30.701521140155037],[-81.4575204554063,30.701425081547537],[-81.45740902376107,30.70131577075257],[-81.45728546033442,30.701286774419703],[-81.45726484345343,30.701292956607332],[-81.45715247695966,30.701324215278266],[-81.4568964227356,30.701395443682713],[-81.45669972476797,30.701446464656506],[-81.45642248142909,30.70154676981802],[-81.45623328605649,30.70160633324931],[-81.45621663405744,30.701611575339346],[-81.45619466416376,30.701614686417496],[-81.45591430963414,30.70165437539606],[-81.45573147556655,30.70167679656617],[-81.4556253879855,30.70168980614228],[-81.45540189779338,30.701693435484156],[-81.45486326387484,30.701661275208295],[-81.45444159091107,30.70165503296903],[-81.45390043315876,30.70166694886031],[-81.45355454817688,30.70168741351613],[-81.4529398238686,30.701763947516906],[-81.45252143811503,30.70179477869077],[-81.45251275505417,30.70179541899601],[-81.4524846573625,30.701797489092517]]]},"properties":{"OBJECTID":8663,"UNIT_ID":"S00027","SITE_NAME":"Fort Clinch State Park","ACREAGE":3.2600000000000002,"EC_TYPE":"Maritime Hammock","EC_CODE":"MAH","DFC_CODE":"MAH","DFC_TYPE":"Maritime Hammock","SHAPE.AREA":13176.781752645,"SHAPE.LEN":1040.58693370837}},{"type":"Feature","id":8664,"geometry":{"type":"Polygon","coordinates":[[[-81.45243108833664,30.701801436299153],[-81.45239946612476,30.701803766272125],[-81.45219585428904,30.701821442376147],[-81.45186630206894,30.701850050200633],[-81.45162725423809,30.70188953245887],[-81.45151291521009,30.701938210747397],[-81.45135132169024,30.701996190250593],[-81.4511288544515,30.702079710835193],[-81.45095291448722,30.70218434791088],[-81.45077669975635,30.702300391267595],[-81.45048214417264,30.702509419558577],[-81.45034637096144,30.702593850817227],[-81.45017772475893,30.702762013928073],[-81.45007045454838,30.70286302621314],[-81.45012371890411,30.703049917536013],[-81.45034979990676,30.70305564822249],[-81.45051964561101,30.703063447564798],[-81.45085248482255,30.703076540009693],[-81.45111183293719,30.703099053675036],[-81.45131102107274,30.703151499280068],[-81.45162286004,30.70323338239993],[-81.45183684845061,30.703302787721142],[-81.45201088004598,30.703366709951897],[-81.45216003908003,30.703430188584125],[-81.45231795707731,30.703488780508952],[-81.4525601405452,30.70357863630187],[-81.45261163812977,30.7035640511135],[-81.45264065258283,30.70354182839187],[-81.4526451915278,30.70353835128638],[-81.45269029548822,30.703503806807948],[-81.45303722483837,30.703195434065137],[-81.45332449016085,30.70292960756334],[-81.45350673964211,30.702892785625817],[-81.45356940213257,30.702899014163798],[-81.45375276814259,30.702499034382065],[-81.45390890151236,30.702328898191173],[-81.45410150865011,30.702229760244393],[-81.45409741643887,30.702196765721393],[-81.45407991925698,30.701977773717033],[-81.45327163218298,30.70205643110788],[-81.45284377729989,30.70208577570937],[-81.45254262763285,30.702093323344762],[-81.45253752631825,30.702093451470105],[-81.45253457287808,30.70209333933278],[-81.45241793321482,30.702088918350736],[-81.45243108833664,30.701801436299153]]]},"properties":{"OBJECTID":8664,"UNIT_ID":"S00027","SITE_NAME":"Fort Clinch State Park","ACREAGE":10.63,"EC_TYPE":"Maritime Hammock","EC_CODE":"MAH","DFC_CODE":"MAH","DFC_TYPE":"Maritime Hammock","SHAPE.AREA":43016.171001875,"SHAPE.LEN":968.921679151841}},{"type":"Feature","id":8669,"geometry":{"type":"Polygon","coordinates":[[[-81.44910549489249,30.702809790672948],[-81.44918013013893,30.70287022146479],[-81.44918315030269,30.702871560827138],[-81.44935355330193,30.70292159969647],[-81.44936998671496,30.702927370147815],[-81.44959122155078,30.702948460912094],[-81.44979113738289,30.702886094675836],[-81.44997783066486,30.702823493155616],[-81.45012490643677,30.702696786891394],[-81.4503025797781,30.70251990926857],[-81.45059530974889,30.70233004052565],[-81.4506301335599,30.702307450400408],[-81.45074301123803,30.70223423825678],[-81.45093831460201,30.702097448816176],[-81.45112237511941,30.701979012150435],[-81.45133361797924,30.701907375285217],[-81.45149789533028,30.701849285010244],[-81.45161313444976,30.701804075317693],[-81.45187411242232,30.701769421883423],[-81.45218910243251,30.70172924404069],[-81.45236729166405,30.701705252701313],[-81.45230007049874,30.700752711674525],[-81.45216936946903,30.698976187032837],[-81.45204054229468,30.69734282153664],[-81.45185786241561,30.694978756342177],[-81.45173577045196,30.694978289443338],[-81.45169474645313,30.694978133070368],[-81.45123193658905,30.69497650375471],[-81.45127152296422,30.695355215732786],[-81.45127217921474,30.695420101336474],[-81.45135522686606,30.695461651360286],[-81.45155751538537,30.695511051810527],[-81.45166551922753,30.69552633430642],[-81.45173566628416,30.695536995214358],[-81.451745563849,30.695538499513848],[-81.45182197720693,30.695550112252146],[-81.45185928467586,30.695562225721194],[-81.45184063994758,30.69560196227993],[-81.45174634990107,30.695583454800715],[-81.45173896187362,30.695582004262157],[-81.4516161077175,30.69555788973885],[-81.45139590532192,30.69551771075238],[-81.45130554004105,30.69550465095981],[-81.45127629789916,30.695525117683303],[-81.45126815774272,30.695587938073896],[-81.45129079120966,30.695935606975166],[-81.451349058229,30.696457544134265],[-81.45130871686784,30.696479721298335],[-81.45124953006611,30.696457677548413],[-81.45123901946224,30.69615792620614],[-81.4512115363016,30.695735755986785],[-81.45120432189704,30.695575351336863],[-81.45117645072179,30.695538601071732],[-81.4511708065905,30.69540493680661],[-81.45116517435952,30.695086191928315],[-81.45115884580753,30.69498113619854],[-81.45115800221575,30.694975963117702],[-81.45019756575019,30.69496811109988],[-81.44981197494023,30.69504613947635],[-81.44938599761348,30.69514825096646],[-81.44896716195352,30.695275292706413],[-81.44863907082059,30.695353390606428],[-81.4478439401038,30.69553953855721],[-81.4476391133776,30.6955959841783],[-81.44714867735954,30.695711248288735],[-81.44623543551803,30.695934392925423],[-81.44526312464058,30.69617651046598],[-81.444982695462,30.696249727960154],[-81.44418944192716,30.696449246157748],[-81.44332210261057,30.696648388438188],[-81.44268688277373,30.696805886867825],[-81.44229960153837,30.6969077154073],[-81.44157998028717,30.69707991634382],[-81.44151428170964,30.697098774783235],[-81.44143951549637,30.69717280499129],[-81.44134863425653,30.69740558633495],[-81.44151915760342,30.697480740082813],[-81.44164462528619,30.697526485229105],[-81.44168770361831,30.697542191462418],[-81.44188448575692,30.697579105076404],[-81.44191458271095,30.697580068364488],[-81.44222151054458,30.697589906690023],[-81.4424202766389,30.697601812097787],[-81.44259368525574,30.69763353601562],[-81.44279064609051,30.69772053751678],[-81.44307135505174,30.697888937352925],[-81.4432636191316,30.69805635029058],[-81.44342918744135,30.698241770423955],[-81.44351518947595,30.698401915873294],[-81.44353608547449,30.698625293994432],[-81.44360308538901,30.698885869143552],[-81.44365460880482,30.699100255178234],[-81.44377541315953,30.699250290462132],[-81.44398455552894,30.699348240813162],[-81.44441716187654,30.699523529172776],[-81.44467933440328,30.699658203226505],[-81.44480261080648,30.699762965399334],[-81.44501291592033,30.70004279767975],[-81.44514305900866,30.700264550909054],[-81.44521942206981,30.70042333058636],[-81.44528142970317,30.700546673882517],[-81.44532838810842,30.700605947559215],[-81.44553722843595,30.700774250680936],[-81.44560701526359,30.700817394392125],[-81.4456227165719,30.700803677391367],[-81.4456828089674,30.700695992158014],[-81.44575528311888,30.70053319396013],[-81.44585294564803,30.70033459343131],[-81.44595673647571,30.700157089796843],[-81.44605031062093,30.700036647013267],[-81.44610741149371,30.699961344861155],[-81.44622931381585,30.699858579781],[-81.44636222265423,30.699757919624307],[-81.44642039067003,30.699730337206915],[-81.44659536370804,30.6997201075842],[-81.44705004033727,30.699667171724926],[-81.44736926425911,30.699636621148205],[-81.44759102969645,30.69961196100461],[-81.44756582751815,30.699556176742156],[-81.44762376522483,30.699538130605696],[-81.4477518079833,30.699548049748334],[-81.44786234789073,30.699550023710245],[-81.44799959921264,30.699544842034175],[-81.44826105995365,30.699478913071292],[-81.44845210301663,30.69944416220465],[-81.44848373987227,30.69941610620599],[-81.44851708594312,30.699132400942073],[-81.44846927203142,30.69909720237372],[-81.44827190365534,30.699026897075118],[-81.44811585318648,30.698985949153467],[-81.44804930122686,30.69899430079301],[-81.44799006793555,30.69897416318804],[-81.44797288546917,30.69895286718536],[-81.44788030761532,30.698939765729413],[-81.44780094864265,30.698928808625006],[-81.44776944799557,30.698951142735215],[-81.44769013479717,30.698938278032795],[-81.44764200088431,30.698916430145314],[-81.44760261889748,30.698898554348535],[-81.44759307693359,30.69887699451086],[-81.44742127864598,30.69885383309805],[-81.44729536020238,30.698801497256024],[-81.44715596908567,30.698734611155203],[-81.44708360385216,30.698754783686944],[-81.44698192788738,30.698729117083722],[-81.44684127709677,30.698714679335822],[-81.4467861220438,30.698708923582448],[-81.4466649873782,30.698687678658892],[-81.44657994955202,30.69865992380045],[-81.44649733200984,30.698646522533405],[-81.44635368987628,30.698641570823984],[-81.44626249530641,30.698639941351107],[-81.44618948414873,30.69857185517335],[-81.44612505018173,30.698491996145954],[-81.44600511798022,30.69842068620274],[-81.44591133277042,30.698411854557246],[-81.4457882936958,30.698354799307694],[-81.44568661844743,30.6983291308898],[-81.44564354863358,30.69828066039293],[-81.44563219232458,30.698177899426767],[-81.44558439691941,30.698095952329982],[-81.44551697105358,30.698025580433406],[-81.44542566357262,30.698028717930484],[-81.44531857599851,30.697998182977127],[-81.44525000517746,30.697975492106824],[-81.44508057634107,30.698008238903455],[-81.44493837614944,30.698028642063484],[-81.44478554854558,30.69808791908264],[-81.44475495438142,30.69812578525603],[-81.44467648913687,30.698169698763618],[-81.44455335086273,30.698231894297805],[-81.44444420238904,30.69828718423525],[-81.44437770679488,30.698293150850546],[-81.44431252970725,30.698244283725032],[-81.44425414010593,30.69814306678256],[-81.4441995010466,30.69811585320308],[-81.44409408892743,30.69813066370321],[-81.44402448711875,30.69815088500166],[-81.44398090255474,30.698123869938733],[-81.44396005503198,30.698071025023793],[-81.4439901451685,30.698032968813116],[-81.44397962862978,30.698011211917155],[-81.44404106042502,30.697939803961102],[-81.44400372392704,30.69788284926471],[-81.4438473340796,30.697856200986898],[-81.44374291907826,30.69782952845147],[-81.44365535502716,30.697863818011264],[-81.44359051079964,30.697829863668098],[-81.44359949681892,30.69774356526437],[-81.44352910450228,30.697652865923086],[-81.4433546548243,30.697578193334202],[-81.44321553622541,30.69747135813912],[-81.44300579439113,30.69725473827098],[-81.44295042703467,30.697142841442027],[-81.4428438579113,30.697090848765697],[-81.44298236648592,30.697021774118074],[-81.4432023159058,30.69701497663254],[-81.44351156758842,30.697088483861446],[-81.4437123584393,30.697188670354894],[-81.4439879333315,30.697283039320027],[-81.4443211984676,30.69739274978268],[-81.44469651649891,30.69747816839842],[-81.44495308608447,30.697500642829095],[-81.44515594045319,30.69751500273389],[-81.44532088717905,30.697553726805857],[-81.44592679013004,30.697707660939724],[-81.44617049500584,30.697747791483668],[-81.44629839444438,30.697775119844056],[-81.4464344120204,30.697809748785183],[-81.44657768933808,30.69788743847423],[-81.44676138995348,30.69800878136487],[-81.44687245065023,30.698046541853582],[-81.44699240310324,30.698059417230407],[-81.446999749822,30.69809890182091],[-81.44695140560027,30.69821252227088],[-81.44692887700772,30.698287249621444],[-81.4469680976291,30.69838096736292],[-81.44715705967214,30.69845589474152],[-81.44716411068352,30.6984616411803],[-81.44722820420701,30.69843341612266],[-81.44718329899968,30.69840679402299],[-81.4472403792844,30.69838992536041],[-81.44745698677319,30.69834967036246],[-81.44753861508575,30.69828911622252],[-81.44761220986942,30.698217686000717],[-81.44758589047692,30.698162359606858],[-81.44753199424488,30.698104155485684],[-81.44743822903438,30.69803689102654],[-81.44732060236818,30.697984704216704],[-81.44722851287626,30.69796278593796],[-81.44711647942572,30.697965555210853],[-81.44698648248544,30.697968003507356],[-81.44697749755358,30.697939221321853],[-81.44704312489138,30.69791177286065],[-81.44708980953872,30.6978672903984],[-81.44714490975525,30.697702513001232],[-81.44715195217053,30.697639434208398],[-81.44715433525897,30.69759773822253],[-81.4471311528162,30.69752696480378],[-81.44716961779632,30.69750126127449],[-81.44717455454379,30.697410717617743],[-81.44719302321185,30.697332339944378],[-81.4472247376638,30.697278050108288],[-81.44739427912783,30.697240531503066],[-81.44740254926491,30.697239841774245],[-81.44762974207015,30.69722088650757],[-81.44801972797939,30.69721354037633],[-81.44852745557542,30.697253611598562],[-81.44863819470652,30.697284557271523],[-81.44871198157526,30.697260994717265],[-81.44871072373704,30.697185750601438],[-81.44884224342537,30.697132141406563],[-81.44915780803687,30.697230791975368],[-81.44936742749806,30.697251228776523],[-81.44953191908112,30.697309020642525],[-81.44965970486291,30.697375746845434],[-81.44960343988704,30.697461236978945],[-81.44965100946827,30.697552718565444],[-81.44964201534867,30.697812530149452],[-81.44963159356199,30.698477778505453],[-81.44964462421315,30.698501194318023],[-81.44981486890168,30.698595818692112],[-81.45013890887046,30.698733255947303],[-81.45053715522478,30.698912085313193],[-81.45080389906391,30.699040867366694],[-81.45129975078031,30.69925387301222],[-81.45140062337813,30.6992900167908],[-81.45146266266165,30.699285398925596],[-81.45147702405544,30.699239861754133],[-81.45144324437895,30.698895809080174],[-81.4514201819017,30.69847371778535],[-81.45138786600904,30.698068634063798],[-81.45134692846928,30.69737718828839],[-81.45131839453639,30.696998884710563],[-81.45131285909896,30.69695299281159],[-81.45128425050203,30.696670090153553],[-81.4513191479076,30.696598206939285],[-81.45133425775012,30.696613740487184],[-81.45134908190032,30.696632737681384],[-81.45139519339253,30.6971166455804],[-81.45143128004075,30.69773358983058],[-81.45143116059182,30.697830899175166],[-81.45148044990357,30.69835840105879],[-81.45151643960143,30.698702492993206],[-81.4517531474969,30.698792576012988],[-81.45198170845146,30.698897105933927],[-81.45203099171741,30.69891964531027],[-81.45215189930518,30.698950421577173],[-81.45212869479388,30.69899580115199],[-81.4519858750463,30.698954007111922],[-81.45191345456983,30.698932813925538],[-81.45167513016338,30.698817897371377],[-81.45158964123034,30.69878584390488],[-81.45153446302163,30.69878104420263],[-81.4515219929583,30.698839971752008],[-81.45153652581374,30.698971886485943],[-81.45155420802647,30.699433951983917],[-81.45159115793379,30.699737991270784],[-81.45161920978994,30.700228862730352],[-81.45165020210521,30.700689256716245],[-81.45166634253759,30.701031086920505],[-81.4516577909233,30.701111073660186],[-81.45160078372217,30.7011825629946],[-81.45144554099316,30.701292370702546],[-81.45092048316539,30.7016054687997],[-81.45072029045281,30.701745002374814],[-81.45035678584654,30.701961761710873],[-81.44999364661155,30.70216326164445],[-81.44960324312761,30.70239480342119],[-81.4493769286586,30.702516696603844],[-81.44930476407495,30.7025745588345],[-81.44914422550934,30.702720522232006],[-81.44910549489249,30.702809790672948]]]},"properties":{"OBJECTID":8669,"UNIT_ID":"S00027","SITE_NAME":"Fort Clinch State Park","ACREAGE":79.25,"EC_TYPE":"Maritime Hammock","EC_CODE":"MAH","DFC_CODE":"MAH","DFC_TYPE":"Maritime Hammock","SHAPE.AREA":320731.67819654,"SHAPE.LEN":6806.13027725223}},{"type":"Feature","id":8670,"geometry":{"type":"Polygon","coordinates":[[[-81.4511880108901,30.694399132885298],[-81.45119568474615,30.69445898827006],[-81.45119622130628,30.69462118203728],[-81.45123461442687,30.694772602693956],[-81.45123283217295,30.694846984711816],[-81.45123246101865,30.694900718292345],[-81.45168957392032,30.69490749510988],[-81.45173454466588,30.694908161760363],[-81.4518525423572,30.694909910524455],[-81.45183330437061,30.69466093800074],[-81.4517753846575,30.694036907424866],[-81.45176643825677,30.69385643676907],[-81.45175656972722,30.693837065576776],[-81.45171545839146,30.69381623585893],[-81.45171393223895,30.69372898907376],[-81.45170384502822,30.693664489780225],[-81.45169948983917,30.693599513072616],[-81.45169983783265,30.69358332944653],[-81.45170089308357,30.693534438928182],[-81.45170804670767,30.693469646708877],[-81.45171002969015,30.693457440537184],[-81.45171157218819,30.693447920008516],[-81.45158750956813,30.69333989156701],[-81.45157393077693,30.69332806865455],[-81.45157796382055,30.693383155340484],[-81.45158581829013,30.693490430427005],[-81.45149978518003,30.693530072159138],[-81.45144770346116,30.693626931426124],[-81.45137189357533,30.693675665214286],[-81.45126296016687,30.693606941259848],[-81.4512179831043,30.693522661427973],[-81.4511735406921,30.69353140963511],[-81.45114892128855,30.69363591329757],[-81.45113332862137,30.69369784617011],[-81.45115900649266,30.69386683887488],[-81.45115666322341,30.694031654876433],[-81.45118965612826,30.69412796166074],[-81.4512630672759,30.69417935754099],[-81.45132286874951,30.694106487130586],[-81.45136258298567,30.69406426436075],[-81.45147006816309,30.694078106280223],[-81.45146513416005,30.694168650739552],[-81.4514583515583,30.694221001633306],[-81.45153031203607,30.694217514452934],[-81.45163891673792,30.694215642496356],[-81.4516863953126,30.69427992424454],[-81.45165359990868,30.694379511845593],[-81.45165106815563,30.694381607618187],[-81.45155206320854,30.69446356332512],[-81.45143249644138,30.694492437049202],[-81.45130168352075,30.69441378209204],[-81.45123052159289,30.69438389230269],[-81.4511880108901,30.694399132885298]]]},"properties":{"OBJECTID":8670,"UNIT_ID":"S00027","SITE_NAME":"Fort Clinch State Park","ACREAGE":1.8,"EC_TYPE":"Maritime Hammock","EC_CODE":"MAH","DFC_CODE":"MAH","DFC_TYPE":"Maritime Hammock","SHAPE.AREA":7303.603432725,"SHAPE.LEN":583.5011256218131}},{"type":"Feature","id":8674,"geometry":{"type":"Polygon","coordinates":[[[-81.44264040481252,30.699907095034025],[-81.44302660773816,30.70015500880847],[-81.44331290710461,30.700321123154616],[-81.44361835716553,30.7005531694572],[-81.44389717746076,30.700742999285847],[-81.44449595101575,30.700849110333014],[-81.44486716450626,30.70093326160041],[-81.44519692632652,30.701016671836765],[-81.44552973215364,30.701261128270737],[-81.4458144640584,30.701492799611923],[-81.44597297710972,30.701799729262817],[-81.44614659760299,30.70205326482795],[-81.4465021389213,30.702214647934806],[-81.4468005079782,30.702166313522575],[-81.44717097061614,30.701994050132253],[-81.44755572275028,30.702090362314767],[-81.44796482062176,30.702324250371312],[-81.44824962910816,30.702985232375703],[-81.4487980558245,30.70317390291809],[-81.44937326235909,30.703398826723664],[-81.45006144460031,30.703524397234684],[-81.45047426900585,30.703603314083676],[-81.45112576542851,30.70381766643418],[-81.45143609917639,30.70384705089657],[-81.45193111981894,30.703957242666217],[-81.45217696040704,30.7039377748414],[-81.45233981467806,30.703787257260785],[-81.4524907481235,30.70364775904788],[-81.45232481371698,30.703582415925553],[-81.45205936506511,30.703477884122364],[-81.45195134617111,30.70342825665608],[-81.45179096088526,30.703371733321386],[-81.45159326824657,30.703314543705275],[-81.45127037510208,30.703232463394766],[-81.45108346555595,30.70318679562181],[-81.45083810635873,30.703157375740076],[-81.45048451122732,30.70314510653253],[-81.45031598909449,30.70313971508386],[-81.45000787849956,30.703133025648203],[-81.44964201922515,30.703113379871393],[-81.44953224732991,30.703079222335433],[-81.44921977284933,30.702966317181843],[-81.44913346340039,30.70293377158513],[-81.44903839472465,30.70286404004103],[-81.448989125236,30.70298848765711],[-81.44902059563827,30.703059646932825],[-81.44913598686624,30.70313612163537],[-81.44929388915537,30.70319236477464],[-81.44949190617784,30.703235968685423],[-81.44984224531181,30.70329182932295],[-81.45023937766997,30.703333259718864],[-81.45043315790161,30.70336915329776],[-81.4506133063037,30.703420068531052],[-81.4507844739309,30.703476547531874],[-81.45090354078206,30.703492027873004],[-81.45100662952483,30.70352821150182],[-81.4511095801788,30.70357011677008],[-81.45116886230905,30.70358834650932],[-81.45138019283277,30.70363027595276],[-81.45135536984343,30.703650822560856],[-81.45107960448922,30.703621099780936],[-81.45069747302172,30.703507432457386],[-81.45040516351258,30.703429712403235],[-81.45015205665926,30.703377495312353],[-81.44980803063325,30.70333510389452],[-81.44959218848177,30.703296907425035],[-81.44934810802417,30.703237218338348],[-81.44920960132934,30.703202308861776],[-81.44906455359956,30.703163467589384],[-81.44897523421109,30.70310653906866],[-81.44894109624438,30.703054412154493],[-81.44892712943638,30.702991196919086],[-81.44894678290831,30.7029095008888],[-81.44896547679299,30.702867856963824],[-81.44898610593127,30.702821593419383],[-81.44893814489897,30.702777640186866],[-81.44824322090945,30.70229954833882],[-81.44796692370495,30.702119312015835],[-81.44741466213303,30.70174512915951],[-81.4470962773186,30.701533133410926],[-81.44683216214672,30.70136384512168],[-81.44656101085008,30.70119979694186],[-81.4464160038268,30.70113638664289],[-81.44599138611687,30.70103101161917],[-81.44564250784724,30.70093772158728],[-81.44561507072318,30.700920815918877],[-81.4456118544968,30.700919334154754],[-81.44560843933404,30.700916824794437],[-81.4454790444359,30.70083701134666],[-81.44526077557393,30.70065840375973],[-81.44519651281524,30.700571392496958],[-81.44512268431082,30.700422198079913],[-81.44503794658718,30.700266845566244],[-81.44493069148213,30.700070544426374],[-81.44483232571311,30.699947022451312],[-81.44472404519682,30.699811050897978],[-81.44465207338082,30.69975620843314],[-81.44460865781573,30.699723125343006],[-81.44436698246469,30.699598357652768],[-81.44392211237695,30.699415695046515],[-81.44371170166094,30.699312951476315],[-81.44356947784641,30.69913391217482],[-81.44354380305356,30.69903097415093],[-81.44350643604349,30.69888115927307],[-81.44343909152272,30.6986348883177],[-81.44341292737269,30.6984006833605],[-81.44333452871928,30.69826929466984],[-81.44316727785974,30.69809636625911],[-81.44313619370178,30.698068175530302],[-81.44300899710254,30.69795281480681],[-81.44272405772756,30.697787916970448],[-81.44254229559948,30.697701187349896],[-81.44238246025091,30.697679842092754],[-81.44219880676809,30.6976717858321],[-81.44190176588661,30.69766527677362],[-81.44167875908315,30.697626701139413],[-81.44148269372387,30.6975599866644],[-81.44131950031901,30.697486435253953],[-81.44129809091521,30.69755626441197],[-81.44125302014284,30.69763702722388],[-81.44115506247252,30.697709687482757],[-81.44030861478437,30.698005067080175],[-81.44008969018552,30.698086454898604],[-81.44011725077657,30.698113664621815],[-81.44012177819872,30.698126565137024],[-81.44008144968254,30.69813657627158],[-81.44004266368361,30.698168676042553],[-81.44003234556115,30.69819532267943],[-81.44003626437576,30.698233554569136],[-81.44003704373857,30.69825861152271],[-81.44002874039542,30.698287680370328],[-81.44003716220998,30.698311085753623],[-81.44004426064284,30.69833208221356],[-81.4400270172356,30.698330580739533],[-81.44000315270753,30.69831703547137],[-81.43997583603496,30.698332049186426],[-81.43997788243155,30.69836189927603],[-81.44000046741863,30.698399868771638],[-81.44004307382411,30.69843879274298],[-81.44009185296392,30.69845099580493],[-81.44011984863353,30.69846521090765],[-81.44015978998497,30.698471292600956],[-81.44017918870608,30.698440634909897],[-81.44018649894365,30.698416793761695],[-81.44019118881941,30.69840149553359],[-81.44022372854737,30.698370476450258],[-81.44027046119687,30.698352829364136],[-81.44031843222815,30.698341166588175],[-81.44038914613013,30.698360917154087],[-81.44040994695109,30.698386929436005],[-81.44040830290024,30.698417256093517],[-81.44040746081193,30.698432797218672],[-81.44043397627088,30.698479781157623],[-81.44045388492212,30.698514124821894],[-81.44050947426861,30.69851818707552],[-81.44051873985644,30.69851886412816],[-81.44057013929176,30.698537076999436],[-81.44062094771925,30.698551104684395],[-81.44068067697086,30.69853905649492],[-81.44070668350206,30.698521037208117],[-81.44075173007204,30.69848726089447],[-81.4407614713639,30.698455832534183],[-81.44079188138495,30.698427160405135],[-81.44081740738778,30.69834294673524],[-81.44085337223596,30.69831318145499],[-81.44088408646441,30.698300613630224],[-81.4409597222948,30.698316874216566],[-81.44101831437193,30.698294668801857],[-81.44104527455325,30.69832317649017],[-81.4410780434353,30.6983390850408],[-81.44108353298378,30.698341749738184],[-81.44109055889616,30.698365725916844],[-81.44109627683714,30.698415318424274],[-81.44111627490362,30.69847470748657],[-81.44113304736103,30.698524497920875],[-81.44118351392724,30.698581450518134],[-81.44122903892304,30.698585247563187],[-81.4412813632784,30.69856501666027],[-81.44129038976854,30.698592009721846],[-81.4413001650224,30.698616631871076],[-81.44135134634168,30.69861516294962],[-81.44137065093328,30.69864591874273],[-81.44139666286128,30.698685141976654],[-81.44141117362733,30.698714022579193],[-81.44139303410847,30.69874977179701],[-81.44141177635343,30.69877515032598],[-81.44143191474971,30.698799957992847],[-81.44143331313428,30.6988280080002],[-81.441409078846,30.69885858019871],[-81.44139438614839,30.698894689505046],[-81.4414134901019,30.698933789072324],[-81.44142397015055,30.698957827080182],[-81.44138029106482,30.698992224854535],[-81.44136529008519,30.699041148972967],[-81.44136169597223,30.699075667609407],[-81.44136159782072,30.699108461271063],[-81.44137170511853,30.69914799563987],[-81.4413966794266,30.699172889892765],[-81.4414117997466,30.699172435821016],[-81.44143402952223,30.69917176917801],[-81.44145071396822,30.699196515015185],[-81.44144411530615,30.69922062678955],[-81.44143707331344,30.69924635773334],[-81.44145040633519,30.699295490727213],[-81.44147126722089,30.699347738657277],[-81.44149903318676,30.69940749031849],[-81.44155194932593,30.699441605316178],[-81.44160179221257,30.69943832387298],[-81.4416567146827,30.699424995703264],[-81.44166922156994,30.69942176705293],[-81.44169774823214,30.699414401775773],[-81.44170941922948,30.699388970924744],[-81.44172271469589,30.69935343241699],[-81.44176557442202,30.69932438615576],[-81.44180699834868,30.69932632023882],[-81.44184070327181,30.699361805800308],[-81.4418919446467,30.69938657337026],[-81.44194298298373,30.69939106472045],[-81.44195745100203,30.69942173297777],[-81.44199153584529,30.699441423897625],[-81.44203164965616,30.699440353391797],[-81.44205510750533,30.699413345008583],[-81.44208360533639,30.69940669939245],[-81.44212959283888,30.699420044402377],[-81.44213460660819,30.699470220149767],[-81.44212547004051,30.699505236373817],[-81.44213720416512,30.69953466397663],[-81.44216732992102,30.699546532483666],[-81.44219495351831,30.699576243552738],[-81.44220947894475,30.699604528495684],[-81.44222885459476,30.69963230348384],[-81.44221680860674,30.69964460985856],[-81.44219361938471,30.69968921295474],[-81.44221119514215,30.6997056263881],[-81.44224378363268,30.699730060910973],[-81.44232309323694,30.699766063235906],[-81.44240195320414,30.699799299953526],[-81.44245144087857,30.699803539812038],[-81.44248552236579,30.699794609712228],[-81.4425324451429,30.699797834592502],[-81.44254574651305,30.699819537792912],[-81.44256143349742,30.699835545088998],[-81.442594540893,30.699831144415423],[-81.44263447114442,30.69986644191154],[-81.44263717068252,30.699884934660027],[-81.44264040481252,30.699907095034025]]]},"properties":{"OBJECTID":8674,"UNIT_ID":"S00027","SITE_NAME":"Fort Clinch State Park","ACREAGE":27.51,"EC_TYPE":"Maritime Hammock","EC_CODE":"MAH","DFC_CODE":"MAH","DFC_TYPE":"Maritime Hammock","SHAPE.AREA":111319.49432184,"SHAPE.LEN":3667.5073241478703}},{"type":"Feature","id":8676,"geometry":{"type":"Polygon","coordinates":[[[-81.43916663203684,30.69829787084817],[-81.43913433385194,30.69820352759093],[-81.4389555461911,30.69782109755674],[-81.4388102397797,30.697885275249313],[-81.43879041022107,30.697889072837206],[-81.43869636513212,30.697907085776936],[-81.43858617157557,30.69789079959091],[-81.4385070655829,30.69784645058014],[-81.43838984540302,30.697777568003417],[-81.43833164062191,30.697783679503985],[-81.4383196686032,30.697821626611162],[-81.43833729036994,30.697893494518496],[-81.43857572313777,30.698324696056172],[-81.43862184841608,30.698475782535695],[-81.43893287176923,30.698374210756626],[-81.43916663203684,30.69829787084817]]]},"properties":{"OBJECTID":8676,"UNIT_ID":"S00027","SITE_NAME":"Fort Clinch State Park","ACREAGE":0.88,"EC_TYPE":"Maritime Hammock","EC_CODE":"MAH","DFC_CODE":"MAH","DFC_TYPE":"Maritime Hammock","SHAPE.AREA":3550.172488965,"SHAPE.LEN":261.00348284688897}},{"type":"Feature","id":8677,"geometry":{"type":"Polygon","coordinates":[[[-81.44199083824336,30.70203962447326],[-81.44231776812829,30.702058608577556],[-81.44228201879707,30.701981646140364],[-81.44222503226985,30.70186805020721],[-81.44211799875247,30.70172016814567],[-81.44207336015572,30.70164495493988],[-81.44205285688797,30.701577805320273],[-81.44205225207453,30.701511012734738],[-81.44208379950842,30.701486772284206],[-81.4421132440739,30.701470589169215],[-81.44215776567151,30.701446118460456],[-81.44214799610522,30.701392518574817],[-81.44208912953488,30.70135711998508],[-81.44204002292642,30.701283734279023],[-81.44198617402189,30.7012236203913],[-81.44190533774065,30.701182104338073],[-81.44188009229542,30.701128226544515],[-81.4417479010651,30.70110678044973],[-81.44171075189576,30.701109424692877],[-81.44168365017977,30.701111354543603],[-81.44163625050186,30.70105898850205],[-81.44152571018664,30.70105700974177],[-81.44145832155543,30.70100810163014],[-81.44145343245268,30.70093550729208],[-81.44138599804644,30.700888506688056],[-81.44127066854269,30.70090170705709],[-81.44116114558592,30.700949355440844],[-81.44109767477725,30.700921506544752],[-81.44112742403951,30.70088006159628],[-81.44121230724228,30.700845327914315],[-81.44131515178098,30.700799467392983],[-81.44131945857386,30.700752830728568],[-81.44132412403613,30.70070231706317],[-81.44125327794644,30.70061327775],[-81.44115659833118,30.7005867426956],[-81.44109531664672,30.700599600769184],[-81.44104767214603,30.70060959660762],[-81.44099991459443,30.700664075800272],[-81.44099609852242,30.700730789203643],[-81.4409740435982,30.700820073642802],[-81.44094222079364,30.700855757256104],[-81.44088591025134,30.70080609260106],[-81.44084942712473,30.700759645943954],[-81.44085798681564,30.700679660773584],[-81.44092085331916,30.700640717224715],[-81.44096147373651,30.700607099504765],[-81.44097561038492,30.70057109922384],[-81.44099671228346,30.700541839357495],[-81.44101908428328,30.70051082007388],[-81.44107716127041,30.700487054869477],[-81.44112768041857,30.700409729314895],[-81.44108819845636,30.70030407895906],[-81.44097912727095,30.70024106762903],[-81.44093716766912,30.700238408873908],[-81.44087084379,30.70023722130059],[-81.44082990228591,30.70028418903517],[-81.4408124990633,30.700364015825173],[-81.44078712531056,30.700388159190407],[-81.44076722798258,30.700407091107532],[-81.4407231030699,30.70040248515877],[-81.44066225688742,30.700357509651763],[-81.44063452577478,30.700315035490775],[-81.44063184734402,30.700242481641236],[-81.44061797868464,30.700175450675715],[-81.44060582504308,30.70011995916458],[-81.44059406498671,30.700066263168438],[-81.44061064123315,30.70002076664003],[-81.44059135538673,30.69998896988032],[-81.44058724070788,30.699982186745036],[-81.4405260806616,30.69998001335512],[-81.44047895752628,30.69997833921946],[-81.44039098452414,30.699957682839862],[-81.44033823977932,30.699851794768957],[-81.44032459976516,30.699775228802928],[-81.44029165940086,30.699673511231],[-81.44025605002997,30.69959082672237],[-81.44028944124263,30.69958188478247],[-81.44030938610749,30.699575781345345],[-81.44035350017859,30.69956228172731],[-81.44034906290976,30.69951688576422],[-81.44027657233434,30.69942733970208],[-81.4401947582249,30.69938055788324],[-81.44026092128932,30.6993323933512],[-81.44035849198333,30.69937781399363],[-81.44039543338009,30.69940518808308],[-81.44045539976376,30.69939481369188],[-81.440483955604,30.699402957619444],[-81.44050316421274,30.699431922464843],[-81.44052412502433,30.699479999551755],[-81.44056475343135,30.69953796883045],[-81.44057714616581,30.69957444413478],[-81.44057576940756,30.699631661176635],[-81.44061188385997,30.699693365423734],[-81.44065172385824,30.69969217140903],[-81.44069426318214,30.699699346049634],[-81.4407205461206,30.69964114441136],[-81.44067687859655,30.699594569091136],[-81.44061694024325,30.69957515676385],[-81.44064646091466,30.699543247849327],[-81.440711123903,30.699521509115115],[-81.44076238556025,30.69950525454759],[-81.4408496155299,30.699464838988817],[-81.44086227511052,30.699398284005426],[-81.44081326306491,30.699321083837045],[-81.44077423754709,30.6992890832885],[-81.440769826926,30.699287869390954],[-81.44068913025963,30.699240631008],[-81.44060056123197,30.69924476911425],[-81.44057149957742,30.69925760446822],[-81.44053286119905,30.6993007984128],[-81.44051204635976,30.699338586473644],[-81.44047054607006,30.69931685493991],[-81.44040770759293,30.699262732775843],[-81.44039037104145,30.69917894498657],[-81.44039829278744,30.699095908842043],[-81.44036165685092,30.699038606888855],[-81.44021815301755,30.69897044767064],[-81.44011509668566,30.698944751429448],[-81.44001146663858,30.698942895233813],[-81.43995836008509,30.698995607818638],[-81.43994361053818,30.699034101190588],[-81.4399727335911,30.6990712917858],[-81.44000129543551,30.6991481259351],[-81.44002951308099,30.699239263437224],[-81.44008818718393,30.699328562144593],[-81.44008427601551,30.69937619379905],[-81.44004621819674,30.699349276494875],[-81.4399956055434,30.699269662147596],[-81.43993209386251,30.69915165590847],[-81.43985177202717,30.69904288850556],[-81.43978254789266,30.698977551303212],[-81.439795636652,30.69886449503114],[-81.43978801236447,30.69884177368291],[-81.43975150878748,30.69880772848903],[-81.43977065053774,30.698787797925185],[-81.43978590862612,30.698814307771613],[-81.43984315095788,30.69881950686679],[-81.43990732426975,30.698766395814552],[-81.439977763976,30.69876885018435],[-81.44002665511225,30.69874766400292],[-81.44003368134962,30.698685479376316],[-81.44001224753657,30.698657071376843],[-81.4399961096523,30.69860967648162],[-81.43995341712265,30.698574328778495],[-81.4399138774024,30.69855155858802],[-81.4398678743971,30.698510187610257],[-81.4398573373601,30.698488533687648],[-81.43982764148079,30.69845878415135],[-81.43983043198443,30.69842902070239],[-81.43985138475553,30.698391235236517],[-81.43989046248666,30.698404457192304],[-81.43990934593724,30.69839525457502],[-81.43991773432926,30.698362610327692],[-81.43989496902917,30.698332090722452],[-81.43986085621576,30.698313592315728],[-81.43986779108855,30.698283903108685],[-81.43993873255718,30.69826549627692],[-81.43998372170196,30.69827010353426],[-81.4399836225201,30.698238276304927],[-81.43996185705268,30.698194955199057],[-81.43993833397131,30.698138483905133],[-81.43993423008845,30.69813464326238],[-81.43923987959097,30.69835056465939],[-81.43925236018792,30.698385622758757],[-81.43923753439715,30.698553014785826],[-81.4391748128944,30.698646896796372],[-81.4390895142962,30.69869194057321],[-81.43902998694804,30.698704922011775],[-81.43900268439826,30.698710876293564],[-81.43902310423677,30.698681482839866],[-81.43902952732604,30.698672236443233],[-81.43914355762487,30.698599765480104],[-81.43919058729131,30.69852981960232],[-81.43919813775064,30.698485245997052],[-81.43919898949169,30.69844986698164],[-81.4391935908228,30.698405061357864],[-81.43918455580702,30.698367768112686],[-81.43895621941672,30.69843877315213],[-81.43895222870944,30.698440127723913],[-81.4386416598495,30.698545555961392],[-81.43867955193033,30.69867900507989],[-81.43867924472461,30.69878145766958],[-81.43863684418123,30.69883844607615],[-81.43863343084993,30.698890545147993],[-81.43869423728796,30.699055566974685],[-81.43874105567042,30.699173766810212],[-81.43895489273169,30.699440262498477],[-81.43898578948634,30.699502291035976],[-81.43909260494537,30.699672933775325],[-81.4391525157832,30.699768218120738],[-81.43923378553222,30.69983764860425],[-81.43932751844378,30.699906110633734],[-81.43939328997563,30.699942083884903],[-81.4394312112633,30.699962824934953],[-81.43950824422159,30.69997851546875],[-81.43961164572893,30.69998990790519],[-81.43969291133273,30.700002097234137],[-81.4397409853752,30.70001488364168],[-81.43980676397936,30.70003871978031],[-81.43981310590006,30.70004204973924],[-81.43984908118433,30.70006094391505],[-81.44000012657251,30.700103002982328],[-81.44017912515936,30.70016106559705],[-81.44023387899368,30.70018351236648],[-81.4402359254983,30.700213362494203],[-81.4402312398223,30.700293179010483],[-81.44020621033165,30.700471610689853],[-81.44018724828169,30.700570252404393],[-81.44018146864799,30.700638123233162],[-81.44018004295005,30.70081220816936],[-81.44017208303192,30.700970673945903],[-81.44017467841385,30.701035116961915],[-81.44019532383622,30.701096306332953],[-81.44023482640311,30.701178106941864],[-81.44028169621114,30.7012409585994],[-81.44037742024727,30.701341653461213],[-81.4404966061857,30.701443961040972],[-81.44057704016409,30.70149071801434],[-81.44065767604481,30.701529130272945],[-81.44075875084363,30.701579834598782],[-81.44083693756563,30.70160508596894],[-81.44093976722478,30.70164031763006],[-81.44105739478098,30.70169251073632],[-81.44113146584009,30.70171649474268],[-81.44138410224828,30.701759179471455],[-81.44149830247481,30.70178149645171],[-81.44159600648757,30.701799941114036],[-81.44166325446285,30.701820225770636],[-81.44174682566151,30.70185153518319],[-81.44178235044298,30.701868866725615],[-81.44188138487111,30.701946962014603],[-81.4419435413906,30.702006508912437],[-81.44199083824336,30.70203962447326]]]},"properties":{"OBJECTID":8677,"UNIT_ID":"S00027","SITE_NAME":"Fort Clinch State Park","ACREAGE":11.33,"EC_TYPE":"Maritime Hammock","EC_CODE":"MAH","DFC_CODE":"MAH","DFC_TYPE":"Maritime Hammock","SHAPE.AREA":45847.880835805,"SHAPE.LEN":1929.2151120712401}},{"type":"Feature","id":8747,"geometry":{"type":"Polygon","coordinates":[[[-81.44110219802735,30.702242326615735],[-81.44109925997188,30.7022317153786],[-81.44115200912661,30.702193902129615],[-81.44121664014153,30.70223679888648],[-81.44128465367903,30.702282736350597],[-81.44135100424975,30.70225411067332],[-81.44145154182311,30.702241004177917],[-81.44173220219035,30.702024605166375],[-81.44191299042667,30.702035103132967],[-81.4418692989901,30.701989677034458],[-81.44179484916782,30.701923947003166],[-81.441693888216,30.701868475901485],[-81.44159246863711,30.701832076512755],[-81.44142728725387,30.70180288390335],[-81.44126219094828,30.701770114788356],[-81.44113995985417,30.701736920325246],[-81.4410022416679,30.70171537368684],[-81.44086665104692,30.701662859795427],[-81.44077205411743,30.701630159822745],[-81.44065436940234,30.701580350681382],[-81.44051376803763,30.70150628060753],[-81.44044853338394,30.701459795798137],[-81.44036737739575,30.701385597545194],[-81.44030522212128,30.70132604999003],[-81.44022328692797,30.701226793752806],[-81.44017002429185,30.70114236236411],[-81.44014108401404,30.70102378265531],[-81.44013485846796,30.700937808508755],[-81.44014115558127,30.700848480825048],[-81.44014932222275,30.700738913136558],[-81.44014364657706,30.70068753278925],[-81.44015984121124,30.700531599761483],[-81.44018352145883,30.700409193037864],[-81.44020337276646,30.70027359902143],[-81.44020457762338,30.700223533637946],[-81.44016254712679,30.700189390435334],[-81.44009653887473,30.700175089433284],[-81.43995723735932,30.700133240828485],[-81.43988740028604,30.70010575422734],[-81.4397572524909,30.700056913728965],[-81.43973161683383,30.700047607720503],[-81.43967777139314,30.7000280616534],[-81.43960600641907,30.700023198184223],[-81.43951624999225,30.700019204966893],[-81.43942427615923,30.69999251415852],[-81.4394058611794,30.699984890646075],[-81.43934899704348,30.699961351959885],[-81.43930138222902,30.699929492772583],[-81.43923753090152,30.699883032224246],[-81.43916437990782,30.699820901976715],[-81.43910622820074,30.69976738873243],[-81.43904237176882,30.69966368629228],[-81.43898908321663,30.699580445777656],[-81.43885737259546,30.699395627851395],[-81.43876081529177,30.69927225843117],[-81.43868884184938,30.69916125473407],[-81.43863843122055,30.69907329614704],[-81.4386086894841,30.698988093195105],[-81.43858703777221,30.698911382602255],[-81.4385917809674,30.698829182914324],[-81.43862076535261,30.698773652399144],[-81.43863290956251,30.698728554467795],[-81.43862363575026,30.698654450948784],[-81.43859918937382,30.698557936955957],[-81.43848921542292,30.698589996353668],[-81.43848272942788,30.69859664634239],[-81.43845431444726,30.69862857461142],[-81.43841767613225,30.698634595831017],[-81.4383932662257,30.698637975035158],[-81.43837717047718,30.698663445296862],[-81.43834064698206,30.6986646981148],[-81.43831487837667,30.698678546659426],[-81.43829224217167,30.698700083869852],[-81.43824353294104,30.698677041581536],[-81.43822224453048,30.69866782314196],[-81.43816822160568,30.69870692396442],[-81.43813754946844,30.698740719170914],[-81.43810563342547,30.698780216242895],[-81.4380959093593,30.698862565516293],[-81.43810521726321,30.6989352391071],[-81.43812157197539,30.698990865607783],[-81.43810681443559,30.699052613210487],[-81.43808581503039,30.699098030144096],[-81.43800542334793,30.699129980347347],[-81.43798218980137,30.699176310947824],[-81.43798124805932,30.69921540953096],[-81.43799812997806,30.699249103455504],[-81.4380465287288,30.699305782166196],[-81.4380974461673,30.69930383280807],[-81.43813601921835,30.699309293783678],[-81.43816404504395,30.69929357826626],[-81.438196882535,30.699261729306635],[-81.43824372220612,30.69924539637769],[-81.4382824789607,30.69924322898042],[-81.43832906969058,30.699283179537737],[-81.43833149017833,30.69932043003069],[-81.43829418188753,30.69930831297766],[-81.43826122695242,30.69929913603118],[-81.43823852274836,30.699323534112295],[-81.43825427676609,30.69935816151854],[-81.43828106137381,30.699393940366186],[-81.43830565887671,30.69942872627984],[-81.43835220005565,30.699424790032282],[-81.43836166359254,30.69939920088362],[-81.43836232958554,30.69937154659557],[-81.43838125828754,30.699366161693863],[-81.43839687456529,30.69940651078669],[-81.43840590445704,30.699444833471848],[-81.43839602859242,30.699487587747733],[-81.43835181603092,30.699532588675762],[-81.43831386459435,30.699547173501415],[-81.43828998538486,30.69957441171981],[-81.43829659740283,30.69962127823846],[-81.43829994023633,30.69966617780372],[-81.438285848743,30.69970027026083],[-81.438292828245,30.699731878309887],[-81.43833848536015,30.699764656474482],[-81.43840932303763,30.699762110315348],[-81.43845664788566,30.699771544778926],[-81.4385217745525,30.699776527835194],[-81.43858036071693,30.699777577828538],[-81.4386272722443,30.699804177344994],[-81.4386409760611,30.699832090073794],[-81.43862225675656,30.699874685888243],[-81.43858833435523,30.69985976750549],[-81.43852016702715,30.699843281638778],[-81.43842756660482,30.69983112736856],[-81.43837314900667,30.69984064664552],[-81.43835217254006,30.699885109427406],[-81.43835747286516,30.69994053870315],[-81.43838423571853,30.699977271783972],[-81.43838131265038,30.70000679398866],[-81.43833930728812,30.700006041105333],[-81.43830607653607,30.70000830757181],[-81.43828307258765,30.70004510237914],[-81.43827234316694,30.70007734674915],[-81.43827996944155,30.700128047281236],[-81.43829671380061,30.70016746289818],[-81.43836499611693,30.700179181389075],[-81.4384011500109,30.700147391798676],[-81.43843953693748,30.700114688494235],[-81.43847806538584,30.700122057835813],[-81.43852983290545,30.700084823878385],[-81.4385440851143,30.70004405636612],[-81.43855918976811,30.70001379784842],[-81.43857793207916,30.69997024872078],[-81.43859398206415,30.699946685045106],[-81.43860529208027,30.699982187410214],[-81.43860184089962,30.700033643118985],[-81.43861522326267,30.700074905897743],[-81.43862402363955,30.700122765363485],[-81.43866628444503,30.700158822413403],[-81.4387190460255,30.700172170038257],[-81.43877240357922,30.700160724171113],[-81.43880317065985,30.700168907163118],[-81.43881721899787,30.70018251562017],[-81.4388370626688,30.700231049837576],[-81.43885491334476,30.70027048521353],[-81.4388703003279,30.70032037015795],[-81.43887041802273,30.700361396118883],[-81.43887903486167,30.70041688391998],[-81.43894732033756,30.700474395587058],[-81.43903819640846,30.70051227740499],[-81.43909056684785,30.700541836680365],[-81.43910408722068,30.700577377722315],[-81.43906779669854,30.700614888325624],[-81.43905598431259,30.700646159631273],[-81.43908442961538,30.700704865714723],[-81.4391930075917,30.700788381167936],[-81.4391995512289,30.70083810764096],[-81.43923819785084,30.70088650185759],[-81.43926277306102,30.7009222409636],[-81.43928817782928,30.700969444184295],[-81.43935287217639,30.701038339683702],[-81.43965284040517,30.70131835524488],[-81.43980112484792,30.701360365071654],[-81.44008811094452,30.701497877469873],[-81.44016903730864,30.701581612675625],[-81.44025212998521,30.701747671486945],[-81.44036329319641,30.70195358650168],[-81.44053835734772,30.702089093543844],[-81.44110219802735,30.702242326615735]]]},"properties":{"OBJECTID":8747,"UNIT_ID":"S00027","SITE_NAME":"Fort Clinch State Park","ACREAGE":7.96,"EC_TYPE":"Maritime Hammock","EC_CODE":"MAH","DFC_CODE":"MAH","DFC_TYPE":"Maritime Hammock","SHAPE.AREA":32210.62427187,"SHAPE.LEN":1451.4704785192303}},{"type":"Feature","id":9002,"geometry":{"type":"Polygon","coordinates":[[[-81.48952569509838,30.713150873229626],[-81.4895321863716,30.713195654788116],[-81.48953422899758,30.713260798503455],[-81.48953410123957,30.713283123275286],[-81.48953388341897,30.713321217264824],[-81.48953759063747,30.713370695143663],[-81.48953837054836,30.71338113046007],[-81.48954525192669,30.713445778637304],[-81.48954765354219,30.713491331229253],[-81.48954852385651,30.713507809626723],[-81.48955420365816,30.713571430691978],[-81.48956112015438,30.71360430892148],[-81.4895671467991,30.713632959064306],[-81.48957706463042,30.71369554668952],[-81.48958343686952,30.713732135631105],[-81.48958760149233,30.713756038508606],[-81.48961324852557,30.713815474185196],[-81.48961873529792,30.713885991542888],[-81.48964935856515,30.713940305154495],[-81.4896939966309,30.713996582146983],[-81.48971654072527,30.71401892738842],[-81.48973857325954,30.71404076424124],[-81.48979664706583,30.714076784574385],[-81.48983440249387,30.71412934568877],[-81.4898915442513,30.71416660352886],[-81.48995473744813,30.71419489274821],[-81.49000306672677,30.71419223839279],[-81.4900602657072,30.714186822687857],[-81.4901233203568,30.714147563105332],[-81.49016550357425,30.7141055887532],[-81.49019939802095,30.714075103821877],[-81.49022327383288,30.71405014372028],[-81.49023524642715,30.714043877046375],[-81.49028071149787,30.71401468059965],[-81.49029738953222,30.71398974194582],[-81.49030198898005,30.713980699163077],[-81.49030689748828,30.713971047921703],[-81.49032592402915,30.713935733385807],[-81.49032955138344,30.713929400410194],[-81.49033782307015,30.713914956633378],[-81.49034728724122,30.71388797574423],[-81.49035437538714,30.713865140356262],[-81.49035639049282,30.71384883161314],[-81.49035898819704,30.713827806816145],[-81.49036032701834,30.713815711278404],[-81.49036128340718,30.713807067875607],[-81.490364080198,30.71379722541003],[-81.49036600062406,30.713790464927126],[-81.49036853181931,30.713785279177134],[-81.49037550391816,30.713770992871847],[-81.4903941879461,30.713763344916547],[-81.4904042528111,30.713759224433172],[-81.49041268402898,30.713754715589925],[-81.49042265838264,30.713749381972434],[-81.49043706788632,30.713747946551226],[-81.49045200325176,30.713746458161218],[-81.490480691897,30.71375672991166],[-81.49049269727277,30.71375748696163],[-81.49051708066085,30.713758798465093],[-81.49052683584648,30.713760007295154],[-81.4905355805907,30.713760812565972],[-81.49060335790426,30.713770738380923],[-81.49062788237735,30.713786090564476],[-81.49065361174846,30.713802197673584],[-81.49069307709695,30.713841607615507],[-81.49072403288227,30.71390966666759],[-81.49074772377308,30.71397138180871],[-81.49082803043356,30.714007791104258],[-81.49085873235542,30.71399656166557],[-81.49087869994231,30.713989257993415],[-81.49092282832082,30.71397919271593],[-81.49095380252457,30.713957882655546],[-81.49097161174318,30.713936284711234],[-81.49099261418375,30.713920596808027],[-81.49101056696846,30.713897120962873],[-81.49101955411648,30.713886676803792],[-81.49104947175543,30.7138475572366],[-81.49108545016898,30.713816209944365],[-81.49110939176725,30.713784905579498],[-81.49113034267431,30.713758818572938],[-81.49113905395315,30.713750144513213],[-81.49115132034771,30.71373793157502],[-81.49116330032966,30.713724879771224],[-81.49117632399565,30.7137059490247],[-81.49118123695806,30.713698807461018],[-81.4911842082627,30.713690999904106],[-81.49119911582814,30.71365972176146],[-81.49122607488444,30.71363101061823],[-81.4912470684948,30.713612724560615],[-81.49128308311914,30.713589184384546],[-81.491310110562,30.713570863592928],[-81.49133110949164,30.713555186402242],[-81.49135211832221,30.713542101941144],[-81.49136771526528,30.713535247942367],[-81.49138248330426,30.713525211713346],[-81.49139854164149,30.71352015157344],[-81.491448730667,30.71350434122175],[-81.49147611480922,30.713501600040406],[-81.49148989164196,30.713500224625207],[-81.49150129207685,30.71349419570674],[-81.4915198725491,30.713484375109125],[-81.49151501528027,30.713429473844375],[-81.49146132347825,30.71339578655203],[-81.49144373665108,30.713384747093777],[-81.49140763495032,30.71336209479001],[-81.49139865454482,30.71332418463086],[-81.49139305102014,30.713300526099932],[-81.49141006157059,30.713242245087816],[-81.49143043600039,30.71321653285125],[-81.49145011886999,30.713191695498132],[-81.49145742166236,30.71313068220647],[-81.49145101938514,30.713070174791785],[-81.49144464983095,30.713058036820268],[-81.49142196833412,30.713014838120948],[-81.49139908034053,30.712974546562826],[-81.49139171855794,30.712961587987675],[-81.49137220613152,30.71290419124469],[-81.49137475301237,30.712842689752264],[-81.49139635498894,30.71278438117163],[-81.49139508660102,30.712750563721965],[-81.49139412777441,30.712724977395318],[-81.49139423486747,30.712684017596743],[-81.49139428961593,30.712662467703407],[-81.4913878999318,30.712600986064988],[-81.49137614753559,30.712542102026053],[-81.49137686174953,30.712510182665444],[-81.4913774987617,30.712481713584463],[-81.49136157780008,30.712422827602865],[-81.49134983416391,30.712361358378267],[-81.491349906257,30.71233451009997],[-81.49135000179156,30.71229891461028],[-81.49134946167449,30.712266830812776],[-81.49134897664551,30.712238038257414],[-81.49134974321753,30.712175101099483],[-81.49134395457747,30.71211370394823],[-81.49132804484778,30.712054344916634],[-81.49131451394187,30.711996035451897],[-81.49130633332696,30.71196135120907],[-81.49130039474919,30.711936173290976],[-81.49128031479948,30.71187887839453],[-81.49125606734215,30.711822601099588],[-81.49124552164173,30.711763293849117],[-81.49123973918272,30.711704030539565],[-81.49123908090732,30.71168603967101],[-81.49123753263142,30.71164375547347],[-81.49122639318009,30.71158498859056],[-81.49121678584672,30.711552754677896],[-81.4912087104824,30.711525661549437],[-81.49120556570409,30.71149820694427],[-81.49120174681808,30.711464863089226],[-81.49119835777682,30.711403062767108],[-81.49119317611138,30.711343849679768],[-81.49118442699623,30.71128462626246],[-81.4911673421995,30.711226890856388],[-81.49115991245594,30.711182220080616],[-81.49115740567707,30.711167148101918],[-81.49115544678679,30.711148607967743],[-81.49115104191056,30.711106925390084],[-81.49115075613017,30.711065214151713],[-81.49115063011082,30.711046766586787],[-81.49114486149234,30.710986566045037],[-81.49110455792385,30.71093590237843],[-81.4910880831924,30.710875611273217],[-81.49108351561223,30.71081389305251],[-81.49106942166442,30.710755187913474],[-81.49105235617567,30.71069491258389],[-81.49103528506417,30.710637224300335],[-81.49101549205102,30.710609379219648],[-81.49099855437193,30.710585550611228],[-81.49096599829113,30.710531849829774],[-81.49094059119032,30.710474072905146],[-81.49090326086989,30.71042186312855],[-81.49085636830381,30.710377822036133],[-81.49084169314006,30.710317582346438],[-81.49083654868069,30.71025693574676],[-81.49082664204602,30.710196247918756],[-81.49080659978036,30.710139063659025],[-81.49079550521465,30.71007836669849],[-81.49079334348363,30.71001779861128],[-81.4907911850551,30.709956204741943],[-81.49078616402035,30.70990312974452],[-81.49064752181151,30.709756481966078],[-81.49037525781904,30.709679747698967],[-81.49017373533665,30.70963509258679],[-81.49004634773343,30.709478667387366],[-81.48997972899538,30.70927191256171],[-81.48992429526334,30.709096192524907],[-81.48979812118553,30.70888839178658],[-81.48971935067762,30.70869170355976],[-81.48966318910203,30.708546808159312],[-81.48978545390044,30.70841532559247],[-81.48996775883674,30.708264339021447],[-81.4901016915459,30.70814334027347],[-81.49009293257231,30.70800955664301],[-81.48986883834367,30.7079028289501],[-81.48973781571934,30.707900527895912],[-81.48952175271441,30.70795840886388],[-81.48948310919876,30.70808108079589],[-81.48948019885167,30.708204380369544],[-81.48942843143554,30.708378217552116],[-81.48936499526494,30.70854157062539],[-81.48927749302352,30.708714780109865],[-81.4892266952417,30.708847517708037],[-81.48931842192589,30.70909210394476],[-81.48932758948355,30.709116549857317],[-81.48940878599488,30.709210489401894],[-81.48953689991326,30.709336090440765],[-81.48961761071978,30.70945057876224],[-81.48968374384368,30.709677883588064],[-81.48965798121083,30.70975966531243],[-81.48959454352436,30.70992301864079],[-81.48957996448559,30.71003583428146],[-81.48957729674105,30.71014885823399],[-81.48971659577877,30.71030549312429],[-81.4897589059067,30.71053237965737],[-81.48975308571096,30.71077897928707],[-81.48974653796382,30.71105640370027],[-81.48976497853802,30.711160358520193],[-81.48978860701547,30.711293564385862],[-81.4898304326877,30.711541000901164],[-81.48979957710316,30.71183855694627],[-81.48977853793629,30.71202481724416],[-81.48976944887139,30.71210528828927],[-81.48964987551686,30.712627430194846],[-81.48963115493524,30.712803105969943],[-81.48961926163688,30.712914711520163],[-81.4895564475061,30.71304758119603],[-81.48952569509838,30.713150873229626]]]},"properties":{"OBJECTID":9002,"UNIT_ID":"S00027","SITE_NAME":"Fort Clinch State Park","ACREAGE":19.05,"EC_TYPE":"Maritime Hammock","EC_CODE":"MAH","DFC_CODE":"MAH","DFC_TYPE":"Maritime Hammock","SHAPE.AREA":77102.54380729,"SHAPE.LEN":1701.23977732314}},{"type":"Feature","id":9003,"geometry":{"type":"Polygon","coordinates":[[[-81.48698711887792,30.70585610246097],[-81.48701931183484,30.70596138351876],[-81.48713526542548,30.706097051851785],[-81.48717999584846,30.706221188813196],[-81.487354290659,30.706409278359082],[-81.48755216518033,30.706608061340336],[-81.48774979772855,30.70681711985475],[-81.48788714826318,30.707055956053104],[-81.48795594564152,30.707170235787537],[-81.48799498205342,30.707284959697297],[-81.48802280075164,30.70736671632676],[-81.48801697672576,30.707613314391075],[-81.48806001014914,30.70780937630923],[-81.48815044638587,30.708016549546176],[-81.48826470512502,30.70822414228823],[-81.48840497023633,30.70833967867127],[-81.48857975591429,30.708507217244872],[-81.4886850151396,30.708591299918417],[-81.48877860701359,30.708664899276926],[-81.48886101461459,30.70870746371694],[-81.48901537535016,30.708730733865984],[-81.48912330438185,30.70870179242213],[-81.48917216173766,30.70865125491648],[-81.48915222045034,30.708486437263545],[-81.48908609024748,30.70825913241615],[-81.48901923154665,30.708062653123687],[-81.48896477035865,30.707845832429538],[-81.48888575853546,30.70765941876563],[-81.48881950642952,30.70745378785511],[-81.48876298558635,30.7073077681041],[-81.48871897961052,30.70715280687574],[-81.48871070765554,30.70699847350286],[-81.48878290217358,30.706968904521712],[-81.48885655113695,30.706877685313263],[-81.48886142706877,30.706877770978682],[-81.48886872374518,30.706852824670108],[-81.48885613348017,30.706823982696495],[-81.48876888937808,30.706795259686274],[-81.4887357829844,30.7067783736376],[-81.48870496264674,30.706762653648223],[-81.48870743091375,30.706728352087403],[-81.4887542661133,30.706712002515673],[-81.48876025446889,30.70666917657114],[-81.48873971041853,30.706625884458465],[-81.48869987685424,30.70655649473191],[-81.48866325739952,30.706491454134948],[-81.48861432177551,30.706456249383265],[-81.48860460522278,30.7063759405073],[-81.48855570345792,30.706339304843265],[-81.48850372174331,30.706292598226234],[-81.48848849077228,30.706235089064077],[-81.48844272312567,30.70618977346855],[-81.48836588250704,30.706158520588307],[-81.48836083729886,30.706091172689494],[-81.48838262729484,30.706011417466808],[-81.48840793632282,30.705923137856605],[-81.48845842538219,30.705892542225723],[-81.48853547936427,30.705860981876352],[-81.48857321208465,30.705878817343176],[-81.48862211468837,30.705915453006767],[-81.48866451860303,30.705946249415984],[-81.48868878311413,30.7059724353369],[-81.48869118762524,30.70601111515688],[-81.4887326121562,30.706083394890126],[-81.48873778161762,30.706093176210967],[-81.48877231151728,30.70615850637957],[-81.48878818430327,30.70618883750927],[-81.48879312847906,30.70626047628168],[-81.48878037224894,30.70630890745731],[-81.48874924117455,30.706362739944243],[-81.48873432061364,30.706432599118756],[-81.4887452193303,30.706462842864727],[-81.4887327670275,30.706498399587765],[-81.48873192267575,30.706534161164132],[-81.48874248368817,30.706578708462477],[-81.4887869508433,30.706592369535795],[-81.48885588643176,30.70662363204625],[-81.48886512751459,30.70665384666334],[-81.48886881829263,30.70670829097279],[-81.48888869988787,30.706744413081523],[-81.48889904151028,30.706763201429016],[-81.48893224242967,30.7068324745817],[-81.4889670962839,30.7068796274434],[-81.48904712716649,30.706881033425372],[-81.48911712415983,30.706882263095316],[-81.48924961519025,30.706884590533306],[-81.48939375911031,30.706835726838335],[-81.48950241370397,30.70677595961283],[-81.4893869414201,30.7066197433752],[-81.48937754669015,30.706606036898677],[-81.4892371920853,30.706401250117228],[-81.48921725111902,30.70623643275522],[-81.48917227575984,30.706122571302867],[-81.48909156797893,30.706008082118483],[-81.48883292364741,30.70585962937658],[-81.48874127495033,30.705703831255292],[-81.48867199354345,30.705610100879724],[-81.48839877108512,30.705574462561238],[-81.48819895574643,30.705457879835397],[-81.48808178819499,30.705373587658084],[-81.48785377005525,30.705394114642857],[-81.48780017065803,30.70545738579716],[-81.4877542533976,30.70557535528772],[-81.4877236309348,30.705677851749506],[-81.48766972713386,30.705782801063265],[-81.48764356972059,30.705836720719564],[-81.4875817101039,30.70585709937714],[-81.48751575285947,30.705840198088634],[-81.48745988100288,30.70581775081025],[-81.48742184438215,30.705812788595388],[-81.48739612422773,30.70577799154089],[-81.48738688466149,30.70574777776833],[-81.4873863748758,30.705699112616788],[-81.48740058659169,30.705659293391612],[-81.48736437665053,30.70564720853464],[-81.48729517363219,30.705697509314028],[-81.48723784876708,30.70573657148577],[-81.48721212406913,30.70573116310532],[-81.48718690660274,30.70574515454007],[-81.48717140410662,30.705753753074593],[-81.48711633990581,30.7057877527877],[-81.4870498644239,30.70579712549519],[-81.48699460762171,30.70583790332044],[-81.4869914125909,30.705845667148182],[-81.48698711887792,30.70585610246097]]]},"properties":{"OBJECTID":9003,"UNIT_ID":"S00027","SITE_NAME":"Fort Clinch State Park","ACREAGE":9.4,"EC_TYPE":"Maritime Hammock","EC_CODE":"MAH","DFC_CODE":"MAH","DFC_TYPE":"Maritime Hammock","SHAPE.AREA":38045.885095205,"SHAPE.LEN":1339.28081575124}},{"type":"Feature","id":9004,"geometry":{"type":"Polygon","coordinates":[[[-81.48741280236285,30.710532405098085],[-81.48740443454987,30.710565421245015],[-81.48732672091585,30.710602716276135],[-81.48722924534091,30.71069351615672],[-81.48717747199025,30.710867352834875],[-81.48717577269757,30.710939277184146],[-81.48739655442823,30.71099161466184],[-81.48739848783603,30.710936978726853],[-81.48740172959359,30.7108453623892],[-81.4874117576953,30.71056185134905],[-81.48741280236285,30.710532405098085]]]},"properties":{"OBJECTID":9004,"UNIT_ID":"S00027","SITE_NAME":"Fort Clinch State Park","ACREAGE":0.18,"EC_TYPE":"Maritime Hammock","EC_CODE":"MAH","DFC_CODE":"MAH","DFC_TYPE":"Maritime Hammock","SHAPE.AREA":747.998889085,"SHAPE.LEN":126.780140824231}},{"type":"Feature","id":9006,"geometry":{"type":"Polygon","coordinates":[[[-81.48762513236832,30.711054562718413],[-81.48775676520498,30.711062561784487],[-81.48794807674334,30.7110350866449],[-81.48802019821228,30.711023956575787],[-81.4880676771301,30.71101663019623],[-81.48823807758131,30.710865436201697],[-81.48834770751151,30.710764570039043],[-81.48843181500919,30.710735210438536],[-81.48867004445354,30.71073939627279],[-81.48877748937058,30.71073100484375],[-81.48892188237264,30.710671865690948],[-81.4889950496445,30.710601196888923],[-81.48910178114365,30.710464193554724],[-81.48910564781536,30.710459230519675],[-81.4890378184408,30.71030385054737],[-81.48893211933033,30.710208881704133],[-81.48892113008017,30.71019900803697],[-81.4887548559293,30.710175528487884],[-81.48865980705537,30.710163579351576],[-81.488711820268,30.70997946642612],[-81.48867802729028,30.709896639376343],[-81.4885355762076,30.7098735781339],[-81.48829928989124,30.709787191972918],[-81.48816169224682,30.709558630572865],[-81.48807198371995,30.709320632429602],[-81.48785125053456,30.70908033056833],[-81.48772775125033,30.70875950421288],[-81.48768714402492,30.708460693142566],[-81.487633413466,30.708213047214556],[-81.48753376809353,30.708057342760686],[-81.48750700219333,30.708015519478774],[-81.48743943136469,30.708029797734618],[-81.48732736427897,30.70805347914288],[-81.48713338762913,30.708193978029396],[-81.48710446755298,30.70840933273169],[-81.4872050418513,30.708607844468848],[-81.48730940165156,30.708813825358728],[-81.48745817950315,30.709073421510066],[-81.48741564951554,30.709360492205217],[-81.48735099492181,30.709575219873752],[-81.48735805142496,30.709780928119486],[-81.48754305109324,30.710020602753634],[-81.48750270444188,30.71021519863823],[-81.48747766820027,30.71026615439385],[-81.48747215528715,30.710297007675404],[-81.48747141369819,30.710301150297898],[-81.48765162002377,30.710305910742857],[-81.48764768760014,30.71041704289391],[-81.48764643419459,30.7104524088649],[-81.48764634298819,30.71045507553719],[-81.48763941419062,30.710650895324022],[-81.48762513236832,30.711054562718413]]]},"properties":{"OBJECTID":9006,"UNIT_ID":"S00027","SITE_NAME":"Fort Clinch State Park","ACREAGE":6.25,"EC_TYPE":"Maritime Hammock","EC_CODE":"MAH","DFC_CODE":"MAH","DFC_TYPE":"Maritime Hammock","SHAPE.AREA":25289.870979274998,"SHAPE.LEN":902.4729420040511}},{"type":"Feature","id":9007,"geometry":{"type":"Polygon","coordinates":[[[-81.48769405298692,30.711195089718487],[-81.48758466471081,30.711285680502105],[-81.48749982836661,30.71134586434932],[-81.48737877106409,30.711425970696087],[-81.48737512997104,30.711580095278183],[-81.48742156214081,30.711632307386946],[-81.48745739461673,30.711648557501942],[-81.48753946421044,30.711685776665863],[-81.48759756526755,30.711748473009767],[-81.48766345279199,30.7119860540838],[-81.48766126838622,30.71207852833407],[-81.48770066230996,30.712428715715262],[-81.48769774977778,30.71255201566042],[-81.48765521904589,30.71283908718682],[-81.4877240188495,30.71295336841835],[-81.487889083655,30.713028223839455],[-81.48792724542992,30.7129261017247],[-81.48794304004976,30.71276191138899],[-81.48789976212707,30.712576124519288],[-81.48796732965488,30.71223809617946],[-81.4880925117922,30.71198331566517],[-81.48815692368936,30.71177886218333],[-81.48817041098455,30.71165947021013],[-81.48817198979961,30.711645496708968],[-81.48811364474848,30.711593075499078],[-81.48804387471152,30.711519894226146],[-81.48802150785818,30.71145782608136],[-81.48797555980696,30.711385063430455],[-81.4879427377093,30.711261135571718],[-81.48783699104297,30.71119760200158],[-81.48776649229096,30.711155246228014],[-81.48769405298692,30.711195089718487]]]},"properties":{"OBJECTID":9007,"UNIT_ID":"S00027","SITE_NAME":"Fort Clinch State Park","ACREAGE":1.84,"EC_TYPE":"Maritime Hammock","EC_CODE":"MAH","DFC_CODE":"MAH","DFC_TYPE":"Maritime Hammock","SHAPE.AREA":7449.41982358,"SHAPE.LEN":476.245805201092}},{"type":"Feature","id":9008,"geometry":{"type":"Polygon","coordinates":[[[-81.48841143342052,30.711598308386918],[-81.48835971041677,30.711662366677547],[-81.48833778082827,30.711689526792405],[-81.48839466913479,30.711803598292807],[-81.48851257188342,30.711857066776133],[-81.48872625198518,30.711891658664104],[-81.48881205953758,30.711790373513708],[-81.48879276882954,30.711668993060805],[-81.48878093351583,30.711594521382306],[-81.48864042213282,30.71148926001452],[-81.48841143342052,30.711598308386918]]]},"properties":{"OBJECTID":9008,"UNIT_ID":"S00027","SITE_NAME":"Fort Clinch State Park","ACREAGE":0.34,"EC_TYPE":"Maritime Hammock","EC_CODE":"MAH","DFC_CODE":"MAH","DFC_TYPE":"Maritime Hammock","SHAPE.AREA":1377.6683782,"SHAPE.LEN":138.370870036282}},{"type":"Feature","id":9012,"geometry":{"type":"Polygon","coordinates":[[[-81.43623357337992,30.669310304405496],[-81.43623204985761,30.669319297620333],[-81.43621962955133,30.6693461670639],[-81.4362147277974,30.669386717116307],[-81.43621350426,30.669437493121823],[-81.43619258549892,30.669491302382145],[-81.43619185136518,30.6695217681677],[-81.43623434906691,30.669549623022863],[-81.4362775819448,30.66954701209743],[-81.43631353885588,30.66952056495353],[-81.43631043262901,30.669486643611062],[-81.43629947946327,30.669452582375975],[-81.43632358700285,30.669429309273003],[-81.43633184071784,30.66941252411109],[-81.43634042065894,30.669382200002232],[-81.4363424539782,30.66937394248088],[-81.43623357337992,30.669310304405496]]]},"properties":{"OBJECTID":9012,"UNIT_ID":"S00027","SITE_NAME":"Fort Clinch State Park","ACREAGE":0.06,"EC_TYPE":"Maritime Hammock","EC_CODE":"MAH","DFC_CODE":"MAH","DFC_TYPE":"Maritime Hammock","SHAPE.AREA":244.242824665,"SHAPE.LEN":68.0161954461219}},{"type":"Feature","id":9013,"geometry":{"type":"Polygon","coordinates":[[[-81.43592562174742,30.6724585544677],[-81.43592036786107,30.672460259434537],[-81.43590450889786,30.6724689782931],[-81.43589342988771,30.672495787115167],[-81.43588180763595,30.672545093002448],[-81.43588028950637,30.672608084480228],[-81.43587833762905,30.672689073270003],[-81.43588670679341,30.672774748099368],[-81.4358948069629,30.67278259614689],[-81.43592562174742,30.6724585544677]]]},"properties":{"OBJECTID":9013,"UNIT_ID":"S00027","SITE_NAME":"Fort Clinch State Park","ACREAGE":0.02,"EC_TYPE":"Maritime Hammock","EC_CODE":"MAH","DFC_CODE":"MAH","DFC_TYPE":"Maritime Hammock","SHAPE.AREA":87.53531807,"SHAPE.LEN":73.8409374387427}},{"type":"Feature","id":9065,"geometry":{"type":"Polygon","coordinates":[[[-81.44967021629753,30.70303278992472],[-81.44987316759516,30.70304356688986],[-81.44989654973003,30.70304415986453],[-81.45001215610901,30.703047089691076],[-81.44998783839837,30.70294674237216],[-81.44998451071825,30.702932949487707],[-81.44967021629753,30.70303278992472]]]},"properties":{"OBJECTID":9065,"UNIT_ID":"S00027","SITE_NAME":"Fort Clinch State Park","ACREAGE":0.05,"EC_TYPE":"Maritime Hammock","EC_CODE":"MAH","DFC_CODE":"MAH","DFC_TYPE":"Maritime Hammock","SHAPE.AREA":209.30825441,"SHAPE.LEN":77.7696602019777}},{"type":"Feature","id":9066,"geometry":{"type":"Polygon","coordinates":[[[-81.4539029670969,30.701201694220472],[-81.45393241496865,30.701584461403648],[-81.45449635095632,30.701577776515226],[-81.4546345072643,30.701578444988566],[-81.45462533333445,30.701244292410262],[-81.4542630785423,30.70120024840282],[-81.4539029670969,30.701201694220472]]]},"properties":{"OBJECTID":9066,"UNIT_ID":"S00027","SITE_NAME":"Fort Clinch State Park","ACREAGE":0.6900000000000001,"EC_TYPE":"Maritime Hammock","EC_CODE":"MAH","DFC_CODE":"MAH","DFC_TYPE":"Maritime Hammock","SHAPE.AREA":2787.91711432,"SHAPE.LEN":216.349437203368}},{"type":"Feature","id":9067,"geometry":{"type":"Polygon","coordinates":[[[-81.45245621528026,30.70126273709217],[-81.45248649422125,30.701703779800503],[-81.45250597765856,30.701702879481267],[-81.45251488616995,30.701702467654613],[-81.4529344112647,30.701683082610494],[-81.45345080335423,30.70161914130137],[-81.45350326922417,30.70161264460985],[-81.45346437612065,30.701147281948824],[-81.45326673089313,30.70116078309789],[-81.45248343302372,30.70125931357804],[-81.4524735841605,30.701260552391624],[-81.45245621528026,30.70126273709217]]]},"properties":{"OBJECTID":9067,"UNIT_ID":"S00027","SITE_NAME":"Fort Clinch State Park","ACREAGE":1.25,"EC_TYPE":"Maritime Hammock","EC_CODE":"MAH","DFC_CODE":"MAH","DFC_TYPE":"Maritime Hammock","SHAPE.AREA":5065.27512109,"SHAPE.LEN":296.118871140282}},{"type":"Feature","id":9068,"geometry":{"type":"MultiPolygon","coordinates":[[[[-81.4552702589764,30.701079443696496],[-81.45526358507912,30.701154303278763],[-81.45526468963344,30.70119199334257],[-81.455287796439,30.701241290908754],[-81.45538609376025,30.701305895054134],[-81.45553703251267,30.701313238262514],[-81.45564525956625,30.701301197138935],[-81.45579258464362,30.701233982308413],[-81.45609397743497,30.70109967132442],[-81.4562164696391,30.701055292924387],[-81.45628940843713,30.701051935146243],[-81.45642663692082,30.701068345307604],[-81.45655201980956,30.701128774718097],[-81.45662215051165,30.70113002274766],[-81.45670131866356,30.701091857330944],[-81.456889880702,30.700992783547242],[-81.45695920494288,30.700914867707873],[-81.45711417625714,30.700866410508638],[-81.457284384942,30.700857799356132],[-81.457390302806,30.700829420471283],[-81.45761359524488,30.70074493147653],[-81.45780693980899,30.700671549778715],[-81.45786255444659,30.70060270067384],[-81.45805976321452,30.70048050037837],[-81.45826967931521,30.700391117451094],[-81.458290311878,30.700431058582915],[-81.45816288630324,30.70051259765361],[-81.45805933213997,30.700554986979107],[-81.45797746803514,30.700593105166117],[-81.45797652264704,30.700632663462564],[-81.45800907216987,30.70064891936843],[-81.45807561810756,30.700609125176463],[-81.4584155368529,30.70041243967895],[-81.45862233683975,30.700290900489513],[-81.4587614438668,30.70023573849325],[-81.45886356335406,30.700195248650797],[-81.45896773786757,30.700153938003886],[-81.45931207133452,30.700061675347712],[-81.45962791445777,30.700004681883133],[-81.45988741949641,30.699991406057226],[-81.4600800110825,30.70003060523265],[-81.46030162807423,30.700156778077034],[-81.46030398562543,30.700032394014084],[-81.46033916029931,30.699985929568403],[-81.46036871430076,30.699917628786427],[-81.46037602901612,30.699900722426538],[-81.46039773627689,30.699825262688645],[-81.46040939247041,30.699753917917267],[-81.46039255464869,30.699673920508335],[-81.46039969446952,30.6995965468835],[-81.46042151333305,30.699531070800013],[-81.46042817659904,30.699511075347814],[-81.46047652994179,30.69944314467603],[-81.46049637352061,30.699376238061184],[-81.46053100378617,30.69931531833385],[-81.4605755142134,30.69925743713004],[-81.46061147631026,30.699234260039802],[-81.46063608552686,30.699137768074237],[-81.46073666494266,30.69895700076134],[-81.4607735322991,30.69884809830651],[-81.46083779335366,30.698658278871203],[-81.46094191964251,30.69858142132536],[-81.46104023396757,30.698516386515376],[-81.46105023203438,30.698445012315904],[-81.46097242514992,30.698345841833728],[-81.46092144905413,30.698311115979052],[-81.46087177059538,30.69827727223296],[-81.46076806801167,30.698220572657352],[-81.46059823868475,30.698038676155203],[-81.46050336492617,30.697843800101708],[-81.46042675323682,30.697694564792055],[-81.46040754933442,30.69757258507768],[-81.46042256164586,30.697522765148346],[-81.46040486809815,30.69745328418268],[-81.46026694947521,30.697324424486652],[-81.46017831845491,30.697215522244488],[-81.46011316054005,30.697049794810713],[-81.46007512429802,30.696906015346404],[-81.46008213157332,30.696844128071625],[-81.46006241484552,30.696743604334568],[-81.4599852093587,30.696735077486174],[-81.45995572285038,30.696696392806103],[-81.45993899756313,30.69658638229756],[-81.45993936614457,30.696455210541263],[-81.45991509027299,30.69631405995992],[-81.45995323488896,30.696221721137466],[-81.45994419095084,30.696184418416788],[-81.45780323478843,30.69644442187401],[-81.45765006639259,30.69577189284459],[-81.45747124710958,30.695841425357017],[-81.4573375786959,30.695881978311537],[-81.45714398131872,30.695925330230974],[-81.45704156713376,30.695948263291914],[-81.45663897942393,30.69596256529753],[-81.45655390333731,30.695966288602797],[-81.45634839526237,30.695975281867874],[-81.45595324278895,30.696025489699878],[-81.45576162731943,30.696061431861715],[-81.4554251904197,30.69608406280774],[-81.45493461363262,30.69613614662614],[-81.45465629372278,30.69615623289853],[-81.45445707147171,30.696163418043646],[-81.45433686351251,30.696161276916445],[-81.45434177910909,30.69612916595311],[-81.45474471003136,30.696100566159263],[-81.4549440166463,30.696089805206505],[-81.45528485566255,30.69605652123594],[-81.45545929212713,30.696045316735866],[-81.45566765910684,30.696002517581114],[-81.45585841920514,30.696002335741298],[-81.45607050261954,30.695977490323692],[-81.45630331267135,30.695953013499196],[-81.45647791988956,30.695934655177073],[-81.45654531726514,30.695932741985125],[-81.45671030119368,30.695928058220584],[-81.45690986481176,30.695906566577566],[-81.45708447080463,30.695888207496562],[-81.45712984543546,30.695875711407457],[-81.45724309580929,30.69584452189647],[-81.45739740441604,30.69580791315061],[-81.45757701126688,30.695753867039368],[-81.45764051275327,30.695729939400145],[-81.45756940030135,30.69541769601496],[-81.45756480772533,30.695416400076226],[-81.45751605078782,30.69536748961939],[-81.45739324727488,30.69520295308524],[-81.45729169553513,30.69511334352572],[-81.45724885509782,30.69505791177528],[-81.45715221174338,30.69492365917918],[-81.45706900402868,30.694789646494375],[-81.45699602632996,30.69479000480026],[-81.45683672399895,30.694846785827036],[-81.45674812299379,30.694878365851984],[-81.45646783649906,30.694995970636572],[-81.45634780240276,30.6950369068099],[-81.45631802326994,30.695044702473012],[-81.45608113915996,30.69510671026218],[-81.45573969678581,30.695171868293745],[-81.45544863506534,30.695218042207063],[-81.45519188494097,30.695274766671606],[-81.45498207261483,30.69529588047534],[-81.45483232572681,30.695334630332894],[-81.45469333390184,30.695365288260483],[-81.45459664946522,30.69539338589044],[-81.45445461075059,30.695390856028013],[-81.45432976861237,30.695391946028547],[-81.45419097475073,30.695414322773473],[-81.4540190752331,30.69545599086544],[-81.45380041821082,30.695445468928273],[-81.45351218633297,30.69545358641656],[-81.45336579287658,30.69547251416541],[-81.4531313445958,30.69547993331328],[-81.4528653522413,30.69552157913106],[-81.45272127582865,30.69552398086652],[-81.45258388555388,30.695567918271156],[-81.45244105450695,30.695598505598202],[-81.45213319557239,30.695611316708533],[-81.45209159768223,30.695597245517092],[-81.45208090382704,30.69558763121655],[-81.45207655878643,30.695583724437128],[-81.45207710015492,30.69553403412081],[-81.45210462183293,30.695534524779912],[-81.45226569544063,30.695544023692573],[-81.45244279952347,30.69552564360248],[-81.45268015898289,30.695476861737447],[-81.45296302958178,30.69545208372364],[-81.45315424289134,30.69540579144592],[-81.45337225709291,30.695403049959474],[-81.45343019722841,30.695389172586676],[-81.45355315934407,30.6953863939299],[-81.45373358587892,30.69538960863505],[-81.45391365674406,30.695407726579553],[-81.45401154760496,30.695409470506693],[-81.45407728414611,30.695390761227834],[-81.45419524133791,30.69535641640958],[-81.45433403514473,30.695334038760443],[-81.45443180706782,30.695340749915612],[-81.45461454946138,30.69532743811282],[-81.45463829540674,30.695298041435255],[-81.45473494116207,30.69527159993681],[-81.45493219754987,30.695253576586836],[-81.45507275224887,30.695237856062814],[-81.45528519715806,30.69518696940833],[-81.45542634591136,30.695146409154994],[-81.45553015290244,30.695141630904875],[-81.45570381251744,30.695106619737203],[-81.4559834768472,30.695055271899346],[-81.45619016201411,30.695004281392197],[-81.45630067269141,30.69497691286891],[-81.45643355472056,30.6949440037475],[-81.45653939035904,30.69489453149968],[-81.456667814452,30.694823924001547],[-81.45681514568501,30.69477103889178],[-81.45683051167012,30.694765523294198],[-81.45697365703778,30.694721684290545],[-81.45706098164332,30.694683478386686],[-81.45712178957194,30.69462989083529],[-81.45728684026551,30.694553308029953],[-81.45736136176644,30.694504224571062],[-81.45732858217661,30.694360290197874],[-81.4573022247893,30.694244576024868],[-81.45725099195134,30.694253592025582],[-81.45616751814775,30.6944566719008],[-81.45610153411334,30.694469036989272],[-81.45397871324364,30.69486969976348],[-81.45397561192856,30.69487027371781],[-81.45397249910323,30.69487084836851],[-81.4539675238054,30.694871750414574],[-81.45396190144747,30.69487275181],[-81.453956995072,30.69487361181451],[-81.45395381504932,30.694874156421623],[-81.45395066755462,30.694874695298086],[-81.45394757588862,30.6948752153374],[-81.45394252496395,30.694876046624508],[-81.45393632680654,30.69487705128253],[-81.4539319561814,30.694877747754482],[-81.45392882347168,30.694878236413302],[-81.45392570246626,30.69487871626613],[-81.45392065422476,30.694879479090982],[-81.45391630249765,30.69488012812285],[-81.45391316427612,30.694880585132758],[-81.45391003458248,30.694881035083018],[-81.45390690499667,30.694881480527933],[-81.45390376202744,30.69488191762141],[-81.45390062432341,30.69488235300572],[-81.45389555289185,30.694883036991364],[-81.4538912007363,30.694883616604073],[-81.45388805747741,30.694884022141657],[-81.45388491221588,30.694884424037795],[-81.4538817701308,30.69488482418754],[-81.45387862210265,30.694885210709753],[-81.45387547614175,30.69488559817017],[-81.45387232734949,30.694885972959934],[-81.45386917542396,30.694886347693828],[-81.45386603011002,30.69488670812237],[-81.45386093929021,30.694887285391562],[-81.45385656418185,30.694887776253335],[-81.45385215094751,30.694888244801138],[-81.4538471062023,30.69488877421302],[-81.45384395128514,30.694889099313905],[-81.45384079131841,30.694889417113238],[-81.45383763465752,30.69488972775992],[-81.45383447507898,30.69489002934013],[-81.45383131454226,30.694890327297433],[-81.4538281530474,30.694890621631895],[-81.45382499379234,30.69489090969607],[-81.45381992824797,30.694891347691126],[-81.45381552143412,30.694891722602584],[-81.45381044807351,30.694892137922047],[-81.45380601784183,30.694892487175697],[-81.45380094623728,30.69489287277865],[-81.4537965122808,30.694893203035438],[-81.45379335046553,30.69489342344542],[-81.45379016774027,30.69489364438421],[-81.45378700829419,30.69489385311758],[-81.4537838469102,30.694894055506232],[-81.45378066981682,30.694894259417847],[-81.45377558973067,30.694894562837806],[-81.45377114603244,30.69489481990374],[-81.45376798416478,30.69489499884601],[-81.45376470965071,30.69489516947121],[-81.45376041538172,30.69489538232425],[-81.45375529283176,30.694895626393453],[-81.45375211811991,30.694895774457663],[-81.4537489425578,30.694895914393662],[-81.45374378435896,30.694896119966867],[-81.45373983741067,30.69489627139947],[-81.45373624094705,30.694896403836175],[-81.45373306520321,30.69489650771102],[-81.45372989059007,30.69489660800021],[-81.45372671086265,30.694896703690993],[-81.4537235041744,30.694896790788473],[-81.45372035932265,30.694896869973153],[-81.45371719573603,30.694896946119673],[-81.45371400401476,30.694897019060555],[-81.45370955716817,30.69489710209074],[-81.45370446868078,30.69489718901322],[-81.45369930964736,30.69489725484692],[-81.45369372346757,30.694897312168546],[-81.45368857450255,30.69489735023671],[-81.4536852232778,30.694897364445815],[-81.45368095585917,30.694897372246814],[-81.45367586639541,30.69489736900699],[-81.45367268714585,30.694897357433895],[-81.45366950269573,30.69489734486662],[-81.45366434424804,30.694897298931096],[-81.4536599767501,30.69489725356635],[-81.45365680354224,30.694897207845862],[-81.45365361479755,30.694897156439843],[-81.45365043963028,30.694897105275672],[-81.45364725632336,30.694897044952025],[-81.45364408461293,30.694896980327687],[-81.45364090687323,30.694896905680082],[-81.4536358204724,30.694896774489052],[-81.45363144851984,30.694896653323195],[-81.45362819820996,30.694896554846327],[-81.45362496489123,30.694896444953372],[-81.45362058438013,30.694896288478557],[-81.45361423530021,30.694896046448026],[-81.4536091497532,30.694895835944635],[-81.45360597363128,30.694895693717157],[-81.45360280177337,30.694895547959813],[-81.45359962902205,30.69489539587641],[-81.45359458328343,30.694895137404114],[-81.45359010760419,30.694894897201735],[-81.45358686241212,30.694894715882707],[-81.45358347552403,30.694894517615904],[-81.45357940438063,30.694894270198105],[-81.45357445082244,30.694893958379783],[-81.4535698513228,30.694893652869848],[-81.45356475142893,30.69489329968194],[-81.45356157835765,30.694893073673995],[-81.45355841588153,30.69489284154468],[-81.45355525357805,30.694892602206888],[-81.45355208000163,30.69489235365376],[-81.45354765310282,30.69489199623074],[-81.45354258716077,30.69489157784194],[-81.45353745497988,30.694891133032456],[-81.45353340217775,30.69489077416173],[-81.45352999816383,30.69489046200715],[-81.45352678088538,30.69489016219422],[-81.45352362213768,30.69488986162124],[-81.45352045834044,30.694889553746663],[-81.45351730511683,30.69488924065183],[-81.45351415099982,30.69488892123091],[-81.45351098565307,30.694888590792548],[-81.45350783803994,30.694888261571577],[-81.4535034046753,30.69488778143628],[-81.45349651330437,30.69488701591762],[-81.45349208156667,30.694886511472117],[-81.45348892757023,30.694886143375104],[-81.4534857394315,30.69488576114808],[-81.45348136376005,30.69488522795375],[-81.45347634346913,30.694884604848003],[-81.4534731872024,30.69488420065263],[-81.45347004557915,30.694883795816637],[-81.4534669072186,30.694883385630114],[-81.45346377318674,30.694882969210614],[-81.4534606299493,30.694882544513998],[-81.4534574920418,30.694882115405132],[-81.45345316927289,30.694881511037497],[-81.4534480730884,30.694880784715803],[-81.4534449399627,30.694880330451568],[-81.453441808054,30.694879868997443],[-81.4534386762532,30.69487940303795],[-81.45343554569098,30.69487892898751],[-81.45343241408438,30.69487845491842],[-81.45342740818587,30.694877667104084],[-81.45342303526716,30.694876975303778],[-81.45341990746262,30.69487647335755],[-81.45341678509598,30.69487596249379],[-81.45341242650989,30.694875239398158],[-81.45340742395167,30.694874399359165],[-81.45340430945693,30.694873865197987],[-81.45340118778068,30.694873325500083],[-81.45339808612107,30.69487277894732],[-81.45339496378875,30.694872223011703],[-81.45339184976869,30.694871669027002],[-81.45338681048722,30.694870748104876],[-81.45338131281686,30.694869727067665],[-81.45337631376277,30.69486878432598],[-81.45337321215914,30.694868191800275],[-81.45337010557073,30.694867589269833],[-81.4533670032032,30.694866985011682],[-81.45336390738261,30.694866369151413],[-81.45335895971218,30.69486537504129],[-81.45335463921688,30.694864501180923],[-81.45335153357784,30.694863859003735],[-81.45334845187425,30.6948632208587],[-81.45334411465939,30.694862303431023],[-81.45333918706166,30.69486125649299],[-81.45333609673501,30.694860585742234],[-81.4533330168742,30.694859914276474],[-81.45332993618467,30.69485923378152],[-81.45332685873635,30.694858548837022],[-81.45332378348473,30.694857859424435],[-81.45331885774262,30.694856734995007],[-81.4533133264907,30.69485545824956],[-81.45330834843259,30.69485429322422],[-81.45330411361844,30.694853288377658],[-81.45329923915224,30.69485211708502],[-81.45329618395179,30.694851375745667],[-81.45329303455047,30.694850597571477],[-81.45329006586437,30.69484986498517],[-81.45328658331853,30.69484899253329],[-81.45328205717117,30.694847849081587],[-81.4532778615099,30.694846780028325],[-81.45327481896328,30.69484599023631],[-81.45326991890867,30.6948447094126],[-81.4532638760887,30.69484310984839],[-81.45325978549536,30.69484201652516],[-81.45325472791009,30.694840638242635],[-81.45324931674502,30.69483914638787],[-81.45324268131945,30.69483729197251],[-81.45323844072222,30.694836092310133],[-81.4532354301039,30.694835234576864],[-81.45323240734095,30.694834360401245],[-81.45322758648557,30.69483295749027],[-81.45322336463614,30.69483171669537],[-81.45322029985036,30.694830808417404],[-81.45321736285946,30.69482993036128],[-81.45321437314259,30.694829028829567],[-81.45321016270846,30.694827747672882],[-81.45320350274352,30.69482569630478],[-81.45319938728713,30.69482441954463],[-81.45319522784847,30.69482310323875],[-81.45319044015153,30.694821581026034],[-81.4531874570163,30.69482062282041],[-81.45318447496871,30.69481966283122],[-81.4531814050516,30.69481866341562],[-81.45317741892231,30.694817352902],[-81.45317241611349,30.694815694343724],[-81.45316852698596,30.694814390967142],[-81.45316409491905,30.694812896725676],[-81.45316102305564,30.694811847695817],[-81.45315603942635,30.694810129983843],[-81.4531501557692,30.694808079827414],[-81.45314601114274,30.694806624962464],[-81.45314307801489,30.694805585616134],[-81.4531390086515,30.694804129387908],[-81.45313427133331,30.694802423276148],[-81.4531313430953,30.694801354269227],[-81.45312840771899,30.694800277923513],[-81.45312431874054,30.694798768160442],[-81.45311965520095,30.694797035418393],[-81.45311673909903,30.694795939584274],[-81.45311383035128,30.694794842078288],[-81.45311091039542,30.694793732653785],[-81.4531080019714,30.694792621631827],[-81.45310394255199,30.694791055604313],[-81.45309930780765,30.694789254865434],[-81.45309641245623,30.69478812154019],[-81.45309233949406,30.694786510199066],[-81.45308774715248,30.694784684073724],[-81.45308477789763,30.694783495344943],[-81.45308198805444,30.694782362998335],[-81.45307909776565,30.694781192804015],[-81.45307444048026,30.694779286194276],[-81.45307072920747,30.694777755216247],[-81.45306760781686,30.694776461913264],[-81.4530630488583,30.694774550745347],[-81.45305905386567,30.694772868677695],[-81.45305620745573,30.694771655094403],[-81.45305335179707,30.694770435036148],[-81.45304879097868,30.69476847064976],[-81.45304482620114,30.694766748555434],[-81.45304028798466,30.694764756626995],[-81.45303462626481,30.694762252490126],[-81.45303059123508,30.694760453422468],[-81.45302785903421,30.694759226549593],[-81.45302488202452,30.69475788173241],[-81.45302055648193,30.69475590981945],[-81.45301661573085,30.694754100712917],[-81.45301380683857,30.694752803963606],[-81.45301100858472,30.69475149929091],[-81.45300821022308,30.694750199123394],[-81.45300542049733,30.69474888739108],[-81.4530026308795,30.69474757115338],[-81.4529998477009,30.69474624781891],[-81.45299706358578,30.694744919960478],[-81.45299428784767,30.6947435913499],[-81.45299150832032,30.69474224644577],[-81.45298873710522,30.694740903492637],[-81.45298597232933,30.694739553442655],[-81.45298319824,30.694738199620982],[-81.45298044514705,30.69473684166615],[-81.4529776838498,30.694735477255055],[-81.45297493216816,30.69473410400081],[-81.45297218359823,30.694732731703464],[-81.45296943113124,30.694731347617907],[-81.45296669019602,30.694729961934925],[-81.45296395154394,30.694728568179634],[-81.45296011381184,30.694726602254317],[-81.45295413066738,30.694723514563517],[-81.45295030696619,30.69472152995779],[-81.4529475889999,30.694720101414738],[-81.45294487003243,30.694718671050936],[-81.45294216568688,30.69471724094765],[-81.45293841657133,30.694715239642107],[-81.4529340518348,30.69471289743808],[-81.45293136049722,30.694711447734782],[-81.45292866737296,30.694709985379426],[-81.45292598275515,30.694708516865575],[-81.45292168836197,30.694706160590403],[-81.45291793988567,30.694704088983464],[-81.45291526501312,30.6947026062201],[-81.45291259886277,30.694701108287624],[-81.45290829050842,30.694698680549564],[-81.45290461746814,30.694696600370914],[-81.45290196622042,30.694695090985167],[-81.45289828984416,30.694692975590865],[-81.45289403022413,30.694690519874875],[-81.45289139633466,30.694688983755118],[-81.45288875933365,30.694687446678422],[-81.45288612772741,30.69468590248634],[-81.45288350778242,30.694684351290498],[-81.45288088165731,30.69468279637874],[-81.45287826712877,30.694681237166403],[-81.45287565586304,30.69467967260355],[-81.45287304263793,30.694678102597077],[-81.45287044407797,30.69467653104907],[-81.45286784573379,30.694674950490498],[-81.45286524756239,30.694673362723396],[-81.45286110505222,30.69467081624547],[-81.45285596014516,30.69466763081049],[-81.45285232716975,30.694665361141052],[-81.45284975989101,30.694663748684007],[-81.45284718760603,30.69466212712329],[-81.45284364408411,30.694659874372366],[-81.45283972304351,30.69465737330728],[-81.4528369703935,30.694655604301538],[-81.45283436719917,30.694653920891835],[-81.45283188132086,30.694652312589604],[-81.45282780040668,30.694649637401373],[-81.45282428544296,30.694647326565516],[-81.45282022578435,30.694644636431438],[-81.45281672291368,30.69464230057058],[-81.45281267238755,30.694639578147243],[-81.45280824499021,30.694636580378035],[-81.45280447494281,30.69463401349382],[-81.45280171998476,30.694632122752033],[-81.4527989365383,30.69463019995207],[-81.45279583262784,30.694628046080613],[-81.45279181635692,30.69462524584212],[-81.45278935236493,30.694623509023472],[-81.4527854099243,30.694620723622272],[-81.45278197955568,30.694618283584504],[-81.45277953061736,30.694616529005206],[-81.4527770859215,30.694614771797216],[-81.45277465264962,30.694613017497083],[-81.45277221454411,30.694611246884875],[-81.45276977652496,30.69460947266838],[-81.452765907488,30.694606632685797],[-81.45276252748086,30.694604140360255],[-81.45276010671219,30.69460234391511],[-81.45275770981411,30.694600554205483],[-81.45275529761669,30.694598748898645],[-81.45275290504749,30.694596952956005],[-81.45274955956278,30.694594415272128],[-81.45274573905762,30.694591512151803],[-81.45274336597873,30.694589687710387],[-81.45274099189871,30.694587861448184],[-81.45273862632506,30.694586029027462],[-81.45273626475661,30.694584203889626],[-81.45273390372765,30.694582356225393],[-81.4527315460046,30.69458050140854],[-81.45272776906806,30.694577524244924],[-81.45272451141473,30.694574940349685],[-81.45259711598122,30.694473478003935],[-81.45196617525684,30.693970971447545],[-81.45196142199016,30.69396718539409],[-81.45194026841307,30.69397762910779],[-81.45193468025835,30.693980387935763],[-81.45191472419394,30.694028688174246],[-81.45192515091934,30.69423971335458],[-81.45196359247413,30.694758434009202],[-81.4519746221564,30.69489866831541],[-81.45200477162581,30.694898979586117],[-81.45200772268319,30.69489883388326],[-81.45203193676765,30.69489764119547],[-81.45249255767366,30.694874951351725],[-81.45251208116412,30.695218479946003],[-81.45205593515547,30.695235797760134],[-81.45204863114697,30.695236074991826],[-81.4520229060318,30.694990813394938],[-81.45201448014606,30.69499112200501],[-81.45198198757454,30.69499231402851],[-81.4520390347608,30.695717620549534],[-81.45211014764155,30.69667291383952],[-81.45218771234276,30.697635955279413],[-81.45225640247152,30.698554000546515],[-81.4522900303726,30.699009763170352],[-81.45230495453552,30.698997994059887],[-81.45230790467835,30.698998153019417],[-81.4523230070951,30.69899896580441],[-81.45235184696206,30.699000517458728],[-81.45240533159773,30.699009894825775],[-81.45251173512526,30.69905222924723],[-81.45264349794964,30.69909585753424],[-81.45274721602931,30.69912803424461],[-81.45284406095155,30.699161774080697],[-81.452942756186,30.699199758362894],[-81.45312808483816,30.699249395203122],[-81.45341581280563,30.699345507536624],[-81.45353734720389,30.699388109895292],[-81.45355550967322,30.699404440406262],[-81.45352871118898,30.699422496575096],[-81.45343186579066,30.699388758097314],[-81.45328739293808,30.699345746005196],[-81.45316455566335,30.699296380134133],[-81.45305030290174,30.69925559111528],[-81.45295901163159,30.699234588609126],[-81.45292460633833,30.699244084222588],[-81.45284389166575,30.69943388214279],[-81.45278598292447,30.699568484656783],[-81.45272379823328,30.699677737216494],[-81.45271415468015,30.699754227596618],[-81.45271626007441,30.69991096104465],[-81.45272700581418,30.699951590372056],[-81.45278888783231,30.70005884173646],[-81.45292427112666,30.700196046343827],[-81.45302910327275,30.700304063048485],[-81.45306498582369,30.700355249994832],[-81.45310472463662,30.70036775263209],[-81.45321096077667,30.700376384933065],[-81.45331717571827,30.700385859626007],[-81.45336012554085,30.700386624932392],[-81.45344280536223,30.70035945479654],[-81.45350647473512,30.700351322406352],[-81.453644833917,30.70032345941275],[-81.45387027979778,30.70024744311775],[-81.45402943990165,30.700207313903576],[-81.45418196746091,30.700158641491377],[-81.45433522554255,30.70009987225711],[-81.45440519440339,30.700073318023232],[-81.45461138830537,30.700026442963516],[-81.45482537137192,30.699980549171425],[-81.45498309072008,30.699959769757577],[-81.45514213229875,30.699944910047485],[-81.4552163984628,30.699942862825612],[-81.45525810964517,30.69995455712931],[-81.45527445081338,30.700006237497007],[-81.45527137051977,30.70005335962501],[-81.45530422465387,30.700108703598215],[-81.45533894537537,30.700412603928914],[-81.45534134628147,30.700597985943656],[-81.45532415686019,30.700663390544648],[-81.45530702378471,30.70088970456327],[-81.4552702589764,30.701079443696496]]],[[[-81.45731180226929,30.694593511878388],[-81.4572219258913,30.694658178415278],[-81.4571221751223,30.694734266208734],[-81.45715337977433,30.69479446148522],[-81.45719366808561,30.694876354640574],[-81.45722271568107,30.69494645078671],[-81.4573092277435,30.695022538959165],[-81.45739578053913,30.69509697186379],[-81.45749129634498,30.695198070070276],[-81.45753174234146,30.695273339478643],[-81.45753742766347,30.695277309594886],[-81.45748695873425,30.69505570715558],[-81.45745345533521,30.695032440838844],[-81.45744536435329,30.69490827430436],[-81.45742525262308,30.694824438810116],[-81.45739183611384,30.69471890156563],[-81.45740932904299,30.694714843512546],[-81.45740500373059,30.694695854388247],[-81.45737562537401,30.69456685604957],[-81.45731180226929,30.694593511878388]]]]},"properties":{"OBJECTID":9068,"UNIT_ID":"S00027","SITE_NAME":"Fort Clinch State Park","ACREAGE":111.16,"EC_TYPE":"Maritime Hammock","EC_CODE":"MAH","DFC_CODE":"MAH","DFC_TYPE":"Maritime Hammock","SHAPE.AREA":449862.49478903,"SHAPE.LEN":5371.46109527534}},{"type":"Feature","id":9069,"geometry":{"type":"Polygon","coordinates":[[[-81.45298931645995,30.694307564288383],[-81.45298285435749,30.694308596651936],[-81.45283602041424,30.694221404026724],[-81.4526064126028,30.69408505697248],[-81.45255776209713,30.694056166765574],[-81.45250209898246,30.694023113095348],[-81.45228976094157,30.693897036976743],[-81.45244746476992,30.694022139205423],[-81.45253073586878,30.694088188185734],[-81.45260492834407,30.694147035962082],[-81.45312485111931,30.694559425817868],[-81.45314240314731,30.694567655947804],[-81.45315606399603,30.694573752437137],[-81.45316420891511,30.694577234711893],[-81.45316984569536,30.694579645550707],[-81.45317806870419,30.694583008423557],[-81.45318374315264,30.694585329789227],[-81.4531977543221,30.69459080331328],[-81.4532118678229,30.69459606141278],[-81.4532260970599,30.694601111538113],[-81.45324042246952,30.69460594162193],[-81.45324539855879,30.694607537502236],[-81.45325483863546,30.69461055968053],[-81.45326145582258,30.694612564310546],[-81.45326934995096,30.694614956777965],[-81.45327927399005,30.694617796473878],[-81.45328394595028,30.69461913362904],[-81.45329862554576,30.694623092017217],[-81.45331337946698,30.694626826368655],[-81.45332820978103,30.694630337621597],[-81.45334310808956,30.694633627429265],[-81.45335806934278,30.69463668849013],[-81.45337309136552,30.694639524371194],[-81.45338816789119,30.69464213496072],[-81.4534033021177,30.694644517611398],[-81.45341846799921,30.694646669154746],[-81.4534336779823,30.694648593418332],[-81.45344893835504,30.69465028961275],[-81.45346421164766,30.694651751661688],[-81.45347952377637,30.694652988139833],[-81.45349485722325,30.694653988819287],[-81.45349930094658,30.694654210426595],[-81.45351020770268,30.694654758130792],[-81.4535255710153,30.694655296901022],[-81.45353307999207,30.694655446923136],[-81.45354094196053,30.694655604135882],[-81.45354713414551,30.694655634240554],[-81.45355631951543,30.694655678915638],[-81.45356552387344,30.694655585106876],[-81.45357169319253,30.69465552285631],[-81.45357915385956,30.694655333975692],[-81.45358706303489,30.694655134155855],[-81.45360242273273,30.694654514504666],[-81.45361776395227,30.69465366285285],[-81.45363309607148,30.694652580268954],[-81.45363781604144,30.694652173984004],[-81.45364839297991,30.69465126628776],[-81.45366367038682,30.6946497193863],[-81.45367890305356,30.694647946326384],[-81.45369410264115,30.69464594010432],[-81.45370926060002,30.694643708680683],[-81.45372437499229,30.69464124571099],[-81.45373942893457,30.694638558105872],[-81.45612457586817,30.694230682320885],[-81.45724536984125,30.69403900658912],[-81.45719748778582,30.693875508250617],[-81.45716516932886,30.693886000167108],[-81.4571139125657,30.69388999197565],[-81.45704039609181,30.69387397059858],[-81.45697859544612,30.69384344529334],[-81.45688779773913,30.693836925775962],[-81.456813578123,30.69385031739884],[-81.45672764260424,30.693878214656568],[-81.45665271968126,30.69392101931299],[-81.45656332005545,30.693887052254237],[-81.45631885358637,30.6938683765165],[-81.4560623912883,30.693957306001874],[-81.4559210904591,30.693947158226237],[-81.4557781018215,30.694007578175807],[-81.45569755964226,30.694046213216172],[-81.45554110405286,30.694022439558324],[-81.4554253275302,30.694054722993283],[-81.4553287169901,30.694117876603585],[-81.45523121850577,30.694125680465532],[-81.45516747431752,30.69410928134975],[-81.45505468431301,30.694109181222693],[-81.45491094420069,30.6941085289311],[-81.45479501097594,30.694054947089146],[-81.45472657104126,30.694049912411252],[-81.45469737159958,30.69403392459313],[-81.45447383988378,30.69406973638555],[-81.45446475289606,30.694085318148836],[-81.45444722399543,30.694170867918025],[-81.45438137931231,30.694242201375996],[-81.45424096560133,30.694287400732],[-81.45419091533353,30.694345658848025],[-81.45411419243072,30.69440917314905],[-81.45398617106005,30.69443234462072],[-81.45372178009036,30.69448019893518],[-81.45370672197078,30.69448288736471],[-81.45369161179988,30.694485349505687],[-81.45367645488601,30.694487581846786],[-81.45366125431944,30.694489586246043],[-81.45364601640988,30.694491361012908],[-81.45363074431225,30.694492905302212],[-81.4536154442931,30.694494219225547],[-81.45360011844146,30.6944953028201],[-81.45358477411138,30.6944961544141],[-81.4535694154807,30.694496774081895],[-81.45355404566115,30.69449716278044],[-81.45353867096252,30.69449731881924],[-81.45352329447496,30.69449724405617],[-81.45350792250822,30.694496936800885],[-81.45349255924012,30.694496397127775],[-81.45347720880524,30.694495626913362],[-81.4534618764689,30.694494624448698],[-81.45344656741015,30.69449339162882],[-81.45343128478392,30.694491927608578],[-81.45341603379079,30.69449023338211],[-81.45340081965298,30.694488309042416],[-81.45338564754948,30.694486156484704],[-81.45337052063526,30.694483774863762],[-81.45335544306646,30.694481165155143],[-81.45334042213251,30.69447832839014],[-81.45332545987924,30.69447526640814],[-81.45331056155031,30.694471978401104],[-81.45329573232485,30.694468466264304],[-81.45328097635898,30.694464730973223],[-81.4532662977873,30.694460774404444],[-81.45325170183197,30.694456596650987],[-81.45323719160476,30.694452198669868],[-81.45322277330753,30.694447583275945],[-81.453208450052,30.694442751426088],[-81.45319422599438,30.69443770409578],[-81.45318010737964,30.69443244229792],[-81.45316609623194,30.694426968772785],[-81.45315219773033,30.694421285415725],[-81.4531384160525,30.694415392301124],[-81.45312475633428,30.694409293126295],[-81.45310720531344,30.694401065716942],[-81.45298931645995,30.694307564288383]]]},"properties":{"OBJECTID":9069,"UNIT_ID":"S00027","SITE_NAME":"Fort Clinch State Park","ACREAGE":2.99,"EC_TYPE":"Maritime Hammock","EC_CODE":"MAH","DFC_CODE":"MAH","DFC_TYPE":"Maritime Hammock","SHAPE.AREA":12100.935111875,"SHAPE.LEN":1055.80049689487}},{"type":"Feature","id":9079,"geometry":{"type":"Polygon","coordinates":[[[-81.43564826358428,30.695887056716472],[-81.43564901930034,30.69587282929163],[-81.43568442126843,30.695780447391463],[-81.43574267662392,30.695657468634778],[-81.43578815563285,30.69560581349496],[-81.43579465973241,30.695565383330024],[-81.4356832572228,30.695484677781366],[-81.43560311491139,30.695368756641933],[-81.43548952506163,30.695264159547563],[-81.43540506766519,30.695212558078556],[-81.43533851706859,30.695220903776185],[-81.43527133414744,30.695255474561264],[-81.43499517683854,30.69547232993641],[-81.43483283213168,30.69555527848288],[-81.43471861317589,30.69559138908642],[-81.43457682560575,30.695853586763796],[-81.43451672521283,30.695938371204857],[-81.43449456034121,30.695940357636015],[-81.43455327817249,30.695798307695714],[-81.43464245027573,30.695654419196728],[-81.43468061661159,30.69556208626553],[-81.43479540941993,30.69550213563762],[-81.43492660986928,30.695449633256178],[-81.43521934743292,30.695233075569785],[-81.43533690313924,30.695173173215878],[-81.4354169829481,30.695176995473943],[-81.43547179069303,30.695197059799238],[-81.43557484464962,30.6952800009146],[-81.435758443432,30.695462175570576],[-81.43581808779808,30.695510947326703],[-81.43585188038693,30.69548531806225],[-81.4358846344963,30.695388118207216],[-81.43595653470584,30.695272538960804],[-81.43602239047574,30.69517831818315],[-81.43614080758717,30.695082655119194],[-81.43626337255019,30.6950443070145],[-81.43637730207077,30.69502011518983],[-81.43642203359535,30.694999451556427],[-81.4364321042403,30.694925695969072],[-81.43640699910374,30.694820302526523],[-81.4363826973675,30.69468153230859],[-81.43645733628085,30.694690944483252],[-81.43650540540276,30.69498139026915],[-81.43655163539968,30.695013225483866],[-81.43672521040423,30.695037803907802],[-81.43708266061202,30.695003668652117],[-81.4372101778121,30.694989259793143],[-81.43730165524485,30.694978974999444],[-81.43741196048441,30.69499049287076],[-81.43751317111101,30.69503523878038],[-81.43769965118851,30.695212692090962],[-81.43783805656405,30.6953201165919],[-81.43788135128628,30.695359054394704],[-81.43793570752345,30.69551267267138],[-81.43802997104468,30.695845887556633],[-81.43803498771857,30.695981926647338],[-81.4379921019691,30.696040784635283],[-81.43791662873566,30.696075207159424],[-81.43782204124541,30.696099747908665],[-81.43773822084638,30.696136405910583],[-81.4377115132066,30.69621224948307],[-81.4377135503315,30.696586741529654],[-81.43772011820863,30.696658412177708],[-81.43776087957703,30.69668776376089],[-81.43793567074951,30.696776759744793],[-81.43804684558135,30.69686700034854],[-81.4381432276307,30.696997521689184],[-81.43819084561474,30.697086622887788],[-81.43822781019846,30.69715883749366],[-81.43827099203993,30.69720254272683],[-81.43838060966961,30.697242669210734],[-81.43846293804745,30.697267995196412],[-81.43859719747438,30.69731810314054],[-81.43862796470478,30.697335878423004],[-81.43866536460331,30.697357485611228],[-81.4387434380344,30.697444748135116],[-81.43883723008219,30.69756806697019],[-81.43895457349717,30.69774666510107],[-81.43899245825725,30.69778073523222],[-81.43901381881292,30.697812124034716],[-81.43910617759273,30.697995044793263],[-81.43918172542733,30.6981872042679],[-81.43921544702319,30.69828192908715],[-81.43977947443956,30.698097729816755],[-81.43978974374595,30.698080667369393],[-81.43979991847696,30.69805998032747],[-81.43981530093656,30.698023883556367],[-81.43987783766526,30.698010097539896],[-81.43990541246953,30.69798435589146],[-81.43990999683521,30.697908711389058],[-81.43992247138142,30.697849904753475],[-81.43988820342791,30.69778042157227],[-81.43985155490684,30.69772371606214],[-81.4398204917767,30.697693346191816],[-81.43976814530822,30.697685849567986],[-81.43973711373643,30.697682908446826],[-81.4396864080296,30.697693329418215],[-81.43962998967115,30.697711398636],[-81.4395991302423,30.697701305816572],[-81.43955412389005,30.697704673192646],[-81.43952518265303,30.69772979443376],[-81.43946185246068,30.697719119844088],[-81.43946732056088,30.697692982216545],[-81.43952212761509,30.697684423263897],[-81.43956931917847,30.697647703800005],[-81.43958445776136,30.697621739420303],[-81.43964026025282,30.697629298026282],[-81.43968741047212,30.697622987958905],[-81.43976507583241,30.69764107400174],[-81.43982788671723,30.69764458440232],[-81.4398280559935,30.697608811873838],[-81.43978733675159,30.69757767226697],[-81.43972978921056,30.697527748000144],[-81.43963784339023,30.697471243526405],[-81.43957835398491,30.69741591722202],[-81.43955991370413,30.69737802193619],[-81.43961050624694,30.697400990226996],[-81.43968179603874,30.697425521894147],[-81.43974352623995,30.697416491934646],[-81.43976436409312,30.69738347398788],[-81.4397469307731,30.697332478973873],[-81.43972897999217,30.69730293984054],[-81.43976235619547,30.697294593636013],[-81.4397975348451,30.697326229845636],[-81.43983835726225,30.69738181841777],[-81.43989245939349,30.697373843455946],[-81.43990482097469,30.69734842515833],[-81.43989729150313,30.697316688408684],[-81.4399162999359,30.697273500951177],[-81.43999338654393,30.697258186168458],[-81.4400529345004,30.69731112812298],[-81.44003722125927,30.69736093351945],[-81.44002864650997,30.697401325914072],[-81.43999429303719,30.697421579861093],[-81.43995466950916,30.697431006822963],[-81.43988568707502,30.69745421826692],[-81.43982021596898,30.697475107361953],[-81.43981625454269,30.697524824882827],[-81.43983023213951,30.697547137182443],[-81.43987452014748,30.69757356936816],[-81.43987744623128,30.69762430450299],[-81.43986028038663,30.697677064944756],[-81.43988518408187,30.69773356096556],[-81.43995060741487,30.697829539443354],[-81.43999491094907,30.697855376019078],[-81.44002007642186,30.697843603224637],[-81.44008127613833,30.697856624623014],[-81.44009699610291,30.697892682662346],[-81.44012597076356,30.697923610920927],[-81.4401406101691,30.697947127657862],[-81.4401351668255,30.69795114164146],[-81.44010824265919,30.697970995041953],[-81.44007319759278,30.697991236632156],[-81.44007010082485,30.698002816088493],[-81.44111211921827,30.697633073927385],[-81.44117912968092,30.697605652905498],[-81.44120990376487,30.69756756535291],[-81.4412502493965,30.69744202444311],[-81.44058212352442,30.696956538686496],[-81.44016355244213,30.69660082131947],[-81.43995526059247,30.6964104585137],[-81.43982079150594,30.696254213245346],[-81.43962678202973,30.695929945168565],[-81.43958645051735,30.6957103931534],[-81.43958797841513,30.695471762097235],[-81.43958823346394,30.695431908535213],[-81.43961372712312,30.694987882642636],[-81.43961679552028,30.69493441815934],[-81.43961401548837,30.694498616349247],[-81.43958979045196,30.694331833186805],[-81.43943100911861,30.694266976505244],[-81.43922061726111,30.694221468277732],[-81.43895957233524,30.69432496521842],[-81.43887818112717,30.694490461591045],[-81.4386928143157,30.694611162502554],[-81.43864942088456,30.69480596053627],[-81.43848455298458,30.69499381097619],[-81.43834420307773,30.69508192806618],[-81.43820268947617,30.694988758742078],[-81.43814637448082,30.694801714334467],[-81.43800071350174,30.694651228966546],[-81.43792540625016,30.694564015764062],[-81.4378015143422,30.694521380346366],[-81.43774993066012,30.69450362833186],[-81.43761348594508,30.694429630120972],[-81.43743868894313,30.69435518658503],[-81.43681561965207,30.69447519168193],[-81.4366062992445,30.69453964667984],[-81.4366011905489,30.694532767194747],[-81.43660230644974,30.694540875842154],[-81.43642220813038,30.69459633189598],[-81.43632414915761,30.69462977417171],[-81.43581593500512,30.694803093043706],[-81.43526178890183,30.695029752606295],[-81.4345654287472,30.695365167378043],[-81.4342680000603,30.695545163599135],[-81.43429543196648,30.695600796398214],[-81.43435715270326,30.695792710027995],[-81.43442025368512,30.69592740683438],[-81.43454564387588,30.696001209745226],[-81.43473631390809,30.69589014911258],[-81.43488726214325,30.695821306492434],[-81.43509221232247,30.69580590405691],[-81.43522877202167,30.695875136382092],[-81.43543741003347,30.695936122948627],[-81.43551558902162,30.69590413459165],[-81.43564826358428,30.695887056716472]]]},"properties":{"OBJECTID":9079,"UNIT_ID":"S00027","SITE_NAME":"Fort Clinch State Park","ACREAGE":23.490000000000002,"EC_TYPE":"Maritime Hammock","EC_CODE":"MAH","DFC_CODE":"MAH","DFC_TYPE":"Maritime Hammock","SHAPE.AREA":95058.87449828499,"SHAPE.LEN":2889.7395666145303}},{"type":"Feature","id":9085,"geometry":{"type":"Polygon","coordinates":[[[-81.43430690217036,30.66804639753932],[-81.43426855861918,30.668125073947806],[-81.43426322175128,30.66825472363273],[-81.43430282684702,30.66853231616618],[-81.43438600742404,30.66896706214772],[-81.43452124107462,30.669377674224197],[-81.43465807420563,30.66973169741304],[-81.43481711336005,30.67005970115427],[-81.43491167375787,30.670241861327767],[-81.43494583105627,30.670338352793525],[-81.43488440198801,30.670528856929305],[-81.43495768041907,30.670823683716044],[-81.43512400574765,30.671456645144655],[-81.43528132307353,30.671990495407982],[-81.43538785738878,30.672364735387042],[-81.43538139816586,30.672695707082184],[-81.43535617970997,30.673164893266033],[-81.43529162746023,30.673595425331836],[-81.43526619144129,30.673733300899865],[-81.43522168797882,30.674065929271382],[-81.43520283655276,30.67420583049106],[-81.43516897086599,30.67455582301598],[-81.43518258224859,30.67467913478095],[-81.43520422793236,30.675111214517898],[-81.4351933859946,30.67546925204531],[-81.43517195583206,30.67562437101627],[-81.4351332108754,30.676039148562307],[-81.43511333592201,30.67611753072208],[-81.43508039473055,30.676247448312637],[-81.4350256920309,30.676463186161513],[-81.4349105975332,30.67688041004831],[-81.43486918293014,30.677038987056978],[-81.43480156161364,30.67741317805094],[-81.4347779405229,30.67747571888165],[-81.43467671141312,30.677767296307536],[-81.43465131410495,30.67784045474456],[-81.43464249003728,30.67786586449195],[-81.4343892037262,30.67828583032994],[-81.43437316771629,30.678312419459907],[-81.43437068986374,30.67831652695958],[-81.43427821779952,30.678529042919756],[-81.43425593487072,30.678673653276796],[-81.43427042055339,30.678806521961718],[-81.43430832240468,30.679056311140478],[-81.43432957020131,30.679196345953915],[-81.4343690395491,30.679393581941493],[-81.43446438705817,30.67984129685176],[-81.43455188129472,30.680247847582635],[-81.43464727529168,30.680693655133418],[-81.43491012138652,30.68178471147917],[-81.43517336618343,30.682612148393464],[-81.43525854536024,30.68287988220557],[-81.43532880507388,30.68313014168386],[-81.43535163848988,30.683235046573603],[-81.4354333628886,30.68342254756448],[-81.43543686829676,30.683427781098864],[-81.43556143805279,30.6836137414828],[-81.4358044625397,30.683921481019173],[-81.43608769149822,30.684212768312754],[-81.43664157757856,30.68487549312947],[-81.43722103506245,30.685515540171885],[-81.4373651640423,30.685683170406392],[-81.43745156722424,30.685860258984498],[-81.43756881117204,30.686137994117615],[-81.43773784871995,30.686579875396237],[-81.43782050831133,30.686803743438077],[-81.43798503970034,30.686750857451585],[-81.43798860405185,30.68674198361906],[-81.43806009420733,30.686643093252865],[-81.43802831448198,30.686585282352674],[-81.43798652342353,30.686598843410128],[-81.43793217168871,30.68644522528491],[-81.4379230142552,30.68636635497125],[-81.43797709487463,30.68627497430133],[-81.4380588558234,30.68619969100857],[-81.43790924364599,30.685868321101882],[-81.43783455994617,30.685702904682987],[-81.43731552510278,30.68455365877393],[-81.4371697221331,30.684525750638326],[-81.43686827322323,30.6845638761317],[-81.43682186952097,30.68456974507469],[-81.43662510921409,30.68447558369935],[-81.43656875092864,30.684405406574776],[-81.43660961631761,30.684315507626103],[-81.43671990444233,30.684212543688286],[-81.43678615478471,30.6841016350965],[-81.43688563219726,30.684034886061564],[-81.43692955892531,30.684005410995713],[-81.43686877776918,30.683873721060973],[-81.43681078105071,30.683882652456226],[-81.43667970476953,30.68381590466408],[-81.43651628189104,30.683829668584895],[-81.43639723901178,30.683837072910073],[-81.43632666389884,30.683783336125405],[-81.43630582298756,30.683730490665972],[-81.43630337238253,30.683728913362014],[-81.43624865990964,30.68369368991865],[-81.43612317348699,30.683739138811823],[-81.43608835044729,30.68380768105112],[-81.43605381362545,30.68386430244948],[-81.43595249933337,30.68382432330898],[-81.43595474026162,30.683731347249406],[-81.43585987199242,30.683653323302018],[-81.43583316113825,30.683614682709365],[-81.43580213055334,30.683525879131846],[-81.435861993027,30.68345063249546],[-81.43591529573344,30.683418198016618],[-81.43600480558572,30.683374488106594],[-81.43602236070002,30.683334257503734],[-81.43596698178764,30.68328079230737],[-81.43585231268328,30.683221493734678],[-81.43578438552046,30.68317257369394],[-81.43575962858233,30.68305287700116],[-81.43571276700706,30.682932783654824],[-81.4357123598483,30.682834989753335],[-81.4357261124934,30.682723139698318],[-81.43578436169591,30.682600162153992],[-81.43587179724014,30.682527794640936],[-81.43596631458631,30.682505640476656],[-81.43604976558312,30.68243291291013],[-81.4359497496968,30.682302100748],[-81.43587968829276,30.682242273003098],[-81.43587811287779,30.68215107110445],[-81.43568752045182,30.682044137713127],[-81.43567629139847,30.68202563712064],[-81.4356674739744,30.681962175771492],[-81.43565238648783,30.681853576242933],[-81.43564568800652,30.68180536370029],[-81.43561547854772,30.681760798310584],[-81.43567432007832,30.681660864040786],[-81.43576141014688,30.681602800700713],[-81.43577988445648,30.681524426337536],[-81.43577199426302,30.681444644096295],[-81.43586877531837,30.681327100515112],[-81.43592374719304,30.68126780362569],[-81.43596907815548,30.6812021363841],[-81.43607516104404,30.681108262636933],[-81.4361674141795,30.680992168284334],[-81.43625870230038,30.680889014657023],[-81.43634813868847,30.68072309711741],[-81.43629905816059,30.680627424709268],[-81.43628903516745,30.680469832368896],[-81.43633306458341,30.680363295139124],[-81.43637962829483,30.680266344123577],[-81.43639556857782,30.680178383559543],[-81.4363238403101,30.68005784454381],[-81.43617837986392,30.680014688400405],[-81.436004427292,30.68000679778508],[-81.43591422564882,30.679964633776024],[-81.43588763062688,30.67992122498801],[-81.43599659232494,30.679873094818703],[-81.4360384969588,30.679854766117916],[-81.4360154109213,30.679780415590244],[-81.43584796185598,30.679732095092824],[-81.43567740502618,30.67969802884926],[-81.43552693626523,30.67963331728361],[-81.43538654214639,30.679609332751017],[-81.43533629169436,30.679629895754147],[-81.43531574046742,30.679565131358736],[-81.43530987401132,30.679515569945682],[-81.4352767006326,30.679235294728176],[-81.43532101447077,30.67900235625306],[-81.4353457045524,30.67889547233363],[-81.43533337980284,30.67871875820851],[-81.43528888141373,30.678615402881537],[-81.43534516930302,30.67845900083807],[-81.43533266875535,30.678174956616648],[-81.43531919468225,30.678045922936626],[-81.43532391075622,30.67796491582507],[-81.43540304636102,30.677910379868827],[-81.43540315825749,30.677890786589877],[-81.43540494537109,30.677575477727153],[-81.43536297716128,30.677490994277047],[-81.435340581752,30.67738803575508],[-81.43533320413383,30.67712077908363],[-81.43533463639974,30.676946697286123],[-81.43535598822125,30.676863604542575],[-81.43541182272646,30.676812773566247],[-81.43542424791579,30.67665846274288],[-81.4353874636635,30.67658988976989],[-81.43540075608836,30.67649711256935],[-81.4354046639648,30.67633499938976],[-81.43539015560413,30.67624887788272],[-81.43541478750583,30.676144378321453],[-81.4354354494947,30.676089893604946],[-81.43547304651182,30.676052410896748],[-81.43559634147603,30.675920641609846],[-81.435643340796,30.675426500750223],[-81.43552560015824,30.675399726411026],[-81.4355167115866,30.675393721123076],[-81.43546414293847,30.67535820336686],[-81.43546120289957,30.675250823839846],[-81.435492685856,30.675206073180703],[-81.43549314196837,30.675072519453785],[-81.43545486414509,30.6750551371087],[-81.43545382512659,30.67498356760281],[-81.43546873099471,30.674938519437074],[-81.43545727310755,30.674840527782024],[-81.43548275586424,30.674816428435822],[-81.43553647095105,30.67476562797928],[-81.43553497322358,30.67471312988097],[-81.43547223178179,30.674678614042563],[-81.43548512269768,30.674602524210126],[-81.4355933546208,30.67455823153514],[-81.43560864982969,30.67436825971189],[-81.43557202521421,30.674322650020237],[-81.43558670109468,30.674287137547896],[-81.43561795507699,30.674252696023146],[-81.4356260112265,30.67415263431168],[-81.43562917199175,30.674113383388963],[-81.43558617545303,30.67407963031029],[-81.435579437985,30.674015114120042],[-81.4356000420316,30.673963012711166],[-81.43563998587182,30.673911259287824],[-81.43564577272141,30.673907209364685],[-81.43567009843301,30.673605085476222],[-81.43568957587915,30.673594953230786],[-81.43573204902086,30.67356420607515],[-81.43578071289463,30.673493058069912],[-81.43583577584751,30.673403246359534],[-81.43585337324699,30.673218244099335],[-81.43580405551059,30.673173883257014],[-81.43575788600074,30.673141545337128],[-81.4357130885954,30.673071134124857],[-81.4356447754361,30.673031132372028],[-81.43564318870979,30.672953590210696],[-81.43569947492712,30.67294768370552],[-81.43570642126343,30.67293201897672],[-81.43571175141248,30.672919999458422],[-81.43570879639597,30.6728705761903],[-81.43567584820455,30.672827054445957],[-81.43567108457269,30.672820857282822],[-81.43564127736023,30.67278207300954],[-81.43563283171748,30.672754015974622],[-81.43564503924473,30.672729192529047],[-81.43567644395755,30.672720637306913],[-81.43569678944193,30.67271509538805],[-81.43573228942735,30.67268711218782],[-81.43573237393585,30.67264919159292],[-81.43573040481832,30.672627691487467],[-81.4357500353771,30.672612239069025],[-81.43575999906,30.672488501491856],[-81.43578038536252,30.672243523444802],[-81.43574167342646,30.672198856248844],[-81.43574274214278,30.672154514443605],[-81.43568227018525,30.67211765339115],[-81.43564866587847,30.672097722827193],[-81.43564101807819,30.67194927664463],[-81.43564501620804,30.671913638406902],[-81.43567421480805,30.671901425277987],[-81.43571634618637,30.6718735611148],[-81.43579017927604,30.67183767977618],[-81.43581568393242,30.671819357169337],[-81.43585755260091,30.671819945367183],[-81.4358845998838,30.67177991885633],[-81.43589154850814,30.671708022329298],[-81.43590936021849,30.67161831566675],[-81.43587459559204,30.671545670596153],[-81.43584123454656,30.6715123150086],[-81.43585126220144,30.6713918093881],[-81.43586296479724,30.671378912668132],[-81.43590598020748,30.671325669367462],[-81.43593378638644,30.67125414715389],[-81.43591433843432,30.671195281222342],[-81.43588913577562,30.671158817909824],[-81.43587292448532,30.671131493243493],[-81.43588533409881,30.670982368680995],[-81.43592051920268,30.67093881672287],[-81.435947891544,30.670885291812077],[-81.43594919272405,30.67083129995799],[-81.43594028255777,30.670768121429198],[-81.43590772916924,30.670737802844513],[-81.43588531857547,30.670711843473605],[-81.43585751744264,30.670695603883125],[-81.43585546044454,30.67064333479108],[-81.43588574532896,30.67059093036088],[-81.43590162873704,30.670551147049945],[-81.43593128219364,30.67051029025632],[-81.43598382991576,30.67047631742405],[-81.43598480579436,30.67043582309486],[-81.43598610697191,30.670381830357485],[-81.43594811299889,30.67034770840124],[-81.43589889530551,30.670317281882053],[-81.43591141541327,30.67026564668481],[-81.4358929416158,30.67006879644949],[-81.43591270322835,30.670030287053677],[-81.43588896468094,30.669960217887727],[-81.43591039591267,30.66989668426209],[-81.43592676263094,30.669859771667223],[-81.43593820482836,30.66984375856858],[-81.43600800880407,30.66983737883175],[-81.43602881947213,30.66979959226555],[-81.43601850334692,30.669768878603396],[-81.4359721359106,30.669766139137113],[-81.43595505248223,30.66974102807748],[-81.43595102050396,30.669678944931057],[-81.43594452627015,30.66962731198491],[-81.43590038973203,30.669577865559898],[-81.43587997402624,30.669546295483084],[-81.43587410472797,30.669516066355513],[-81.43584737942771,30.66948510779043],[-81.43583618272386,30.669461201198818],[-81.43582514814977,30.66943052421399],[-81.43582596395053,30.669396674146494],[-81.43586192196719,30.669370227137954],[-81.43592043758862,30.66938482293459],[-81.43600191874256,30.669423537376762],[-81.43607563567855,30.669458724897297],[-81.43611837802844,30.669476425124834],[-81.43614264980592,30.669446381696265],[-81.43615147348163,30.66940590201788],[-81.43615245234808,30.669365280674075],[-81.43613005778938,30.66931746752375],[-81.43607603612094,30.669279246801317],[-81.43601367920584,30.669261194586046],[-81.4359865460332,30.669247161985968],[-81.43599095841537,30.669226922163887],[-81.43597968012715,30.66920640077465],[-81.43593710000427,30.669181931018574],[-81.4358746615871,30.669167263930355],[-81.43581590240389,30.669162822793904],[-81.4357886050675,30.669155560511108],[-81.43575027532479,30.66911762037619],[-81.43577519872291,30.669060497312984],[-81.43578770173754,30.66903024274658],[-81.43580036687071,30.668993217789208],[-81.43579750451191,30.668949141773943],[-81.43579447898543,30.668911836131382],[-81.43581082330876,30.668885037153643],[-81.43586582363152,30.66888263753895],[-81.43590913678469,30.66887664152187],[-81.43595694490833,30.668847021410638],[-81.43598505687865,30.668820433587047],[-81.43602125835002,30.6687838309746],[-81.43603057250373,30.66872304113142],[-81.43603122510078,30.668695960550128],[-81.43605181852472,30.668655692104743],[-81.43606448352142,30.668618667134307],[-81.43606930372124,30.668581502295332],[-81.43608670731791,30.668510697672716],[-81.4360919353812,30.66845660691247],[-81.43612413326271,30.668423319093613],[-81.43616401377487,30.66839694242092],[-81.43619220712479,30.66836697028204],[-81.43622023733849,30.668343767606185],[-81.43624401838481,30.668334034372606],[-81.43627477039458,30.668344620806106],[-81.43629352625777,30.668303135798865],[-81.4362972204672,30.66829496577736],[-81.43629864931131,30.66829180848867],[-81.43578365045947,30.668220983558538],[-81.43542979533554,30.668179150836217],[-81.43521341278269,30.668153566862564],[-81.43460390808264,30.668081510847596],[-81.43430690217036,30.66804639753932]]]},"properties":{"OBJECTID":9085,"UNIT_ID":"S00027","SITE_NAME":"Fort Clinch State Park","ACREAGE":38.27,"EC_TYPE":"Maritime Hammock","EC_CODE":"MAH","DFC_CODE":"MAH","DFC_TYPE":"Maritime Hammock","SHAPE.AREA":154892.794334265,"SHAPE.LEN":5064.44248201525}},{"type":"Feature","id":9173,"geometry":{"type":"Polygon","coordinates":[[[-81.43522755691605,30.685505151170084],[-81.43519205081734,30.685510238027476],[-81.43517174258228,30.68552704587737],[-81.43513752764986,30.685570316356372],[-81.43507733860253,30.68559022507292],[-81.43503147369154,30.68565809122465],[-81.43504133019101,30.685707876833963],[-81.4350859111386,30.685784998843555],[-81.43512012978078,30.685833314278806],[-81.43520836597433,30.68584253040279],[-81.4353766398021,30.68583410221203],[-81.43546266128276,30.685751691691326],[-81.43546896803603,30.68567357560661],[-81.4354957658727,30.685571021560662],[-81.43544188263307,30.685512813434226],[-81.43531160213465,30.685504751223714],[-81.43522755691605,30.685505151170084]]]},"properties":{"OBJECTID":9173,"UNIT_ID":"S00027","SITE_NAME":"Fort Clinch State Park","ACREAGE":0.32,"EC_TYPE":"Maritime Hammock","EC_CODE":"MAH","DFC_CODE":"MAH","DFC_TYPE":"Maritime Hammock","SHAPE.AREA":1309.41308476,"SHAPE.LEN":134.410856202127}},{"type":"Feature","id":9473,"geometry":{"type":"Polygon","coordinates":[[[-81.43432628599491,30.679662837169992],[-81.43426441370494,30.679643206336966],[-81.43421830667302,30.67966384334815],[-81.43420964459149,30.679679190632882],[-81.43421013494394,30.679716168044067],[-81.43424844194624,30.679732358686884],[-81.4342824040795,30.67975681856231],[-81.43431360307197,30.679781229719218],[-81.4343277366671,30.679825606757618],[-81.43435745653983,30.679829130419158],[-81.43432628599491,30.679662837169992]]]},"properties":{"OBJECTID":9473,"UNIT_ID":"S00027","SITE_NAME":"Fort Clinch State Park","ACREAGE":0.04,"EC_TYPE":"Maritime Hammock","EC_CODE":"MAH","DFC_CODE":"MAH","DFC_TYPE":"Maritime Hammock","SHAPE.AREA":145.60200712,"SHAPE.LEN":56.3032873574551}},{"type":"Feature","id":9474,"geometry":{"type":"Polygon","coordinates":[[[-81.4339020213327,30.67852891588282],[-81.43391628174615,30.678548184047028],[-81.43391916134682,30.678600706240765],[-81.43391006803093,30.678633933743143],[-81.43390612612589,30.67868275566102],[-81.433909020091,30.678734682272477],[-81.4339350087442,30.678745882310817],[-81.433959300656,30.67877016859589],[-81.43398934775036,30.678785018382],[-81.43399575168102,30.678796069539427],[-81.43400261597704,30.678807915011337],[-81.43404762915397,30.67883257337828],[-81.43404688164996,30.67886356557377],[-81.43404187553669,30.678899250769323],[-81.43404803390764,30.678909568258007],[-81.43405914469872,30.678928182205667],[-81.43409181122932,30.67894904107242],[-81.43409946703945,30.678975413792816],[-81.4340804153539,30.679020387527437],[-81.43405972748005,30.679075070040565],[-81.43405532095413,30.679086718531643],[-81.43404769440927,30.67911639461335],[-81.43404505545362,30.679141950573975],[-81.43404347987904,30.679157203342065],[-81.43407934020438,30.679160604757694],[-81.43409149038024,30.679216259147555],[-81.43408731616958,30.679215849761842],[-81.43408368495507,30.679215494296553],[-81.43409235687344,30.67922022658108],[-81.4341208297751,30.679235767416888],[-81.4341563159686,30.67925429261726],[-81.43418855138471,30.679293031724605],[-81.4342536611785,30.67931360953123],[-81.43423690864319,30.67923331933257],[-81.43423557730078,30.67922558097964],[-81.43419552679966,30.678992719901252],[-81.43419230346706,30.678973979865816],[-81.43416870882376,30.67876033353117],[-81.43416573548897,30.678654384555976],[-81.43417222484774,30.67852284712057],[-81.43425568294421,30.67831732402956],[-81.43433625605773,30.678170032011884],[-81.43435764492537,30.67813093159366],[-81.43442570865237,30.678006505983905],[-81.43454701910126,30.677836006922217],[-81.43461719100424,30.67763119892511],[-81.43467936136523,30.677437219484688],[-81.43473297724822,30.67718536793099],[-81.4347672656918,30.677001381515463],[-81.43480739167703,30.676850413808396],[-81.43486604918562,30.676618687099563],[-81.43491343807675,30.67644161369551],[-81.4349880940426,30.676142439933184],[-81.43502074936475,30.676026159465682],[-81.43505826707813,30.675708192281064],[-81.4350705468836,30.675611579442393],[-81.43508955965495,30.675465003199175],[-81.43509385622839,30.675195094406224],[-81.43509714505652,30.675104522039927],[-81.43506986929442,30.674676634720026],[-81.43505828474528,30.67456099081345],[-81.43509250943175,30.67424201115786],[-81.43512023452367,30.67405504524433],[-81.43516033095662,30.673767653448042],[-81.43519259193218,30.673575998657537],[-81.43523360886714,30.673296254954312],[-81.4352592172224,30.673151227906352],[-81.43527711839634,30.672867253630052],[-81.43528550843371,30.67268917054347],[-81.43527686253707,30.67235988111315],[-81.43517279678025,30.671998828149672],[-81.43508841853473,30.671715403341153],[-81.4350116915435,30.671458588958103],[-81.43484412805859,30.670842390600118],[-81.43472079613706,30.67052392215824],[-81.43459954544973,30.67046307326214],[-81.4345182159702,30.670397217905652],[-81.43441914683294,30.670104227406863],[-81.43438205320315,30.66999194241572],[-81.43449956847219,30.669863829935622],[-81.43449600770086,30.669736405500405],[-81.43445744523832,30.669547534389974],[-81.4344262229627,30.669398148581017],[-81.4343033399428,30.66899239600721],[-81.43419839745701,30.66853044091138],[-81.43415850422721,30.668259263110315],[-81.43416646031697,30.6681356233797],[-81.43415971389093,30.668028993615838],[-81.43331263897156,30.66792884279352],[-81.43319455385563,30.668667362043497],[-81.43313116840794,30.669063783921818],[-81.43313041516612,30.669068376668974],[-81.43312991412797,30.669071391946957],[-81.43312935427326,30.66907468020136],[-81.43312855504388,30.669079230656806],[-81.43312781830468,30.669083355861137],[-81.4331270930483,30.66908730819822],[-81.43312619936945,30.66909209313015],[-81.43312537344437,30.66909640783429],[-81.43312442429422,30.669101197178236],[-81.4331236329937,30.66910511587763],[-81.43312311415288,30.669107656686588],[-81.43312229244182,30.6691116235166],[-81.43312137312934,30.669115955472964],[-81.43312067685751,30.66911918268411],[-81.43311995237222,30.669122453558213],[-81.43311923730536,30.66912568043177],[-81.4331183376078,30.669129632339413],[-81.43311775542055,30.669132157587587],[-81.43311699887033,30.66913541526573],[-81.43311606197398,30.669139350279448],[-81.43311544915805,30.669141889400205],[-81.43311440400122,30.669146198363087],[-81.4331134533327,30.669150011437118],[-81.43311225464737,30.66915475212848],[-81.4331111341807,30.66915910841538],[-81.43311030155755,30.66916231514856],[-81.43310944709386,30.66916551788367],[-81.43310840018944,30.66916942297701],[-81.4331071955843,30.669174019334143],[-81.4335452609962,30.674587393236212],[-81.43419244335344,30.677360854558124],[-81.43416893688233,30.67752458106303],[-81.43402098378343,30.677508717440205],[-81.43402030269418,30.67751464923923],[-81.4340193357852,30.677523118839893],[-81.43401732560105,30.677540712009694],[-81.43401487305859,30.67756217879394],[-81.43399654738668,30.67767811165968],[-81.43391251737873,30.678433071352156],[-81.4339055997036,30.678496248292152],[-81.43390394364249,30.678511372504424],[-81.4339020213327,30.67852891588282]]]},"properties":{"OBJECTID":9474,"UNIT_ID":"S00027","SITE_NAME":"Fort Clinch State Park","ACREAGE":36.02,"EC_TYPE":"Maritime Hammock","EC_CODE":"MAH","DFC_CODE":"MAH","DFC_TYPE":"Maritime Hammock","SHAPE.AREA":145761.972251165,"SHAPE.LEN":2688.41504740385}},{"type":"Feature","id":9566,"geometry":{"type":"Polygon","coordinates":[[[-81.43398656742932,30.683873532168082],[-81.43419160872389,30.684217443169008],[-81.43425147530567,30.684369251453894],[-81.43428651928186,30.684496634087942],[-81.43440658246004,30.684786554735116],[-81.43443959271492,30.68486662509649],[-81.4344988460531,30.684977998376823],[-81.43454315152569,30.685116509619526],[-81.43456372425587,30.68515250727206],[-81.43457508929619,30.685306870237795],[-81.43457259729878,30.685476058257066],[-81.43456261246925,30.685560838388877],[-81.43454816175435,30.685633204912435],[-81.43449813949998,30.68569876701721],[-81.43444849811758,30.685748577050262],[-81.43443500614006,30.685814109876212],[-81.43443454457046,30.685866173017647],[-81.43446231390305,30.685998906766887],[-81.43449828541708,30.686153711594464],[-81.43453185953763,30.6862762722968],[-81.434561946911,30.68651045021501],[-81.43458217590307,30.68665949173049],[-81.43458780357585,30.686821288778162],[-81.43459384028156,30.68686730279069],[-81.43464057740545,30.686970914557534],[-81.43473771809767,30.687091875115108],[-81.43492238790475,30.687381810723565],[-81.43496515114528,30.687465578072537],[-81.43506825784533,30.68766061831994],[-81.43517115904076,30.687864241012626],[-81.43524552882893,30.688012972414697],[-81.43529810102564,30.68810263986232],[-81.43533447461056,30.688176275693344],[-81.43537426648525,30.68824567931878],[-81.43543367849632,30.688326883288045],[-81.43556583401075,30.68848666833151],[-81.4356436552281,30.688561047864546],[-81.43565799305438,30.688654322658596],[-81.43563861862314,30.688701198597773],[-81.43557582694845,30.688760175169474],[-81.43546419744449,30.68884975891176],[-81.43531713019425,30.688964464274076],[-81.4351580783155,30.68909469621241],[-81.43497063387662,30.689233004576362],[-81.43484725941974,30.68932810030677],[-81.43481216929933,30.6894076082773],[-81.43479362389942,30.68948884470889],[-81.43481103552217,30.68959219161936],[-81.43490592488908,30.689784222697373],[-81.43499867222486,30.689996249754763],[-81.43510741405548,30.690232890966417],[-81.43518924687525,30.69041610139017],[-81.43527249702196,30.690609354912045],[-81.4353328455615,30.690789316755296],[-81.43536677155988,30.690964512670295],[-81.4353683976496,30.69103466208537],[-81.43537506707345,30.69110204084326],[-81.43549869746487,30.69134038059024],[-81.43566761670674,30.69169544720295],[-81.43571963937119,30.69180800140726],[-81.435801610008,30.691916800294884],[-81.43585781429788,30.69206234375722],[-81.43595049409141,30.692208541643495],[-81.43599296963224,30.692316583157496],[-81.43603767335978,30.692480524165802],[-81.43605621022375,30.692491350394796],[-81.43615469865647,30.692488347803504],[-81.43631100900387,30.69247207116543],[-81.4364987934345,30.692388623847922],[-81.43670034690346,30.69228443413987],[-81.43702967804758,30.69215486880719],[-81.43720557286566,30.69210729830264],[-81.43742813763551,30.692047531434266],[-81.43757085840313,30.691998573268517],[-81.43766358737211,30.691959212293295],[-81.43777243411155,30.691893427886086],[-81.43788850869588,30.69180296898359],[-81.4380045816196,30.691666715961965],[-81.43805293634034,30.6916332379965],[-81.43805454656392,30.691612278658866],[-81.43807522042646,30.69153441879844],[-81.4380791105057,30.6915106382642],[-81.43809386444772,30.69140309787673],[-81.43809558693066,30.69133157704957],[-81.4381068896953,30.691275492031036],[-81.43812430661069,30.691057332482067],[-81.4381285553407,30.690880914193464],[-81.4381303327502,30.690577566071028],[-81.43812931344755,30.69048214588562],[-81.43810625681637,30.69038346768297],[-81.43806970702069,30.690294088411942],[-81.43795145211354,30.690107841569695],[-81.43792828440215,30.69005972572812],[-81.43790746442644,30.690005926942753],[-81.43781947126462,30.689894636250486],[-81.4377596624393,30.689760955220024],[-81.43772520923952,30.68967638299126],[-81.43772552840899,30.689617239076473],[-81.43775092151293,30.689527062017966],[-81.43780742298397,30.689430764858223],[-81.43791151868095,30.689286665890634],[-81.43802579027135,30.689133208484506],[-81.43807282708785,30.68901670713607],[-81.43809439610347,30.68890165666394],[-81.43804596146131,30.688754823162597],[-81.43786579048238,30.68836675248745],[-81.43775143263329,30.688166861117267],[-81.43765052917912,30.687948965844456],[-81.43756478790469,30.687721325640826],[-81.43752564842976,30.68762474434808],[-81.43737572929147,30.68730722941302],[-81.4373143400931,30.687101490833044],[-81.43729195332133,30.68699805433718],[-81.43730003215488,30.686938095973296],[-81.43731906094666,30.68690552398658],[-81.43735422170302,30.686891844219193],[-81.43747721553696,30.686881170047435],[-81.43759243724321,30.686848891419363],[-81.43765275217507,30.68682563053646],[-81.43766452292918,30.686885960148555],[-81.43748250327654,30.686937075464847],[-81.4373719455205,30.686982316460075],[-81.43735982393417,30.687003564984177],[-81.43736953343956,30.687082446179687],[-81.43744719052879,30.68730135526399],[-81.43756729861629,30.687548215553964],[-81.43772986741376,30.687960406048443],[-81.43786562578036,30.688246185071588],[-81.43803979684877,30.688589893006608],[-81.43810836262574,30.688734953684392],[-81.43812089107531,30.688765706347926],[-81.43815624253764,30.6888588807141],[-81.43815293293044,30.688950407395996],[-81.43813198403963,30.6890397104282],[-81.43810836232538,30.68910225235614],[-81.43804407768556,30.689200318414112],[-81.4380187742539,30.689240887398796],[-81.43787857535237,30.68941486814749],[-81.43781396874485,30.689526284960756],[-81.43778348881227,30.68964403685077],[-81.43779019187967,30.68968708800138],[-81.43780831846705,30.689760872957578],[-81.43787823571053,30.689888058245053],[-81.43793755993713,30.68999597195854],[-81.43799094152241,30.690075159362998],[-81.43804768500563,30.69015249867614],[-81.43813901902398,30.690308687562496],[-81.43816921269826,30.690386504609542],[-81.43818715854499,30.69051371184744],[-81.43819446520371,30.69062355507462],[-81.43816739405582,30.69110485258922],[-81.43815802930105,30.691218213701944],[-81.43814316322297,30.691376314672503],[-81.43813292569858,30.69152591333041],[-81.43811932114444,30.69158577288991],[-81.43810137035477,30.691630392334016],[-81.43807815463498,30.691688069389947],[-81.43799850961048,30.691781089868755],[-81.43789334902422,30.691877469564183],[-81.43783449509085,30.691933655807002],[-81.43777388949827,30.69197073076011],[-81.43761742272956,30.692039477150047],[-81.4372966795484,30.69213389833943],[-81.43722534251651,30.692157424003764],[-81.43721642482147,30.692160545325166],[-81.43701791508896,30.692230026307545],[-81.4367860110045,30.69230886717987],[-81.43667619616063,30.692368908467092],[-81.43668543162723,30.69239864945423],[-81.4367227642386,30.692501399903122],[-81.4367251420017,30.692632144115485],[-81.4367262549978,30.692769543522985],[-81.4367248602429,30.692965094036087],[-81.43672893847622,30.69302527070374],[-81.43673159107011,30.693098778443066],[-81.43666935484715,30.69324935202127],[-81.43658258290459,30.693454438209017],[-81.4365548830486,30.693502596605004],[-81.4365157644375,30.693611607448524],[-81.43647558671339,30.693718691845373],[-81.43639292337365,30.69384504865106],[-81.43637247766968,30.69391337167742],[-81.43637819688102,30.694089015455802],[-81.43641889832638,30.69432729870532],[-81.43641861196828,30.69450674886527],[-81.43673142334453,30.69440525408854],[-81.4369700274082,30.694346885990555],[-81.43754327175662,30.694248644605977],[-81.43771566625217,30.69422901383786],[-81.43819472439071,30.69417446151167],[-81.43875719097167,30.69410668100514],[-81.43879776046478,30.69410179209659],[-81.43884192362813,30.69410144323136],[-81.43935215491922,30.69409741615475],[-81.43954784480111,30.694146161079797],[-81.4395209387972,30.694059467064243],[-81.43950629308529,30.694012279284376],[-81.43948320352838,30.69380007219548],[-81.43940753462584,30.69349819792936],[-81.43930420666469,30.693311742448483],[-81.43919588840778,30.693125913236287],[-81.4390294145857,30.692875360522862],[-81.43898190757052,30.692795543978658],[-81.43874080563195,30.692392937423982],[-81.43861726590433,30.692081618843734],[-81.43853724989984,30.69174221444295],[-81.43851342270064,30.691641144416664],[-81.43844051726897,30.691234493983135],[-81.43843955759887,30.69122679201711],[-81.43839505840005,30.690977168497366],[-81.43837877067205,30.690689238366957],[-81.43845680367295,30.689997300496795],[-81.43854168748676,30.689502968156795],[-81.43861969411365,30.689225314659286],[-81.43864482960211,30.689076936982996],[-81.43863043742151,30.688985808755803],[-81.43859039684494,30.68885772884894],[-81.43850911045841,30.688651633968256],[-81.43835176202155,30.688366899982398],[-81.43811670742961,30.68793409199807],[-81.43799090101592,30.68771718115228],[-81.43787602330377,30.68745968248331],[-81.43782540382516,30.687221626915708],[-81.43780301994417,30.687116357030966],[-81.43777665761434,30.686971349935057],[-81.43772586946761,30.68684377045213],[-81.43763120760956,30.68660597539977],[-81.43746909869263,30.686166511474354],[-81.43746461674594,30.686154359983494],[-81.43734509522221,30.685883182419268],[-81.4372629175865,30.685714277958024],[-81.4371159105629,30.68555136639225],[-81.4365552966034,30.684932407048525],[-81.43600079986828,30.68426633199541],[-81.43571461840291,30.683959965529127],[-81.43548798848745,30.683678660732223],[-81.4354666200548,30.6836521365657],[-81.4353385105415,30.683462372513784],[-81.43525234678003,30.683252611105015],[-81.43522381428289,30.683129030769813],[-81.43515669804546,30.682885982334312],[-81.4350683877957,30.682611367503664],[-81.43505949699468,30.68258372141553],[-81.43481200586271,30.681773610479418],[-81.4346700035206,30.681197219209007],[-81.43455295472741,30.6807077035222],[-81.43450046165599,30.680454423226717],[-81.43444927119374,30.68023884979759],[-81.43438486266233,30.679975338901272],[-81.43436926108105,30.679892108143857],[-81.43431330461252,30.679908227955256],[-81.43429779217755,30.679921067062292],[-81.4342766384852,30.679938574352843],[-81.4342648395264,30.679969368142636],[-81.43426694146704,30.679996833744863],[-81.43427540399637,30.68004707194068],[-81.4342791558417,30.68007595537348],[-81.43427985670216,30.680079167138764],[-81.43427672974589,30.680106721847928],[-81.43425287139195,30.68012179628841],[-81.43422630634348,30.680134436936616],[-81.43421044888258,30.680161580071694],[-81.43422311361746,30.68020950854161],[-81.43420305392402,30.680238961412947],[-81.43420814898273,30.680256940911825],[-81.43424052845005,30.6802897205468],[-81.43421056878918,30.680328535516846],[-81.43421836845788,30.680348948768202],[-81.43422585296464,30.68038247309659],[-81.43421163577403,30.68039891324049],[-81.43420936297889,30.680435841057626],[-81.4342211061529,30.680464672378573],[-81.43421189674771,30.68050266734016],[-81.43417972008389,30.68051878500905],[-81.43414019095768,30.68055325451448],[-81.43414093900695,30.680579503225815],[-81.4341591588244,30.680626338868578],[-81.43415852634455,30.680652562792506],[-81.43412751220283,30.68069883710519],[-81.43414128825549,30.680784723232406],[-81.43406369665094,30.680884455351936],[-81.43401299760465,30.680969407295485],[-81.43402317521023,30.68100584205803],[-81.43409174375279,30.681005165882965],[-81.43416422677556,30.681025547111435],[-81.43420691742001,30.68108927870403],[-81.43423486989269,30.681122217746864],[-81.43426061374788,30.681155116227366],[-81.43430638812141,30.68118265115426],[-81.43438610236383,30.681269943830152],[-81.43439333449658,30.681336854504362],[-81.43439830988598,30.681405632996412],[-81.434460710026,30.681475463221524],[-81.43450034181623,30.681494061880322],[-81.43455951706247,30.68150466502773],[-81.43459723492074,30.681533054914865],[-81.43461728414208,30.681548146063967],[-81.43463191953761,30.681610244384583],[-81.43468818993676,30.681644092857756],[-81.4347156871417,30.681787688939163],[-81.43476878855338,30.68196990592567],[-81.43477031176359,30.682090139356966],[-81.43472173965952,30.68210339286642],[-81.43464565495357,30.68212415446969],[-81.434621228414,30.682151986699555],[-81.43458709412003,30.68213779381198],[-81.43457402839611,30.6821637945552],[-81.43456927996026,30.682188752020654],[-81.43457987282297,30.682208022826703],[-81.43461150379873,30.68221455276414],[-81.43461682697527,30.68221619068049],[-81.43463208196407,30.68222088517239],[-81.43464943808544,30.682246239468537],[-81.43469738956168,30.682263795739786],[-81.43471773780149,30.68227966387514],[-81.43472576871599,30.682290540507047],[-81.43471008351148,30.682310532162195],[-81.43467842377716,30.6823051934251],[-81.43465237561836,30.68229637853437],[-81.4346246307208,30.682300650833977],[-81.43460284237534,30.682287141122124],[-81.43458945857715,30.682269013709732],[-81.43458011788158,30.68225907718797],[-81.43455409998342,30.682263868153314],[-81.43454439454918,30.682288335489627],[-81.4344777170324,30.682393988901875],[-81.43445160895165,30.68246793348898],[-81.43454021232903,30.68255347740078],[-81.43461120943705,30.682606194089054],[-81.43461361935724,30.68260798342948],[-81.4346271120138,30.682618002601398],[-81.43468278913996,30.682693416354645],[-81.43462707133958,30.68280308238632],[-81.43461671258999,30.682865861555694],[-81.43463209614671,30.68296153914799],[-81.43474540647253,30.683031308803972],[-81.43480421446503,30.68306861743766],[-81.43487688296345,30.683081370100645],[-81.43490202861453,30.68313906251497],[-81.43485947808836,30.683161195129337],[-81.43474513278908,30.683134337762198],[-81.43464893485567,30.683180312009917],[-81.43453919719545,30.68323749132951],[-81.43448697655026,30.683293794860408],[-81.43443088829798,30.683327132516766],[-81.43433579293352,30.68332733351696],[-81.4342855989299,30.683391305809014],[-81.43419170232707,30.68343350441344],[-81.43413630287071,30.68343823379746],[-81.43412331896985,30.68351813815026],[-81.43412198493499,30.683573447827676],[-81.4341091379656,30.683647630539514],[-81.43409928483405,30.683689430704234],[-81.43398656742932,30.683873532168082]],[[-81.43692374012667,30.691726320320207],[-81.43681401278856,30.691690961223205],[-81.43677394898941,30.691747484041013],[-81.43673123555637,30.69179918890967],[-81.43666762298113,30.691800433137363],[-81.43665604726944,30.691707208691426],[-81.43663094162615,30.691601815525715],[-81.43652955651349,30.69144973786388],[-81.43640192397125,30.691354430682658],[-81.43635281725616,30.69132731428846],[-81.43632149671282,30.69125043029082],[-81.43635419058641,30.691155614796987],[-81.43635055975251,30.691076842328616],[-81.43628527585267,30.691032740162353],[-81.4361709483642,30.691073620174855],[-81.43614003560967,30.69109453065348],[-81.43610250420646,30.691160639522302],[-81.43602968232372,30.691199878854317],[-81.43595674545212,30.691243886503713],[-81.43591570342203,30.691340937345647],[-81.43590799391474,30.69143143151735],[-81.43584933270233,30.691456615393914],[-81.43577880926063,30.691400492933578],[-81.43568169293535,30.691415445906767],[-81.43563402316052,30.69132872844948],[-81.43566401171226,30.69123147934453],[-81.43554213590852,30.691126734760665],[-81.43551979597714,30.69102139105329],[-81.43553240043201,30.690957220241692],[-81.4356357328619,30.69091375823943],[-81.43574954809898,30.691008818169312],[-81.43581431561402,30.691074376382645],[-81.43595443657667,30.6911102815653],[-81.43606830553414,30.691088474253895],[-81.4361233358075,30.690984518726882],[-81.43616593326084,30.690937581504254],[-81.43617358609484,30.690849471547146],[-81.4361648318027,30.69075391252894],[-81.43621076715877,30.690683184021122],[-81.43627230513144,30.69065328211633],[-81.4362842780964,30.690615336305974],[-81.4362688643947,30.690563937407582],[-81.43625610187253,30.69045113320612],[-81.43630431689986,30.690377584418997],[-81.43634599306164,30.690300102531104],[-81.43637914717472,30.690209111149723],[-81.43642455357954,30.69016031592981],[-81.4364676581176,30.690115296095883],[-81.4364822544903,30.690060224948876],[-81.43642620452141,30.69000006983539],[-81.43640745835798,30.689952032153307],[-81.43639985667919,30.68990037860188],[-81.43638000272973,30.689806527995234],[-81.43637810989378,30.6897015513351],[-81.43639058727359,30.68964262551419],[-81.43638971030676,30.68958727682109],[-81.43644110467855,30.689565302249786],[-81.43641586475695,30.6895114239644],[-81.43635286060974,30.689464500695262],[-81.43627433727835,30.689419206431936],[-81.43632172447721,30.68937998763077],[-81.43629680639513,30.68931275940283],[-81.43622500682213,30.689263769950948],[-81.43613368445087,30.689290752234363],[-81.43608634317594,30.689328064352722],[-81.43606354321678,30.689264688969576],[-81.43608933110701,30.689204094556754],[-81.43617116728693,30.689203654418886],[-81.43620579770392,30.689143218628384],[-81.43618926165743,30.689095220594364],[-81.43616061244941,30.688999304775653],[-81.43618193245328,30.68894053764534],[-81.43617861382641,30.688894685085806],[-81.43614409598663,30.688858766426698],[-81.43607902378989,30.688897667861678],[-81.43609929101287,30.68897435348392],[-81.43609339925915,30.689035305747808],[-81.43606024083836,30.689034710846308],[-81.43601984875626,30.688967204056983],[-81.43598742587825,30.688936093351604],[-81.43600377249959,30.688900134429968],[-81.43601449982965,30.68882209655103],[-81.4360093851412,30.688759039384234],[-81.43599220235222,30.688646155996597],[-81.43601379817055,30.68857594650384],[-81.43608748187131,30.688546739521836],[-81.43620565303462,30.688506882379702],[-81.43619017429239,30.68841501867269],[-81.43609456533461,30.68834461386324],[-81.43600600519892,30.688348749088583],[-81.43594700997895,30.68831906996937],[-81.43596851385033,30.688252673733096],[-81.43596105041536,30.68819529857407],[-81.43587414963496,30.688222359987332],[-81.43583588114794,30.6882502939665],[-81.43582436481557,30.688177582045302],[-81.43577098579495,30.688098393944962],[-81.43571148504896,30.6880896947172],[-81.43567998203777,30.688020439031906],[-81.43569291933726,30.687942441783584],[-81.43573236112572,30.687865873852367],[-81.43575344711475,30.687725056571054],[-81.43571600217348,30.687627074579268],[-81.4356742275087,30.687525198207652],[-81.43567933478133,30.687405083293058],[-81.435708573587,30.687293032969066],[-81.43571754982251,30.68719588398256],[-81.4356126400761,30.687144392698904],[-81.4354825864264,30.68712679393905],[-81.4353751479669,30.687180199615707],[-81.43536722895293,30.687233482928736],[-81.4353532301415,30.687263759745367],[-81.43529720799535,30.687294236999577],[-81.43524995660705,30.687236147760185],[-81.43522913851648,30.6871823496002],[-81.43516360718871,30.687240322120417],[-81.43509544952093,30.687223834796445],[-81.43507960405043,30.687147228477755],[-81.43504962279212,30.687106621509486],[-81.43505077243948,30.68705894083624],[-81.43511354103696,30.687023815272525],[-81.43517635456094,30.686986781247224],[-81.43518367586395,30.68695829204697],[-81.43519129604542,30.68691740625147],[-81.43517968836046,30.686848507579228],[-81.43509697667227,30.686793598545375],[-81.43496977820833,30.68674933830269],[-81.43495089531356,30.686707022190316],[-81.43491732028924,30.68663200598362],[-81.4348991732313,30.686559175042508],[-81.43496406049606,30.68652790246894],[-81.43500357021958,30.686448473980672],[-81.434956640239,30.686377033864936],[-81.43493227557138,30.686286918986063],[-81.43490372024293,30.686187188090482],[-81.43482146808881,30.686113205569477],[-81.43483016910031,30.686027500004947],[-81.43478367736293,30.68593794164859],[-81.43479795212146,30.685896220738094],[-81.43487421199768,30.685851796703535],[-81.4348987546611,30.685751110602904],[-81.43489460652512,30.685648002072497],[-81.43486384056688,30.685548231532426],[-81.43480332622273,30.68548990412982],[-81.43472577554776,30.68549614447648],[-81.43464905169915,30.685468054036363],[-81.43469920046557,30.68540598902939],[-81.43473820510519,30.6853475406363],[-81.43476472762461,30.685256430025714],[-81.43478637289395,30.685275899255647],[-81.43478554508174,30.685310229076375],[-81.43477928382346,30.68538643849781],[-81.43481552909051,30.685442421927014],[-81.43488336365124,30.68547226015052],[-81.43493194871766,30.68547504058736],[-81.43500042817034,30.685478178098823],[-81.43504564924132,30.68543701264138],[-81.43511228676746,30.685424852134652],[-81.43520047558783,30.685435975754867],[-81.43521267827221,30.685388493520016],[-81.43517822982554,30.68534971388509],[-81.43512407097067,30.68530294892296],[-81.43514060230994,30.685259361067455],[-81.43519779861671,30.68527183585995],[-81.43529054798925,30.685277316263473],[-81.43531426520605,30.6853025467107],[-81.43536050143669,30.685311008960806],[-81.43540636598816,30.68524314272122],[-81.43545329293018,30.685222995872863],[-81.43550799965487,30.685155288289682],[-81.43560088178872,30.685063460973534],[-81.43569717399676,30.685013671914746],[-81.43575176676072,30.68497317652567],[-81.43576247276575,30.684965234988482],[-81.43579811656915,30.68495442635512],[-81.43580825023317,30.684992768630924],[-81.43579779898765,30.685059362094684],[-81.43579418601887,30.685117492999776],[-81.43578817663673,30.68515185874459],[-81.43585248986517,30.685175780296774],[-81.43590494380229,30.68520152627237],[-81.43593059616404,30.68523823955995],[-81.4359252101957,30.685278211705803],[-81.43595109244089,30.68530538832788],[-81.43599111098304,30.68529656647417],[-81.43603099163855,30.685293465346213],[-81.43603702550935,30.685318378393426],[-81.43599839037394,30.685361569756633],[-81.43603532471634,30.685388945565556],[-81.43609509975362,30.685386202264926],[-81.4360897598131,30.685424266908175],[-81.43615045869315,30.685474964610943],[-81.43622253145851,30.685512510682152],[-81.43623017868705,30.685562257459797],[-81.43619131268184,30.68561498462997],[-81.43614770526146,30.685680984192988],[-81.4361422263843,30.68572477046792],[-81.4361851499154,30.685778965928122],[-81.4362215328821,30.68582922825909],[-81.43633703517486,30.685899989774192],[-81.43638838654125,30.68597150781413],[-81.4364890127131,30.686017198441434],[-81.43646981135625,30.686079819257145],[-81.4365698861701,30.686148396399442],[-81.43658229409046,30.686092331540507],[-81.43662351268583,30.686125507270344],[-81.43665888599661,30.68621772763248],[-81.43671636370085,30.686310345383788],[-81.43676596419655,30.686362752110185],[-81.4368552630172,30.686419686638118],[-81.43690376078155,30.68651786647267],[-81.43690625144276,30.686598049681816],[-81.43686761619554,30.686641241321666],[-81.43685730331029,30.686702113300694],[-81.43691303115808,30.686775618920123],[-81.43698740785332,30.68680938926477],[-81.4370479690362,30.68686580916721],[-81.43702858509198,30.68693605927844],[-81.4370494499795,30.686987950551597],[-81.43710112397714,30.68704611848617],[-81.43711111941965,30.687090182357988],[-81.43707220835891,30.687144818264144],[-81.43707916584019,30.687223172374],[-81.43715110331785,30.687266439692564],[-81.43717855290915,30.687320357387524],[-81.43721240542686,30.68738392980552],[-81.43717211051468,30.68740419531138],[-81.4371420407903,30.687458989809173],[-81.43713191280654,30.68751223360007],[-81.43697653204237,30.687536159174606],[-81.43689386895446,30.68757092964566],[-81.43683409271034,30.68757367328493],[-81.43675778038198,30.687528419888594],[-81.43668220839453,30.687544236723713],[-81.43661478949,30.687588820374344],[-81.43655630872902,30.68772133450002],[-81.43656501820158,30.687818800811314],[-81.43656806016466,30.687876096605212],[-81.43661791898016,30.688009600413046],[-81.4365879877407,30.68805867228648],[-81.43658992672022,30.688161741296515],[-81.43662810796528,30.688229208226012],[-81.43674370503827,30.68829615540637],[-81.43687629187922,30.688300440947177],[-81.437027068184,30.68828406533414],[-81.43715642892724,30.688238683982345],[-81.43724701059686,30.68815062988621],[-81.43725244214609,30.68810875098766],[-81.43725008902835,30.688022846042344],[-81.43726044777056,30.687960066457194],[-81.43728301298044,30.68794139041015],[-81.43734458575885,30.687955851162453],[-81.43736941228185,30.68802689417374],[-81.43739377939045,30.688117009656274],[-81.43736302147563,30.68820041160651],[-81.4373595241244,30.688253774344968],[-81.43740493480996,30.68829656586532],[-81.4374232676613,30.688361767413134],[-81.43736450730661,30.688414139178555],[-81.43726411366056,30.688450500288557],[-81.43725149804139,30.68851514686604],[-81.4372853050295,30.688580626842153],[-81.43731022354302,30.68864785576174],[-81.43729083944731,30.688718106002842],[-81.4371989653967,30.68876797555357],[-81.43715130310169,30.688818637935952],[-81.43705314713633,30.688945670453613],[-81.43707590168096,30.68901095228133],[-81.43713816428543,30.688996804859098],[-81.43717716892333,30.68893835474129],[-81.43726780152781,30.688939980072526],[-81.43730888360236,30.688978877330957],[-81.43725647885438,30.689042811310024],[-81.437288764297,30.689079643385515],[-81.43735544875628,30.689065574261974],[-81.43738307817776,30.689020276699775],[-81.43743212437441,30.68900398380937],[-81.43744737349832,30.68910538409752],[-81.43736743017618,30.68921080064621],[-81.43727141167585,30.68924914769395],[-81.4372113172106,30.689356829360392],[-81.43715670132163,30.68942072277123],[-81.43709227776206,30.68952451008194],[-81.43708399181729,30.689593051938324],[-81.43710444370393,30.689662108280793],[-81.43715174418287,30.68971828951227],[-81.43711768952451,30.689754885634237],[-81.43713215197059,30.68979712225753],[-81.43722057542452,30.689798707988412],[-81.43729011451448,30.689757977764014],[-81.43730415905647,30.689725793181008],[-81.43732728045971,30.689775816631464],[-81.4373469055181,30.689879202902333],[-81.43733207987367,30.68994381082955],[-81.43720244144241,30.690000635717464],[-81.43713957986502,30.690039577317748],[-81.43707261482838,30.689973502586785],[-81.43706726968962,30.689919982102026],[-81.4369874078874,30.689838411091948],[-81.43689548266246,30.68979860183966],[-81.43684464378724,30.689889276115235],[-81.43686155195505,30.69001360282439],[-81.43689112113911,30.690071374479633],[-81.43698852535513,30.690067397291116],[-81.43705479689295,30.690070494176855],[-81.43708003729245,30.690124371471043],[-81.43706903490803,30.69021385282695],[-81.43710247472929,30.690294590391222],[-81.43714724289794,30.6903640828428],[-81.43726458860947,30.69035855563655],[-81.43737387166664,30.690320445501317],[-81.43748393669806,30.690249913759065],[-81.43753961520663,30.69023373973165],[-81.43760252845752,30.690284476645193],[-81.43764406951983,30.690304302224796],[-81.43770546101601,30.690326391147053],[-81.43777790511442,30.690348679107696],[-81.43787148485733,30.690319827870013],[-81.43786803467957,30.690371283204],[-81.4377366444708,30.690408996449502],[-81.43762708478476,30.690458549268392],[-81.43759803090272,30.690562971068886],[-81.43751066348976,30.69051751979531],[-81.43738056049456,30.690501830257478],[-81.43733446414572,30.6905792340848],[-81.4373041189933,30.6906454711901],[-81.43733981496099,30.69072434173362],[-81.43740800788687,30.690788135207942],[-81.43751588994321,30.690785299252454],[-81.43762544326806,30.690827809396474],[-81.43766286572752,30.690880952214187],[-81.43767196592778,30.690962206989695],[-81.43769309607691,30.69100313165313],[-81.43767577002293,30.69103382688673],[-81.43763109888351,30.691052106692304],[-81.43761607576842,30.6911019239648],[-81.43761475495769,30.69115675643451],[-81.43757808587375,30.69118710483706],[-81.43760451317583,30.691237665328234],[-81.43765851535701,30.69129110453559],[-81.4377125165481,30.691344543705934],[-81.43771056409403,30.69142560123993],[-81.43775368596863,30.691471690617828],[-81.43778051434663,30.691505562724537],[-81.43771299003843,30.69155443782585],[-81.4376268117088,30.691574358646],[-81.43758139379166,30.691623630054288],[-81.43748795878597,30.691600489642987],[-81.43741830258061,30.69162309090172],[-81.43738445416008,30.69165110463971],[-81.4373407082879,30.691745723109186],[-81.43731140928637,30.69181436424794],[-81.4372875797096,30.691885488672575],[-81.43730554440057,30.691943052214885],[-81.43734348400281,30.69197473845514],[-81.43737572441198,30.692013478115502],[-81.43734964933192,30.69206309631913],[-81.4372030228855,30.692094788371076],[-81.43719680610421,30.692096131809695],[-81.43712248520767,30.692082873860546],[-81.43710181458053,30.692022876552077],[-81.43708166093965,30.691941422538893],[-81.43702409213977,30.691921310239987],[-81.43696111032843,30.691896329519537],[-81.43696502262016,30.69184869821987],[-81.43697210042876,30.69178442903858],[-81.43692374012667,30.691726320320207]],[[-81.43500221261746,30.684486982348748],[-81.43496707577266,30.684476811776108],[-81.43488713005183,30.684490640747306],[-81.43486774171123,30.68446930461868],[-81.43480879495588,30.684437717604933],[-81.43475178310959,30.684417613520267],[-81.43465871361099,30.684425483566567],[-81.43458456929982,30.684382175415514],[-81.434556982757,30.68433397895535],[-81.43453888233846,30.684259240583415],[-81.43459137938551,30.684191493728928],[-81.43462798783463,30.684140633952868],[-81.43466648617547,30.684103163748976],[-81.43465271428754,30.68403231978317],[-81.43465280306748,30.683936918977157],[-81.43465689950638,30.683858763346755],[-81.43470280987832,30.683788989896733],[-81.43476226318445,30.683799597045386],[-81.43481457821406,30.683831065024933],[-81.4348577292135,30.68387572413592],[-81.43491501670935,30.68388438490839],[-81.43496198911639,30.683862331632394],[-81.43493863914225,30.68382184375392],[-81.43485063457942,30.68380309172705],[-81.43481411498804,30.68375855075388],[-81.4348635270454,30.6837270014295],[-81.43493209631366,30.683726323930067],[-81.43503331754215,30.683747221473325],[-81.4351117876225,30.68370283708485],[-81.43519771929422,30.683715827639368],[-81.43526444663404,30.683699852938823],[-81.43533200537935,30.68374113419013],[-81.43537884249997,30.683816388161233],[-81.43530870505968,30.683790324633428],[-81.43523198330986,30.683762235462055],[-81.43517437292883,30.683766925570385],[-81.43518459821132,30.68380145373602],[-81.43521706527832,30.683830656992548],[-81.43522950033825,30.68386522481735],[-81.43521983051438,30.68389939590543],[-81.43521025263985,30.683929752873166],[-81.43527163995262,30.683951842734746],[-81.43528826297423,30.68390444078603],[-81.43535047790806,30.683892200825422],[-81.43539510044798,30.68387582934201],[-81.43542899678884,30.683937494506722],[-81.43547845761452,30.683995623218138],[-81.435462203494,30.68402776872697],[-81.43542259813941,30.684019425509586],[-81.43538142776437,30.68398434199378],[-81.43532842280275,30.683981482376137],[-81.43528817478581,30.68399984068905],[-81.43525423520956,30.684031668764824],[-81.43521486081357,30.68401378975598],[-81.43519818911079,30.683971513442906],[-81.4351500185662,30.683951568205508],[-81.4351013422086,30.683952602867635],[-81.43506030991752,30.683911797629936],[-81.43498524610044,30.683906633609844],[-81.4349733204426,30.683942672528683],[-81.43497032789001,30.68397505512197],[-81.43493183074686,30.684012525422837],[-81.43490765298856,30.684006367322596],[-81.43484686356997,30.68395948326847],[-81.4348432707905,30.683925074130535],[-81.43479970590045,30.683897579004764],[-81.43474444419857,30.68389658699537],[-81.4347276829441,30.68394971141255],[-81.434761992805,30.683994212746416],[-81.43474730440185,30.684053097586677],[-81.43477769858713,30.68407653963027],[-81.43478308825523,30.68412815335515],[-81.4347869120045,30.684153026765802],[-81.43482766835373,30.6842052753536],[-81.4349060492604,30.684256291866287],[-81.43495956125244,30.684238171740216],[-81.43501680298124,30.684248739084342],[-81.43506907231566,30.684282114492582],[-81.43510559325954,30.684326654535827],[-81.43509177763204,30.684349302998445],[-81.43503163525888,30.68436730416609],[-81.43500405203712,30.68441069360354],[-81.43502307250033,30.684447288002396],[-81.4350710593019,30.684474862435028],[-81.43505724469215,30.684497510915598],[-81.43500221261746,30.684486982348748]],[[-81.43510141849877,30.684774969417617],[-81.43503634487095,30.684722284419607],[-81.43499761406771,30.684677703780235],[-81.43492881426025,30.684687917068462],[-81.43488999048095,30.684647151405716],[-81.43489114015154,30.68459947172303],[-81.43496698625145,30.684572211701255],[-81.43500645277585,30.684586276663605],[-81.43503169081539,30.68464015499802],[-81.43507046761066,30.684682828115076],[-81.43511827061178,30.684718030782136],[-81.43515515958042,30.68474731343487],[-81.43518720941123,30.68470209578665],[-81.43521023411837,30.684664347697304],[-81.43525264618562,30.684647936569206],[-81.4353134794,30.68460132805267],[-81.43533023942031,30.684548203522013],[-81.4352649829541,30.684503146900322],[-81.435203825226,30.684471521270968],[-81.43522238330588,30.684435601356963],[-81.43529592641644,30.684412116507538],[-81.43529458923186,30.684375839517315],[-81.43530052819492,30.684312980908643],[-81.4353099211077,30.684290253051632],[-81.43531968289001,30.68425226782589],[-81.43532272133076,30.684217977707263],[-81.43539695675452,30.68425747042863],[-81.43546004934362,30.684300579813318],[-81.43545912980943,30.684338723734662],[-81.43541588925123,30.68438946470206],[-81.43545006160987,30.684439687519127],[-81.43543334660706,30.684490904529078],[-81.43539636955887,30.684557021896914],[-81.43538794497303,30.68463128503303],[-81.43536068368833,30.684661323766665],[-81.43530947536742,30.6846756696228],[-81.43525923534679,30.684741548932664],[-81.43519656007884,30.684772861278116],[-81.43511951940022,30.684849707747308],[-81.4350638433413,30.684865880766402],[-81.43505173011773,30.684817962119094],[-81.43510141849877,30.684774969417617]],[[-81.43476812530055,30.68493212403566],[-81.43481772083483,30.684892945533434],[-81.43485414650156,30.684849714838247],[-81.43490710591023,30.68485448124461],[-81.43491498242632,30.684894691408626],[-81.43498429170853,30.684955084945212],[-81.4349879316058,30.684987586612795],[-81.43494137363159,30.68499247502766],[-81.43493552396828,30.684959933693715],[-81.43487436609728,30.684928307011464],[-81.43482803807983,30.684923659630662],[-81.4348222367699,30.68498079661309],[-81.43488519159203,30.68502962791071],[-81.43495892259942,30.68509010083505],[-81.43492696349882,30.685131503401685],[-81.43485351177891,30.685151173950175],[-81.43481671578998,30.685118076204674],[-81.43477835282259,30.68505823899842],[-81.43474473246455,30.68498512945543],[-81.43476812530055,30.68493212403566]],[[-81.43471908494948,30.683664305428376],[-81.43467326340337,30.68363867809246],[-81.4346351342244,30.68366089002405],[-81.43457112248048,30.68365592509296],[-81.4345192675525,30.68360538463045],[-81.43459000258544,30.683606654514314],[-81.43464190033832,30.68356370168223],[-81.43469541098273,30.683545581645735],[-81.43472727772459,30.683507993299223],[-81.43472561880898,30.683485067096168],[-81.43481256536265,30.683547684719134],[-81.43486285344464,30.68357148384972],[-81.43484015181737,30.683595881101486],[-81.43481427258385,30.683660290053577],[-81.43471908494948,30.683664305428376]],[[-81.43484410678197,30.683431860464196],[-81.43488789802231,30.683358233173184],[-81.43499575022237,30.683379249772035],[-81.4350233827082,30.683425538602915],[-81.43497802452748,30.683472425620085],[-81.43495942056192,30.683510252085394],[-81.43488997427431,30.68345558023132],[-81.43484410678197,30.683431860464196]]]},"properties":{"OBJECTID":9566,"UNIT_ID":"S00027","SITE_NAME":"Fort Clinch State Park","ACREAGE":57.47,"EC_TYPE":"Maritime Hammock","EC_CODE":"MAH","DFC_CODE":"MAH","DFC_TYPE":"Maritime Hammock","SHAPE.AREA":232588.467960305,"SHAPE.LEN":9531.250735426}},{"type":"Feature","id":34956,"geometry":{"type":"Polygon","coordinates":[[[-81.46341379256405,30.6881267062119],[-81.46336837929424,30.688223586591832],[-81.4634661343432,30.688267993766857],[-81.46354515921409,30.6881350288293],[-81.46349576568925,30.688102984192895],[-81.46341379256405,30.6881267062119]]]},"properties":{"OBJECTID":34956,"UNIT_ID":"S00027","SITE_NAME":"Fort Clinch State Park","ACREAGE":0.04,"EC_TYPE":"Maritime Hammock","EC_CODE":"MAH","DFC_CODE":"MAH","DFC_TYPE":"Maritime Hammock","SHAPE.AREA":177.4484378,"SHAPE.LEN":52.9452376954193}},{"type":"Feature","id":34957,"geometry":{"type":"Polygon","coordinates":[[[-81.46394081582883,30.688342231090893],[-81.46379031897492,30.688346602248842],[-81.4637987463283,30.68847053387497],[-81.46388208809749,30.688563657120138],[-81.46387246615042,30.688687651553927],[-81.46386980594322,30.68877556889251],[-81.46382221967485,30.68884865092127],[-81.4638834028485,30.6888978903878],[-81.46392893321651,30.688885932291395],[-81.4639951891805,30.688884062128786],[-81.46409571111704,30.688876821687558],[-81.46409176864054,30.688760256817737],[-81.46407232378569,30.688699731190113],[-81.4640503337207,30.68856124052723],[-81.46403302479207,30.68846827057103],[-81.46403776781351,30.688331238685887],[-81.46394081582883,30.688342231090893]]]},"properties":{"OBJECTID":34957,"UNIT_ID":"S00027","SITE_NAME":"Fort Clinch State Park","ACREAGE":0.31,"EC_TYPE":"Maritime Hammock","EC_CODE":"MAH","DFC_CODE":"MAH","DFC_TYPE":"Maritime Hammock","SHAPE.AREA":1256.8784086150001,"SHAPE.LEN":173.10153552129103}},{"type":"Feature","id":34958,"geometry":{"type":"Polygon","coordinates":[[[-81.46320251744953,30.688541056755135],[-81.46307074862067,30.688656826089446],[-81.46298506400112,30.68875852087326],[-81.46292428058537,30.68883237522594],[-81.46286831046984,30.688991654615688],[-81.46289439053453,30.68913746206278],[-81.46302269737808,30.68907804398382],[-81.46313135119041,30.688978410124825],[-81.46317399810339,30.688869973852047],[-81.46318826409124,30.68877090447092],[-81.46331261256908,30.688703601367635],[-81.46335151748676,30.688577474728252],[-81.46337663404319,30.688346498360158],[-81.46335521398072,30.68833180249156],[-81.46320251744953,30.688541056755135]]]},"properties":{"OBJECTID":34958,"UNIT_ID":"S00027","SITE_NAME":"Fort Clinch State Park","ACREAGE":0.39,"EC_TYPE":"Maritime Hammock","EC_CODE":"MAH","DFC_CODE":"MAH","DFC_TYPE":"Maritime Hammock","SHAPE.AREA":1572.88475102,"SHAPE.LEN":214.077227532849}},{"type":"Feature","id":34959,"geometry":{"type":"Polygon","coordinates":[[[-81.46621980513223,30.691981196223807],[-81.46637300008388,30.692043830632997],[-81.46644835228726,30.692089335019684],[-81.4665969047464,30.69211321081627],[-81.46658095511407,30.691995425124325],[-81.46651508593499,30.6919432046646],[-81.4664117133005,30.691973247709946],[-81.46633112292231,30.691897540709746],[-81.46619767101667,30.691768510459745],[-81.46617547878937,30.691643627944018],[-81.46608176958965,30.691573330295594],[-81.46599064572422,30.69144665853441],[-81.46591338272773,30.69138661144451],[-81.46589634291792,30.69124006415431],[-81.46579798174223,30.691171648067847],[-81.46576007077661,30.691104039777333],[-81.46575410871141,30.691040283766064],[-81.46568232987937,30.69097319896048],[-81.46564318011183,30.690884180345677],[-81.46555793854941,30.6907529964265],[-81.46547854294263,30.690658035710864],[-81.46541801162908,30.690580575536213],[-81.46533526589937,30.69048239851016],[-81.46524282903373,30.6904183599339],[-81.46517278715542,30.690352601960942],[-81.46509590797736,30.690271501963384],[-81.46498290045515,30.690216959128033],[-81.46489010051735,30.690109381841317],[-81.46479178517005,30.690046741390614],[-81.46480144730522,30.690122598990325],[-81.46483177771394,30.69023595421216],[-81.46491229042357,30.69033455254401],[-81.46496043190207,30.69044668676027],[-81.46504256882905,30.690522298423794],[-81.46507860990378,30.690591092457773],[-81.4651611324019,30.690630318194334],[-81.46530063058714,30.69069280994725],[-81.4653988698024,30.6907895977472],[-81.4655108705186,30.690924232876824],[-81.46552179833965,30.691046056323067],[-81.46554412443395,30.691116123238356],[-81.46552842907992,30.691208871126694],[-81.46551959200464,30.691320999801285],[-81.46541566508547,30.69122952249384],[-81.4653819719779,30.69113824872187],[-81.46529911492469,30.69101942591548],[-81.46529388480569,30.690960481201603],[-81.46520962974277,30.690853815543353],[-81.4651611523116,30.690745237893996],[-81.46505879487093,30.690630640259812],[-81.46498799033547,30.690592456150704],[-81.4650451647941,30.690690942418215],[-81.4650648344716,30.69081950232421],[-81.46510105888494,30.690944008265323],[-81.46519865955226,30.691050758365222],[-81.46523094651621,30.691127678033556],[-81.46525395822601,30.69121671523323],[-81.4652425312127,30.69128423012833],[-81.46515622477786,30.691163935299404],[-81.46513982513726,30.691088696439156],[-81.46505455868467,30.691028946826943],[-81.46497832226271,30.690912747261212],[-81.46494034073193,30.690815024186634],[-81.46488782402861,30.690699180443016],[-81.46481906540615,30.690589924701605],[-81.4647530658777,30.690480467281915],[-81.46475427911908,30.690386466519293],[-81.46468128328142,30.690280620505987],[-81.46456698677119,30.690066420428057],[-81.46456644555909,30.689956654038696],[-81.46450516720458,30.68986792854905],[-81.46449657842395,30.689795179196803],[-81.46449542186136,30.6897361751635],[-81.46451935653583,30.689636007027833],[-81.4644680753818,30.68954832428628],[-81.46440696750807,30.689429227998264],[-81.46430608240618,30.68935398196186],[-81.46426545843346,30.68928186671105],[-81.4642288716242,30.689181832679466],[-81.46416904957604,30.689062814117502],[-81.46412265949772,30.68893271459129],[-81.4640630935667,30.688952371621916],[-81.4641033570004,30.689081982048442],[-81.46410573503557,30.68917266066643],[-81.46412404391717,30.689284525321966],[-81.46418568571369,30.689386860929826],[-81.4642515764973,30.68950573659505],[-81.46427786107557,30.689606011517245],[-81.46427563111361,30.6897136752471],[-81.46426553302386,30.6897728022971],[-81.46430331312835,30.689836899337713],[-81.46432799807693,30.689917236822023],[-81.46437740223163,30.689978643789846],[-81.4644205711522,30.690043769404387],[-81.46443470578164,30.690133351393428],[-81.46450639615345,30.69017529153855],[-81.46450483328105,30.690250505607498],[-81.46454534657812,30.690316546809825],[-81.46448792148631,30.690354585315593],[-81.46442706718936,30.690323018214517],[-81.46440618977047,30.690280142471675],[-81.46435381891995,30.690185435272273],[-81.46432837735065,30.69006350480923],[-81.46430782477627,30.690010730768055],[-81.46424558876318,30.689907574240472],[-81.4642073678263,30.689842247014596],[-81.46417774653075,30.68978495180916],[-81.46413436948438,30.689676279581008],[-81.46412564096902,30.6895689054684],[-81.46408282588378,30.68949872631347],[-81.46406669392795,30.68939354292827],[-81.46404721044901,30.689323501052694],[-81.46398395406385,30.689259141169156],[-81.46401250313404,30.689390985753164],[-81.46402185173673,30.689498201394787],[-81.46400792376303,30.689547577255507],[-81.46397649192741,30.68944952672386],[-81.4639132327596,30.68940417077654],[-81.46386993024733,30.68931890373282],[-81.46386550708941,30.689224438840164],[-81.46382399565809,30.68914871820745],[-81.4638736782009,30.68910494380382],[-81.4638944330391,30.689024492320886],[-81.46385378528707,30.688976530446634],[-81.46377204317338,30.689002808754722],[-81.46375021934276,30.689075900876215],[-81.4637716418829,30.689173589004],[-81.46377779305341,30.689287117432023],[-81.46376912860818,30.68933316844018],[-81.46379762882198,30.68937804730635],[-81.46384479120236,30.68950409883118],[-81.46382125209057,30.689520030388728],[-81.46377703002844,30.689453043387935],[-81.4637740562223,30.689554811148994],[-81.4638366745028,30.68963204580988],[-81.46384963268751,30.689682250361464],[-81.4638730637924,30.689782471132],[-81.4639118121079,30.689832329286347],[-81.46395560974705,30.68992712157046],[-81.46400140376556,30.690000847605614],[-81.46404797857889,30.690113262609724],[-81.46408477238795,30.690203261156853],[-81.46411552830693,30.690280108806775],[-81.4641722263846,30.69035922325652],[-81.46420190036355,30.69041983759926],[-81.46425150015608,30.690529060176225],[-81.46433573392352,30.69065642475254],[-81.46441578468458,30.69067515803027],[-81.46452044818517,30.690732473938777],[-81.46455943329912,30.690669759609595],[-81.46457819001171,30.69068124222329],[-81.46455510889318,30.690747914770554],[-81.46459544988195,30.690762234024543],[-81.4646518279039,30.690848840755383],[-81.46470524327647,30.690930126925956],[-81.4647211119149,30.690998171979494],[-81.46464025009595,30.690964927614402],[-81.46461973350885,30.690890333201867],[-81.46456475779682,30.69083913984796],[-81.4644426342572,30.690828896286895],[-81.46438491462956,30.690755580755617],[-81.46432326953996,30.69063843902782],[-81.46424269291212,30.69058158823048],[-81.46417997966738,30.69050707435377],[-81.4641418775341,30.690454112362737],[-81.46409098105097,30.69034266363652],[-81.46403706180207,30.690261333161462],[-81.46400519927987,30.690206714152332],[-81.46395411465784,30.690122714327384],[-81.46390799780912,30.690049512584867],[-81.4638650119973,30.69001664336732],[-81.46382902120766,30.690052316215976],[-81.46390454954026,30.690155496994112],[-81.46393434561003,30.690245778849352],[-81.46397404861,30.690292720675814],[-81.46402149906025,30.69037323056293],[-81.46406828801362,30.690461155616568],[-81.4641192652195,30.69053192135733],[-81.46417416877578,30.690610933663766],[-81.4642477823545,30.69072714570561],[-81.46417399912379,30.690661923894464],[-81.46409535567237,30.690563471865048],[-81.46403912447933,30.69050237451292],[-81.46395150312328,30.690374822550208],[-81.46389778250527,30.69032241535567],[-81.46381801985615,30.690234904767596],[-81.46376117062754,30.690147287874243],[-81.46374354109759,30.69009445203916],[-81.46369402381093,30.690042842322903],[-81.46365491064023,30.690069855526275],[-81.46370343329632,30.690113268893406],[-81.46369002755782,30.69017714727641],[-81.46370166747057,30.69024889978551],[-81.46380427923457,30.690377032531064],[-81.46391403160362,30.69048307517903],[-81.46396695741736,30.69058626769935],[-81.46402751886521,30.690676707895037],[-81.4640929951561,30.690738664317198],[-81.46415954595643,30.69077816521297],[-81.46422137006397,30.690866622949464],[-81.46428642801698,30.690888237176342],[-81.46438985386796,30.690942383417585],[-81.46454343582006,30.691021946577585],[-81.46465778987232,30.691104057005393],[-81.46475200515893,30.691208915653778],[-81.46489317858779,30.691273737101383],[-81.46500456398564,30.691344658271625],[-81.46512542137756,30.691398854478766],[-81.4653044920648,30.69149446825969],[-81.46544298545868,30.691573221984356],[-81.46554497852611,30.691638221401828],[-81.46567335109556,30.691673553586455],[-81.46572119746546,30.691593719144493],[-81.46574617334686,30.69152897659491],[-81.46576075974222,30.69160846596422],[-81.46579819897379,30.69167277026622],[-81.46582754798453,30.69175773711931],[-81.46591492309281,30.69183120565492],[-81.46601666402545,30.691894355030755],[-81.46610473959714,30.69192969886412],[-81.46621980513223,30.691981196223807]]]},"properties":{"OBJECTID":34959,"UNIT_ID":"S00027","SITE_NAME":"Fort Clinch State Park","ACREAGE":5.15,"EC_TYPE":"Maritime Hammock","EC_CODE":"MAH","DFC_CODE":"MAH","DFC_TYPE":"Maritime Hammock","SHAPE.AREA":20833.952377945,"SHAPE.LEN":2390.46098111978}},{"type":"Feature","id":34960,"geometry":{"type":"Polygon","coordinates":[[[-81.46730965420954,30.69184811374704],[-81.46732342487547,30.692059689264102],[-81.4674404085596,30.69221303940516],[-81.46758795512473,30.69236814617773],[-81.46762554453632,30.692288430400648],[-81.46757393567982,30.692209832027558],[-81.4675143722391,30.69208248821205],[-81.46743796046191,30.691916546550306],[-81.46739791099857,30.691746970154814],[-81.46731739318126,30.69159868150658],[-81.46725745966548,30.691424023792198],[-81.46707312457492,30.691492609223253],[-81.46702813137303,30.691361968239192],[-81.46699007992245,30.69117503943171],[-81.46703063535783,30.69103978410288],[-81.46708637968466,30.69095962591302],[-81.46718667280672,30.691089280009162],[-81.4671646161052,30.69091464998142],[-81.46714138731093,30.690755899592876],[-81.46709119967443,30.690543502130925],[-81.46704743972043,30.690345375624407],[-81.46699435060091,30.690115795015284],[-81.46699104800341,30.68998582457893],[-81.46699134573873,30.6898093913862],[-81.46698436567785,30.689646238039924],[-81.46700064940282,30.689475317453276],[-81.4670087387295,30.68927144038433],[-81.46701907722078,30.689053928475722],[-81.46701668037778,30.688914133256493],[-81.46702392940092,30.688720752084716],[-81.46701572843713,30.688548233885257],[-81.46705131603531,30.688339473621],[-81.4670665066269,30.688200671688737],[-81.46710486872246,30.688046728959375],[-81.46706947853149,30.6880400512809],[-81.46697380443509,30.688406652780063],[-81.46695893643638,30.688555375301124],[-81.46689991573889,30.688786600384503],[-81.46685646117035,30.688960179842667],[-81.46679040649809,30.689132607807238],[-81.46673043223451,30.689291704988197],[-81.46671377822636,30.68946675023201],[-81.46673468141736,30.689622252929006],[-81.46671441604963,30.689813111147547],[-81.46674172475487,30.689998768604955],[-81.46678044244938,30.69015693807952],[-81.4667861094647,30.69034981464159],[-81.46680632032954,30.69056085872331],[-81.46676046132225,30.690701596200455],[-81.46671478154936,30.69085673907035],[-81.46657052173911,30.690827123433053],[-81.46652503634967,30.690687968584715],[-81.46650444308013,30.690551262516948],[-81.46640435612704,30.69063954320297],[-81.46629844725743,30.690556525661304],[-81.46631482582819,30.690416768363136],[-81.46627890828428,30.69026901846093],[-81.46617399757429,30.690198199613494],[-81.46619212111992,30.69008774285607],[-81.46615557165494,30.689816958605373],[-81.46615761678964,30.689677102308018],[-81.46617422430194,30.68954571988692],[-81.46616910128631,30.689397603793047],[-81.46609610043129,30.689357250330875],[-81.46601159747384,30.68937777039051],[-81.46605740248073,30.689449724593747],[-81.46607410748669,30.689550452183678],[-81.46608066549388,30.68970411412262],[-81.46600769109516,30.689705407303617],[-81.46601063259179,30.68960157286415],[-81.46592071458966,30.689571987137835],[-81.4659390756765,30.689407266587086],[-81.46593637258611,30.6893189394953],[-81.46595786215074,30.689147842724353],[-81.46596408759278,30.68903562734396],[-81.46585898072718,30.689206342915963],[-81.4658187497455,30.689316541846036],[-81.4657394548607,30.689429172408726],[-81.46568129089239,30.689487343482234],[-81.4656348707863,30.68930728467433],[-81.46557976855986,30.68927474738739],[-81.46554572275437,30.689384454687524],[-81.46544160288349,30.68939140067828],[-81.46538410365865,30.689225786376948],[-81.46528422101048,30.68904863919196],[-81.46538250987875,30.689028171171415],[-81.46534100530656,30.688920768462825],[-81.46519479496715,30.688850012387363],[-81.46513286906767,30.688644958455573],[-81.46510115214006,30.68843392392081],[-81.46498574788994,30.688309881423375],[-81.46499768076212,30.68815536669835],[-81.46504184013675,30.688008270027257],[-81.46502635936626,30.687903483344076],[-81.46493353322178,30.687677442246343],[-81.46486111192935,30.687502094564998],[-81.46481819248193,30.68728606758531],[-81.46490113855428,30.68714286823603],[-81.46495747289306,30.68698159542884],[-81.46498411886947,30.68684805856463],[-81.46480258351242,30.687050461958183],[-81.46473395521429,30.68716674158621],[-81.46468519858476,30.687382361799358],[-81.46457847549365,30.687571905512748],[-81.46441384536777,30.687717045721204],[-81.46448279287141,30.687859091712713],[-81.4644998320155,30.68807810950085],[-81.46452603074746,30.688304896122464],[-81.46461828061412,30.688103273263714],[-81.46464546522726,30.687861945389397],[-81.46469727568994,30.687652698325042],[-81.46477214779766,30.687518278137517],[-81.4647951712259,30.687785730480105],[-81.46484338545285,30.687945877026024],[-81.46487054570494,30.68820507899606],[-81.46488889698787,30.68852778032114],[-81.46491516193065,30.68866712460269],[-81.46481217647852,30.688770074826532],[-81.46489140972233,30.688932310489143],[-81.46487943845057,30.689067733165015],[-81.46478848350522,30.689030790663622],[-81.46484089433694,30.689143584690523],[-81.46502969870225,30.68933972887218],[-81.4652388104062,30.689508129924246],[-81.46540462828074,30.68966809253754],[-81.4656067848046,30.689903329107118],[-81.46574101529829,30.69008151795321],[-81.46584116609439,30.690281647230687],[-81.46595973687359,30.690468203871333],[-81.46607119128433,30.690626314799044],[-81.46622909155958,30.690751658097167],[-81.46635619011072,30.690902297462856],[-81.4664990092304,30.691015701330837],[-81.46655967212467,30.69118669621618],[-81.46673623649423,30.69140088530517],[-81.4668992424988,30.69156612034958],[-81.46704829426866,30.691792740789396],[-81.46717125856946,30.6918547015018],[-81.46733009431166,30.69176319666025],[-81.46730965420954,30.69184811374704]]]},"properties":{"OBJECTID":34960,"UNIT_ID":"S00027","SITE_NAME":"Fort Clinch State Park","ACREAGE":6.79,"EC_TYPE":"Maritime Hammock","EC_CODE":"MAH","DFC_CODE":"MAH","DFC_TYPE":"Maritime Hammock","SHAPE.AREA":27479.63077662,"SHAPE.LEN":2587.5035768066805}},{"type":"Feature","id":34961,"geometry":{"type":"Polygon","coordinates":[[[-81.47032475826839,30.69216324029031],[-81.47032302077216,30.692334281078676],[-81.47033378528242,30.692444141060335],[-81.47033135648073,30.692659410265822],[-81.47035000420077,30.69279858294964],[-81.47036977876847,30.692732067236424],[-81.47039493209213,30.692607249080027],[-81.4704220701439,30.692472737779106],[-81.4703951948559,30.69232506140643],[-81.47040147866797,30.69213313552963],[-81.47035252906845,30.69208810421157],[-81.47032475826839,30.69216324029031]]]},"properties":{"OBJECTID":34961,"UNIT_ID":"S00027","SITE_NAME":"Fort Clinch State Park","ACREAGE":0.12,"EC_TYPE":"Maritime Hammock","EC_CODE":"MAH","DFC_CODE":"MAH","DFC_TYPE":"Maritime Hammock","SHAPE.AREA":472.22684658500003,"SHAPE.LEN":160.961634375891}},{"type":"Feature","id":34962,"geometry":{"type":"Polygon","coordinates":[[[-81.46798575546285,30.69153487456293],[-81.46805190838366,30.691780893342585],[-81.46804261389771,30.691884913779624],[-81.46814397048658,30.692035073006743],[-81.46817865520286,30.6921651740836],[-81.4682754430772,30.69246082413004],[-81.46835041595011,30.692592599841333],[-81.46848305933942,30.69281994322572],[-81.46857822995666,30.69286915899997],[-81.46864923363594,30.692878673824744],[-81.4687048205627,30.69295892881601],[-81.4687026249134,30.693081845703027],[-81.46876707576634,30.69302847024934],[-81.4688381362904,30.692825797146412],[-81.4687739861733,30.692716590596568],[-81.46870443218664,30.69261722302544],[-81.46850854679681,30.69259117417229],[-81.46844823074517,30.692467037327138],[-81.46834636308866,30.692355394753008],[-81.46838892329632,30.692230852851935],[-81.46836930541835,30.6920426445217],[-81.46834001549834,30.6919288973499],[-81.46822143787341,30.691787822536234],[-81.46818151694859,30.691649319317815],[-81.46807693226492,30.691501920847728],[-81.46798575546285,30.69153487456293]]]},"properties":{"OBJECTID":34962,"UNIT_ID":"S00027","SITE_NAME":"Fort Clinch State Park","ACREAGE":0.8,"EC_TYPE":"Maritime Hammock","EC_CODE":"MAH","DFC_CODE":"MAH","DFC_TYPE":"Maritime Hammock","SHAPE.AREA":3244.687540405,"SHAPE.LEN":414.12302639145}},{"type":"Feature","id":34963,"geometry":{"type":"Polygon","coordinates":[[[-81.46884727142861,30.69314322359101],[-81.46874759525898,30.69317553874168],[-81.46871282230757,30.693242474612337],[-81.46882170433081,30.693279860163376],[-81.46877632031489,30.69342199607466],[-81.46889131574376,30.693525081912878],[-81.46889959976352,30.693383931306496],[-81.46889453512242,30.693254403584408],[-81.46891724807537,30.69310672525337],[-81.46884727142861,30.69314322359101]]]},"properties":{"OBJECTID":34963,"UNIT_ID":"S00027","SITE_NAME":"Fort Clinch State Park","ACREAGE":0.11,"EC_TYPE":"Maritime Hammock","EC_CODE":"MAH","DFC_CODE":"MAH","DFC_TYPE":"Maritime Hammock","SHAPE.AREA":438.83674909,"SHAPE.LEN":116.20319623783}},{"type":"Feature","id":34964,"geometry":{"type":"Polygon","coordinates":[[[-81.47037562111096,30.693600238287686],[-81.47037119035578,30.693658084302367],[-81.47040138744349,30.693767802475193],[-81.47046837084223,30.693816177330554],[-81.47046310354065,30.693727253936093],[-81.47044800292716,30.693561140558643],[-81.47038593300627,30.69346033053809],[-81.47037562111096,30.693600238287686]]]},"properties":{"OBJECTID":34964,"UNIT_ID":"S00027","SITE_NAME":"Fort Clinch State Park","ACREAGE":0.05,"EC_TYPE":"Maritime Hammock","EC_CODE":"MAH","DFC_CODE":"MAH","DFC_TYPE":"Maritime Hammock","SHAPE.AREA":221.24085191,"SHAPE.LEN":83.89591823549439}},{"type":"Feature","id":34965,"geometry":{"type":"Polygon","coordinates":[[[-81.48504242110369,30.69369762346984],[-81.48503524643318,30.69385051913431],[-81.48496453265867,30.694002954700455],[-81.48501479074775,30.69414615297404],[-81.48508856007497,30.694234603547113],[-81.4852153525613,30.694285716745895],[-81.48540256057646,30.694279378098365],[-81.48555662696027,30.694199569797274],[-81.48562541681997,30.694110506010794],[-81.485654406896,30.693905769566573],[-81.48549488415848,30.69378745054996],[-81.48536363218857,30.693688094661223],[-81.48507330074301,30.693535114726977],[-81.48504242110369,30.69369762346984]]]},"properties":{"OBJECTID":34965,"UNIT_ID":"S00027","SITE_NAME":"Fort Clinch State Park","ACREAGE":0.9,"EC_TYPE":"Maritime Hammock","EC_CODE":"MAH","DFC_CODE":"UNC","DFC_TYPE":"UnMapped Natural Community","SHAPE.AREA":3630.13172542,"SHAPE.LEN":234.876763938283}},{"type":"Feature","id":34966,"geometry":{"type":"Polygon","coordinates":[[[-81.4700412678337,30.69407843843482],[-81.47012613942984,30.694196568636244],[-81.47039209521644,30.694413214762527],[-81.47052823511639,30.69455008259688],[-81.4704535467579,30.694332794611693],[-81.47052874206463,30.694216087908835],[-81.47049762482196,30.694160696501424],[-81.47046384258857,30.69402400159847],[-81.47047103980624,30.693871654747536],[-81.47037257014583,30.693897912223814],[-81.47034842869736,30.693784955995177],[-81.47026284610546,30.69362928571394],[-81.47018949139238,30.693520195378273],[-81.47008677515987,30.693382301807095],[-81.47003173182958,30.693229540110536],[-81.46997222202916,30.693124878342342],[-81.46991331940035,30.693024170182063],[-81.46986896160583,30.692902662884883],[-81.4698029659813,30.69276157643903],[-81.4697807860209,30.692631687214508],[-81.46973317168609,30.69247877665699],[-81.46970271660845,30.692266313746437],[-81.46965317193268,30.692106101656886],[-81.46964991571465,30.69200492107927],[-81.469633153565,30.691886188426334],[-81.46963701717951,30.691750118612813],[-81.46957849561755,30.691680346258007],[-81.46956604651669,30.69188010543277],[-81.46955985624399,30.692053849181473],[-81.4695434715559,30.692187400467375],[-81.4695160277342,30.692367399784782],[-81.46948653185969,30.69251274047759],[-81.46946033989101,30.692670282914133],[-81.46943310620215,30.692835025612258],[-81.46948136773315,30.69295562411327],[-81.46957060833009,30.69314157479053],[-81.4696382410722,30.69326267940841],[-81.46967335847529,30.6934217275477],[-81.46969225445424,30.69352284800108],[-81.46972402209335,30.69360744767916],[-81.46964887630295,30.693651290846624],[-81.46972587138497,30.693761807099133],[-81.46974098041133,30.693893829347278],[-81.46992018311121,30.693861675620663],[-81.4700412678337,30.69407843843482]]]},"properties":{"OBJECTID":34966,"UNIT_ID":"S00027","SITE_NAME":"Fort Clinch State Park","ACREAGE":2.38,"EC_TYPE":"Maritime Hammock","EC_CODE":"MAH","DFC_CODE":"MAH","DFC_TYPE":"Maritime Hammock","SHAPE.AREA":9618.686022855,"SHAPE.LEN":722.802155778682}},{"type":"Feature","id":34967,"geometry":{"type":"Polygon","coordinates":[[[-81.4870754355676,30.694727202260314],[-81.48689483143447,30.69478493279334],[-81.48671120105553,30.694878798849253],[-81.4866390133119,30.694969826264135],[-81.48660847340699,30.69505772345518],[-81.48676930641963,30.695070876891744],[-81.4869197621254,30.69509251225216],[-81.48700010795908,30.69516486341198],[-81.48716608075533,30.695260599710725],[-81.48730034087366,30.69523298220454],[-81.48737017392035,30.695117723967027],[-81.48740340182724,30.694958998640473],[-81.4873881090022,30.69479003275365],[-81.48729479764796,30.69471772160098],[-81.4870754355676,30.694727202260314]]]},"properties":{"OBJECTID":34967,"UNIT_ID":"S00027","SITE_NAME":"Fort Clinch State Park","ACREAGE":0.74,"EC_TYPE":"Maritime Hammock","EC_CODE":"MAH","DFC_CODE":"UNC","DFC_TYPE":"UnMapped Natural Community","SHAPE.AREA":2981.190475915,"SHAPE.LEN":218.96124198224203}},{"type":"Feature","id":34968,"geometry":{"type":"Polygon","coordinates":[[[-81.48404872831107,30.693332772230324],[-81.48393365783241,30.693363367463135],[-81.48388642776776,30.69339967409381],[-81.48384474356337,30.693517308314732],[-81.48383910366506,30.69364981708713],[-81.48382721442017,30.693824248792037],[-81.48381435859643,30.693964582096147],[-81.48376269823156,30.69411855237974],[-81.48383836882833,30.694284010529103],[-81.48384530910697,30.694440895691827],[-81.48374651535039,30.694530981775767],[-81.4836278881798,30.694595572177626],[-81.48353414408763,30.69465508656091],[-81.48343860560843,30.69476354691886],[-81.4833563047016,30.694885414794783],[-81.48325939166658,30.694994059085005],[-81.48314905356041,30.695026812199565],[-81.48303162509542,30.695114182677496],[-81.48302854773283,30.69523580412754],[-81.48306676738586,30.69533319216158],[-81.48308759332564,30.695434638616206],[-81.48319322685467,30.6953781264977],[-81.48329631975525,30.69526223443105],[-81.48330889363636,30.6951378280107],[-81.48345592143191,30.695100689021345],[-81.48358702674047,30.695084606480062],[-81.48368071913617,30.695061656012008],[-81.48385795995301,30.695018066064172],[-81.48401180720681,30.69490490061381],[-81.48414895448747,30.694791499624035],[-81.48422643576039,30.694727849433157],[-81.4843089122386,30.694608185482945],[-81.48442407128265,30.69450934659263],[-81.4844979812962,30.69438797409532],[-81.48452765100039,30.694282727483618],[-81.48457133658938,30.694104519433687],[-81.48453685706878,30.694002824885384],[-81.4845305542721,30.69389034214002],[-81.48450126836924,30.693835147512438],[-81.48440501427552,30.69374401753898],[-81.48434562866474,30.693684794596173],[-81.48432567827913,30.69362117631194],[-81.48428382584056,30.69351231716315],[-81.48425991903072,30.69340039624195],[-81.48421781477158,30.693274181870713],[-81.48404872831107,30.693332772230324]]]},"properties":{"OBJECTID":34968,"UNIT_ID":"S00027","SITE_NAME":"Fort Clinch State Park","ACREAGE":3.14,"EC_TYPE":"Maritime Hammock","EC_CODE":"MAH","DFC_CODE":"UNC","DFC_TYPE":"UnMapped Natural Community","SHAPE.AREA":12705.33210866,"SHAPE.LEN":623.081185949938}},{"type":"Feature","id":34969,"geometry":{"type":"Polygon","coordinates":[[[-81.4855332730632,30.695332394836935],[-81.48537518002352,30.69540416638459],[-81.48526027931862,30.69540553674048],[-81.48516693013266,30.695467979824105],[-81.48503607838124,30.69552167703666],[-81.4849893849918,30.69560946005382],[-81.48488980614515,30.695675474802766],[-81.48486656443228,30.695860087971646],[-81.48482435348969,30.696036239989706],[-81.48478510882069,30.696109033399463],[-81.48480650373766,30.696199263172712],[-81.48478839223903,30.696306098018464],[-81.48487101635428,30.69643550271739],[-81.48498116259138,30.696447538062262],[-81.4851286720942,30.696343758163543],[-81.48527720567114,30.696266436136224],[-81.48533083407138,30.69616998421078],[-81.48539102518782,30.696037908555795],[-81.48542497544463,30.695899549727088],[-81.48548856232327,30.6958113128875],[-81.48554769146818,30.695743860401844],[-81.48567041417937,30.69568454798933],[-81.48570868245196,30.695570234248997],[-81.48572899673186,30.695499417971714],[-81.48572763954931,30.695372632585272],[-81.4857159532124,30.695274918838265],[-81.48565418880666,30.69527303534875],[-81.4855332730632,30.695332394836935]]]},"properties":{"OBJECTID":34969,"UNIT_ID":"S00027","SITE_NAME":"Fort Clinch State Park","ACREAGE":1.58,"EC_TYPE":"Maritime Hammock","EC_CODE":"MAH","DFC_CODE":"UNC","DFC_TYPE":"UnMapped Natural Community","SHAPE.AREA":6402.83026245,"SHAPE.LEN":352.719990267157}},{"type":"Feature","id":34970,"geometry":{"type":"Polygon","coordinates":[[[-81.47403057521049,30.69810889179077],[-81.47440673799271,30.698321052190554],[-81.47480676656632,30.698583129453517],[-81.47509247911422,30.69868645391346],[-81.47509094237999,30.698611475784585],[-81.47503581102825,30.69852953100773],[-81.47499525576461,30.6984130013508],[-81.47485820979071,30.698345237506985],[-81.47487231746405,30.698281084428913],[-81.47493177820365,30.6982127738399],[-81.47496843635894,30.698119584525703],[-81.47487018442516,30.698100814146954],[-81.47479502662915,30.69799736593328],[-81.47467429616827,30.69801415299685],[-81.47455143452595,30.69796006551297],[-81.47450514989525,30.69789889637188],[-81.4744785114723,30.69777509814691],[-81.474385159082,30.697724393143357],[-81.4743488488029,30.69762389742349],[-81.4742814971435,30.697597018902265],[-81.47430820846172,30.697526838982306],[-81.47420909493961,30.697502400906203],[-81.47417154831804,30.69742537927214],[-81.4742586952317,30.697351398788456],[-81.47421918908273,30.69730739645175],[-81.47414147519761,30.697258882328274],[-81.47417024494946,30.69721563231341],[-81.47409297926343,30.69720949814895],[-81.47402198981655,30.697298553980822],[-81.4739292487818,30.69722846777043],[-81.4738327456527,30.69713808134092],[-81.47377719563431,30.697046779932943],[-81.47385295820439,30.69702006637006],[-81.47384354011348,30.696956029465074],[-81.47373586478547,30.696874337283294],[-81.4736530039839,30.69677432115823],[-81.47358718428907,30.696763874649317],[-81.47357608539535,30.696691425560125],[-81.4735173681779,30.696721259989904],[-81.47349598978414,30.696676042777842],[-81.47337308350886,30.69666369004578],[-81.47322133897188,30.696615603694585],[-81.4732086277673,30.69655997122861],[-81.47312177274142,30.696534789998374],[-81.4730613082891,30.696440376223876],[-81.47301639459717,30.69635432958989],[-81.47295220473066,30.696338318187756],[-81.47285566763118,30.696256598747055],[-81.47271068758941,30.696198388440955],[-81.47268860642099,30.696044459833775],[-81.47259910124806,30.695969315262403],[-81.47250406083784,30.695923925625095],[-81.47237667285518,30.695820426024742],[-81.47228365470555,30.69574622693668],[-81.47222010377347,30.69568066011166],[-81.47212740337513,30.69566753707134],[-81.47206402328084,30.69562059597825],[-81.4719410545987,30.6956024410533],[-81.47201832601073,30.69577025096097],[-81.47188151785875,30.695890316375536],[-81.47198729773889,30.696016227041454],[-81.47208587899605,30.69610620342985],[-81.47214526221275,30.696248357519888],[-81.4723076652413,30.696402516324454],[-81.47237797696287,30.6965478068198],[-81.47253001930778,30.696695519869408],[-81.47262427799436,30.696764472771143],[-81.47276279208853,30.69689097801509],[-81.47270670513494,30.69708433881832],[-81.4728314582291,30.697211387628276],[-81.47291820633068,30.697314407185235],[-81.4729101357101,30.697410327083574],[-81.47300431435649,30.69750705253868],[-81.47309937514977,30.697639093836642],[-81.47291463703269,30.697572048884116],[-81.47274382749399,30.69748525790861],[-81.47269062984836,30.69738874045401],[-81.47263610581034,30.697322852916106],[-81.47253967754845,30.697279928505633],[-81.47239531908778,30.69716956445738],[-81.47242935353546,30.697301991714692],[-81.47254963132292,30.697333438093864],[-81.47245739599565,30.697419892706247],[-81.47310953698928,30.69769912086344],[-81.47334235306161,30.69779215844817],[-81.4737000081569,30.697966226858643],[-81.47403057521049,30.69810889179077]]]},"properties":{"OBJECTID":34970,"UNIT_ID":"S00027","SITE_NAME":"Fort Clinch State Park","ACREAGE":6.68,"EC_TYPE":"Maritime Hammock","EC_CODE":"MAH","DFC_CODE":"MAH","DFC_TYPE":"Maritime Hammock","SHAPE.AREA":27052.10337612,"SHAPE.LEN":1260.42181268029}},{"type":"Feature","id":34971,"geometry":{"type":"Polygon","coordinates":[[[-81.48587048792467,30.699053405807696],[-81.48586484895449,30.699344942200934],[-81.48585871850251,30.69948782211616],[-81.48601385187384,30.699607878463425],[-81.48614918571471,30.69974300818191],[-81.48633448951925,30.699831180974876],[-81.48647921181339,30.699878833265647],[-81.48668129548508,30.699837646981827],[-81.4868776130668,30.69970319368991],[-81.48700968699072,30.69947189147507],[-81.48705082242866,30.699193265780522],[-81.48711608033814,30.698981554234287],[-81.48712305567571,30.698785632455262],[-81.4871884846444,30.698544812971193],[-81.48733172065194,30.69841717108984],[-81.48718669011728,30.698272367393432],[-81.48706057583877,30.698170900072462],[-81.48691341830947,30.697985774441626],[-81.486831417857,30.697832869650906],[-81.4867502284055,30.697682709537375],[-81.48669610880539,30.697536318377164],[-81.48668623648382,30.697320390655808],[-81.486463533792,30.697352772209275],[-81.4863375599269,30.69738241966635],[-81.48615605615514,30.697540083939682],[-81.485971944643,30.697662786822036],[-81.4858984697082,30.697712456110754],[-81.48572453767844,30.69784617753763],[-81.48564402209836,30.697962768959876],[-81.48567533668457,30.698153279522575],[-81.48569805493233,30.698278459614865],[-81.48575507618396,30.698438646500282],[-81.48578726531781,30.69859031516149],[-81.48591946894985,30.69863593048596],[-81.486058801563,30.698558259916997],[-81.48619695646124,30.698352100300564],[-81.48633927184859,30.698289676558527],[-81.48651699620872,30.6983028758086],[-81.48668416963609,30.698428030670055],[-81.48668724393394,30.69850629515266],[-81.48663997320443,30.6986175421583],[-81.48649316104013,30.69872437573272],[-81.48642397879946,30.69874005464529],[-81.48626289208056,30.69880545030813],[-81.48601696766765,30.698918020280725],[-81.48582291322735,30.698843524812936],[-81.48587048792467,30.699053405807696]]]},"properties":{"OBJECTID":34971,"UNIT_ID":"S00027","SITE_NAME":"Fort Clinch State Park","ACREAGE":6.44,"EC_TYPE":"Maritime Hammock","EC_CODE":"MAH","DFC_CODE":"UNC","DFC_TYPE":"UnMapped Natural Community","SHAPE.AREA":26063.846665705,"SHAPE.LEN":903.4232401539781}},{"type":"Feature","id":34972,"geometry":{"type":"Polygon","coordinates":[[[-81.48627279172783,30.701118776846357],[-81.48617201039909,30.70119459105849],[-81.48606682314585,30.70124124189953],[-81.48600378088244,30.701279926102593],[-81.48587969010761,30.701352158851908],[-81.48584439643557,30.70142462934082],[-81.4858049880231,30.70154744219666],[-81.48563847928317,30.70165578028353],[-81.48557520516236,30.701769012826766],[-81.48557311308737,30.701891946696588],[-81.4854850810297,30.701982600715407],[-81.48549575081854,30.70207838513168],[-81.48555614809709,30.702143881664032],[-81.48566618993998,30.702245591549584],[-81.48574741805875,30.702332222717565],[-81.48581508978043,30.702388818301415],[-81.4858949577728,30.70252292319828],[-81.48595739778993,30.702635484495527],[-81.48600260897321,30.70270812536671],[-81.4860882756815,30.70275907253083],[-81.48616326278179,30.702882326464533],[-81.4861945201046,30.702982865698445],[-81.48616473503009,30.703074348154505],[-81.48618638781444,30.7031677918125],[-81.48621125190911,30.70321776593973],[-81.48615317824536,30.70332533555333],[-81.48611459197278,30.70340304697678],[-81.4861698538346,30.7035041626079],[-81.48626623696497,30.703557019917433],[-81.48645431534854,30.70357993577577],[-81.48664814196901,30.703579506018166],[-81.48657983415075,30.70348698534978],[-81.48654728154588,30.703370176744293],[-81.48652768253824,30.703245700231953],[-81.48655732460067,30.703123290392956],[-81.48661955395056,30.70296285578753],[-81.48668552738548,30.702839424394256],[-81.48678478446718,30.70271924561289],[-81.4868825288411,30.70265357274007],[-81.48694509029698,30.70256697266463],[-81.48703149432126,30.702454172288746],[-81.48698736555501,30.702340999568104],[-81.48694005510619,30.702246798469638],[-81.48691266809767,30.702134302322957],[-81.4868932181329,30.702048045096905],[-81.48685236934813,30.701934710987928],[-81.48683348301344,30.701814430762745],[-81.48681645931782,30.70171433856214],[-81.48683291175544,30.701661663842753],[-81.48682003213518,30.701579178402206],[-81.48684580115847,30.701446055482624],[-81.48683374358501,30.701369288812835],[-81.4868739351959,30.701288236890534],[-81.48687957015458,30.701212269913906],[-81.4868312806617,30.70117071996062],[-81.4867710212193,30.701118794889986],[-81.48654719400484,30.70111830321626],[-81.4864892167532,30.701043033954125],[-81.48636235613381,30.701070402486504],[-81.48627279172783,30.701118776846357]]]},"properties":{"OBJECTID":34972,"UNIT_ID":"S00027","SITE_NAME":"Fort Clinch State Park","ACREAGE":5.7,"EC_TYPE":"Maritime Hammock","EC_CODE":"MAH","DFC_CODE":"UNC","DFC_TYPE":"UnMapped Natural Community","SHAPE.AREA":23072.169733425,"SHAPE.LEN":725.2036570904451}}]}
