{
  "type": "FeatureCollection",
  "features": [
    {
      "geometry": {
        "type": "Point",
        "coordinates": [
          -81.45001554164375,
          30.62302350857363
        ],
        "crs": null
      },
      "id": 194,
      "type": "Feature",
      "properties": {
        "fulladdress": "Simmons Park near storm drain",
        "created_user": "kmulcahy",
        "latitude": 30.62302351,
        "globalid": "{96883F36-EDF3-4378-9DA7-88C8FB10C163}",
        "picture2023": null,
        "parcelnumber": "00-00-30-044A-0022-0000",
        "picture2022": null,
        "dbh": "1\"",
        "picture2021": null,
        "long": -81.4500122,
        "picture2020": null,
        "dateofplanting": 1640149200000,
        "picture2019": null,
        "last_edited_user": "kmulcahy",
        "commonname": "Forest Pansy Redbud",
        "picture2018": null,
        "spieces": "Cercis canadensis",
        "last_edited_date": 1764107217000,
        "created_date": 1764107217000,
        "objectid": 194,
        "propertyowner": "COFB",
        "lat": 30.623024,
        "height": "6 ft",
        "longitude": -81.45001554
      }
    },
    {
      "geometry": {
        "type": "Point",
        "coordinates": [
          -81.43639863692025,
          30.667968055764543
        ],
        "crs": null
      },
      "id": 205,
      "type": "Feature",
      "properties": {
        "fulladdress": "2500 Atlantic Ave",
        "created_user": "kmulcahy",
        "latitude": 30.66796806,
        "globalid": "{A501B1A2-D66A-467F-A4AB-A2DAC2EA2E51}",
        "picture2023": null,
        "parcelnumber": "14-3N-29-0000-0002-0000",
        "picture2022": null,
        "dbh": "\"",
        "picture2021": null,
        "long": -81.4364014,
        "picture2020": null,
        "dateofplanting": 1644296400000,
        "picture2019": null,
        "last_edited_user": "kmulcahy",
        "commonname": "Little Gem Magnolia",
        "picture2018": null,
        "spieces": "Magnolia grandiflora \"Little Gem\"",
        "last_edited_date": 1764107217000,
        "created_date": 1764107217000,
        "objectid": 205,
        "propertyowner": "COFB",
        "lat": 30.6679688,
        "height": "5 ft",
        "longitude": -81.43639864
      }
    },
    {
      "geometry": {
        "type": "Point",
        "coordinates": [
          -81.43679047306402,
          30.638449555865684
        ],
        "crs": null
      },
      "id": 214,
      "type": "Feature",
      "properties": {
        "fulladdress": "seaside beach park",
        "created_user": "kmulcahy",
        "latitude": 30.63844956,
        "globalid": "{32F08D46-F7A9-41BF-9283-D7C0354AA15D}",
        "picture2023": null,
        "parcelnumber": "00-00-31-1360-0001-0000",
        "picture2022": null,
        "dbh": "10\"",
        "picture2021": null,
        "long": -81.4367905,
        "picture2020": null,
        "dateofplanting": 1647835200000,
        "picture2019": null,
        "last_edited_user": "kmulcahy",
        "commonname": "Cabbage Palm",
        "picture2018": null,
        "spieces": "sabal palmetto",
        "last_edited_date": 1764107217000,
        "created_date": 1764107217000,
        "objectid": 214,
        "propertyowner": "COFB",
        "lat": 30.6384487,
        "height": "12 ft",
        "longitude": -81.43679047
      }
    },
    {
      "geometry": {
        "type": "Point",
        "coordinates": [
          -81.44553826460583,
          30.611019276307687
        ],
        "crs": null
      },
      "id": 224,
      "type": "Feature",
      "properties": {
        "fulladdress": "Top Tracer",
        "created_user": "kmulcahy",
        "latitude": 30.61101928,
        "globalid": "{2004DD02-F972-4D83-8433-33D3E732ED30}",
        "picture2023": null,
        "parcelnumber": "08-2N-28-0000-0001-0000",
        "picture2022": null,
        "dbh": "2\"",
        "picture2021": null,
        "long": -81.4455414,
        "picture2020": null,
        "dateofplanting": 1650254400000,
        "picture2019": null,
        "last_edited_user": "kmulcahy",
        "commonname": "Eastern Red Cedar",
        "picture2018": null,
        "spieces": "juniperus virginiana",
        "last_edited_date": 1764107217000,
        "created_date": 1764107217000,
        "objectid": 224,
        "propertyowner": "COFB",
        "lat": 30.6110191,
        "height": "8 ft",
        "longitude": -81.44553826
      }
    },
    {
      "geometry": {
        "type": "Point",
        "coordinates": [
          -81.44612432729383,
          30.610885481471673
        ],
        "crs": null
      },
      "id": 231,
      "type": "Feature",
      "properties": {
        "fulladdress": "Top Tracer",
        "created_user": "kmulcahy",
        "latitude": 30.61088548,
        "globalid": "{BC7DD7C9-30B4-48C8-B594-5B2F04997687}",
        "picture2023": null,
        "parcelnumber": "08-2N-28-0000-0001-0000",
        "picture2022": null,
        "dbh": "2\"",
        "picture2021": null,
        "long": -81.4461212,
        "picture2020": null,
        "dateofplanting": 1650254400000,
        "picture2019": null,
        "last_edited_user": "kmulcahy",
        "commonname": "Little Gem Magnolia",
        "picture2018": null,
        "spieces": "Magnolia grandiflora \"little gem\"",
        "last_edited_date": 1764107217000,
        "created_date": 1764107217000,
        "objectid": 231,
        "propertyowner": "COFB",
        "lat": 30.6108856,
        "height": "8 ft",
        "longitude": -81.44612433
      }
    },
    {
      "geometry": {
        "type": "Point",
        "coordinates": [
          -81.4460324610813,
          30.610992729347494
        ],
        "crs": null
      },
      "id": 236,
      "type": "Feature",
      "properties": {
        "fulladdress": "Top Tracer",
        "created_user": "kmulcahy",
        "latitude": 30.61099273,
        "globalid": "{66A5D956-5860-490C-BAE1-E33D5D30DEA9}",
        "picture2023": null,
        "parcelnumber": "08-2N-28-0000-0001-0000",
        "picture2022": null,
        "dbh": "12\"",
        "picture2021": null,
        "long": -81.4460297,
        "picture2020": null,
        "dateofplanting": 1650254400000,
        "picture2019": null,
        "last_edited_user": "kmulcahy",
        "commonname": "Cabbage Palm",
        "picture2018": null,
        "spieces": "Sabal palmetto",
        "last_edited_date": 1764107217000,
        "created_date": 1764107217000,
        "objectid": 236,
        "propertyowner": "COFB",
        "lat": 30.6109924,
        "height": "20 ft",
        "longitude": -81.44603246
      }
    },
    {
      "geometry": {
        "type": "Point",
        "coordinates": [
          -81.44576558149186,
          30.610911357383873
        ],
        "crs": null
      },
      "id": 246,
      "type": "Feature",
      "properties": {
        "fulladdress": "Top Tracer",
        "created_user": "kmulcahy",
        "latitude": 30.61091136,
        "globalid": "{9C9D95C6-26BC-4498-9A04-160831486860}",
        "picture2023": null,
        "parcelnumber": "08-2N-28-0000-0001-0000",
        "picture2022": null,
        "dbh": "2\"",
        "picture2021": null,
        "long": -81.4457626,
        "picture2020": null,
        "dateofplanting": 1650254400000,
        "picture2019": null,
        "last_edited_user": "kmulcahy",
        "commonname": "Dahoon Holly",
        "picture2018": null,
        "spieces": "Ilex cassine",
        "last_edited_date": 1764107217000,
        "created_date": 1764107217000,
        "objectid": 246,
        "propertyowner": "COFB",
        "lat": 30.6109104,
        "height": "8 ft",
        "longitude": -81.44576558
      }
    },
    {
      "geometry": {
        "type": "Point",
        "coordinates": [
          -81.45268501037631,
          30.659729838491995
        ],
        "crs": null
      },
      "id": 249,
      "type": "Feature",
      "properties": {
        "fulladdress": "820 S 14th ST",
        "created_user": "kmulcahy",
        "latitude": 30.65972984,
        "globalid": "{A6D6866E-8BAD-41A4-B816-B7571FB19B74}",
        "picture2023": null,
        "parcelnumber": "00-00-31-1800-0264-0010",
        "picture2022": null,
        "dbh": "2\"",
        "picture2021": null,
        "long": -81.4526825,
        "picture2020": null,
        "dateofplanting": 1655697600000,
        "picture2019": null,
        "last_edited_user": "kmulcahy",
        "commonname": "Red Maple",
        "picture2018": null,
        "spieces": "Acer rubrum",
        "last_edited_date": 1764107217000,
        "created_date": 1764107217000,
        "objectid": 249,
        "propertyowner": "COFB",
        "lat": 30.659729,
        "height": "8 ft",
        "longitude": -81.45268501
      }
    },
    {
      "geometry": {
        "type": "Point",
        "coordinates": [
          -81.44809306788399,
          30.68438616745988
        ],
        "crs": null
      },
      "id": 258,
      "type": "Feature",
      "properties": {
        "fulladdress": "1109 N 15th St",
        "created_user": "kmulcahy",
        "latitude": 30.68438617,
        "globalid": "{65C379F3-4D54-4506-84E1-B7AF17D82063}",
        "picture2023": null,
        "parcelnumber": "00-00-31-1240-0002-0260",
        "picture2022": null,
        "dbh": "2\"",
        "picture2021": null,
        "long": -81.4480896,
        "picture2020": null,
        "dateofplanting": 1655697600000,
        "picture2019": null,
        "last_edited_user": "kmulcahy",
        "commonname": "Red Maple",
        "picture2018": null,
        "spieces": "Acer rubrum",
        "last_edited_date": 1764107217000,
        "created_date": 1764107217000,
        "objectid": 258,
        "propertyowner": "COFB",
        "lat": 30.6843853,
        "height": "8 ft",
        "longitude": -81.44809307
      }
    },
    {
      "geometry": {
        "type": "Point",
        "coordinates": [
          -81.4579629279792,
          30.657607956853838
        ],
        "crs": null
      },
      "id": 266,
      "type": "Feature",
      "properties": {
        "fulladdress": "1002 S 11th St",
        "created_user": "kmulcahy",
        "latitude": 30.65760796,
        "globalid": "{0A480F6E-8EC5-43B1-BCAC-3B4FF8F1E7F8}",
        "picture2023": null,
        "parcelnumber": "00-00-31-1800-0212-0012",
        "picture2022": null,
        "dbh": "2.5\"",
        "picture2021": null,
        "long": -81.457962,
        "picture2020": null,
        "dateofplanting": 1667534400000,
        "picture2019": null,
        "last_edited_user": "kmulcahy",
        "commonname": "Loblolly Pine",
        "picture2018": null,
        "spieces": "Pinus taeda",
        "last_edited_date": 1764107217000,
        "created_date": 1764107217000,
        "objectid": 266,
        "propertyowner": "COFB",
        "lat": 30.657608,
        "height": "10 ft",
        "longitude": -81.45796293
      }
    },
    {
      "geometry": {
        "type": "Point",
        "coordinates": [
          -81.44081151014217,
          30.6694582061922
        ],
        "crs": null
      },
      "id": 198,
      "type": "Feature",
      "properties": {
        "fulladdress": "2201 Atlantic Ave",
        "created_user": "kmulcahy",
        "latitude": 30.66945821,
        "globalid": "{341E7481-CF77-435E-8AB2-32F839B77E41}",
        "picture2023": null,
        "parcelnumber": "00-00-31-1600-0135-0000",
        "picture2022": null,
        "dbh": "2\"",
        "picture2021": null,
        "long": -81.4408112,
        "picture2020": null,
        "dateofplanting": 1642741200000,
        "picture2019": null,
        "last_edited_user": "kmulcahy",
        "commonname": "Bald Cyprus",
        "picture2018": null,
        "spieces": "Taxodium distichum",
        "last_edited_date": 1764107217000,
        "created_date": 1764107217000,
        "objectid": 198,
        "propertyowner": "COFB",
        "lat": 30.6694584,
        "height": "10 ft",
        "longitude": -81.44081151
      }
    },
    {
      "geometry": {
        "type": "Point",
        "coordinates": [
          -81.45877429622529,
          30.657173027058015
        ],
        "crs": null
      },
      "id": 276,
      "type": "Feature",
      "properties": {
        "fulladdress": "1002 S 11th St",
        "created_user": "kmulcahy",
        "latitude": 30.65717303,
        "globalid": "{039FA22E-7312-437A-AE37-7CED54EB758B}",
        "picture2023": null,
        "parcelnumber": "00-00-31-1800-0170-0170",
        "picture2022": null,
        "dbh": "1.5\"",
        "picture2021": null,
        "long": -81.4587708,
        "picture2020": null,
        "dateofplanting": 1667534400000,
        "picture2019": null,
        "last_edited_user": "kmulcahy",
        "commonname": "Grapefruit",
        "picture2018": null,
        "spieces": "Citrus xparadisi",
        "last_edited_date": 1764107217000,
        "created_date": 1764107217000,
        "objectid": 276,
        "propertyowner": "COFB",
        "lat": 30.6571732,
        "height": "5 ft",
        "longitude": -81.4587743
      }
    },
    {
      "geometry": {
        "type": "Point",
        "coordinates": [
          -81.4580179129594,
          30.657235324714197
        ],
        "crs": null
      },
      "id": 285,
      "type": "Feature",
      "properties": {
        "fulladdress": "1003 S 11th St",
        "created_user": "kmulcahy",
        "latitude": 30.65723532,
        "globalid": "{0D8D8F0A-877A-4053-A85A-EB790ECCA05C}",
        "picture2023": null,
        "parcelnumber": "00-00-31-1800-0212-0012",
        "picture2022": null,
        "dbh": "1.5\"",
        "picture2021": null,
        "long": -81.4580154,
        "picture2020": null,
        "dateofplanting": 1667534400000,
        "picture2019": null,
        "last_edited_user": "kmulcahy",
        "commonname": "Lemon",
        "picture2018": null,
        "spieces": "Citrus limon",
        "last_edited_date": 1764107217000,
        "created_date": 1764107217000,
        "objectid": 285,
        "propertyowner": "COFB",
        "lat": 30.6572361,
        "height": "5 ft",
        "longitude": -81.45801791
      }
    },
    {
      "geometry": {
        "type": "Point",
        "coordinates": [
          -81.45126411095546,
          30.685109557385566
        ],
        "crs": null
      },
      "id": 289,
      "type": "Feature",
      "properties": {
        "fulladdress": "Bosque Bello",
        "created_user": "kmulcahy",
        "latitude": 30.68510956,
        "globalid": "{89447A7C-2667-4B7B-89AD-3D7B85EF8D1B}",
        "picture2023": null,
        "parcelnumber": "00-00-31-1800-0225-0400",
        "picture2022": null,
        "dbh": "2\"",
        "picture2021": null,
        "long": -81.4512634,
        "picture2020": null,
        "dateofplanting": 1669179600000,
        "picture2019": null,
        "last_edited_user": "kmulcahy",
        "commonname": "Live Oak",
        "picture2018": null,
        "spieces": "Quercus virginiana",
        "last_edited_date": 1764107217000,
        "created_date": 1764107217000,
        "objectid": 289,
        "propertyowner": "COFB",
        "lat": 30.6851101,
        "height": "8 ft",
        "longitude": -81.45126411
      }
    },
    {
      "geometry": {
        "type": "Point",
        "coordinates": [
          -81.44731187584492,
          30.65925651981082
        ],
        "crs": null
      },
      "id": 294,
      "type": "Feature",
      "properties": {
        "fulladdress": "435 Citrona",
        "created_user": "kmulcahy",
        "latitude": 30.65925652,
        "globalid": "{C2BD45D2-D4AD-42C0-A255-A7BCB4DD81A5}",
        "picture2023": null,
        "parcelnumber": "00-00-31-1180-0017-0000",
        "picture2022": null,
        "dbh": "2\"",
        "picture2021": null,
        "long": -81.4473114,
        "picture2020": null,
        "dateofplanting": 1672894800000,
        "picture2019": null,
        "last_edited_user": "kmulcahy",
        "commonname": "East Palatka Holly",
        "picture2018": null,
        "spieces": "Ilex X attenuata",
        "last_edited_date": 1764107217000,
        "created_date": 1764107217000,
        "objectid": 294,
        "propertyowner": "COFB",
        "lat": 30.659256,
        "height": "6 ft",
        "longitude": -81.44731188
      }
    },
    {
      "geometry": {
        "type": "Point",
        "coordinates": [
          -81.44300186780787,
          30.67847896164115
        ],
        "crs": null
      },
      "id": 308,
      "type": "Feature",
      "properties": {
        "fulladdress": "1900 Sunrise",
        "created_user": "kmulcahy",
        "latitude": 30.67847896,
        "globalid": "{25829E0F-52F6-48F3-9C68-D65F38AB600E}",
        "picture2023": null,
        "parcelnumber": "00-00-31-1600-0087-0000",
        "picture2022": null,
        "dbh": "2\"",
        "picture2021": null,
        "long": -81.4430008,
        "picture2020": null,
        "dateofplanting": 1674190800000,
        "picture2019": null,
        "last_edited_user": "kmulcahy",
        "commonname": "Live Oak",
        "picture2018": null,
        "spieces": "Quercus virginiana",
        "last_edited_date": 1764107217000,
        "created_date": 1764107217000,
        "objectid": 308,
        "propertyowner": "COFB",
        "lat": 30.6784782,
        "height": "8 ft",
        "longitude": -81.44300187
      }
    },
    {
      "geometry": {
        "type": "Point",
        "coordinates": [
          -81.45549626739674,
          30.66645738683907
        ],
        "crs": null
      },
      "id": 313,
      "type": "Feature",
      "properties": {
        "fulladdress": "303 S 12th St",
        "created_user": "kmulcahy",
        "latitude": 30.66645739,
        "globalid": "{81DF539A-858E-43FB-9FA5-168DAC70728D}",
        "picture2023": null,
        "parcelnumber": "00-00-31-1800-0216-08C0",
        "picture2022": null,
        "dbh": "1 inch",
        "picture2021": null,
        "long": -81.4554977,
        "picture2020": null,
        "dateofplanting": 1679889600000,
        "picture2019": null,
        "last_edited_user": "kmulcahy",
        "commonname": "Citrus tangerina",
        "picture2018": null,
        "spieces": "tangerine",
        "last_edited_date": 1764107217000,
        "created_date": 1764107217000,
        "objectid": 313,
        "propertyowner": "COFB",
        "lat": 30.6664581,
        "height": "3 ft",
        "longitude": -81.45549627
      }
    },
    {
      "geometry": {
        "type": "Point",
        "coordinates": [
          -81.46242591282093,
          30.675345762923293
        ],
        "crs": null
      },
      "id": 352,
      "type": "Feature",
      "properties": {
        "fulladdress": "N 3rd St ROW",
        "created_user": "kmulcahy",
        "latitude": 30.67534576,
        "globalid": "{3A61FE52-6189-47A5-8C30-DEB5BA4432BD}",
        "picture2023": null,
        "parcelnumber": "00-00-31-1800-0007-0010",
        "picture2022": null,
        "dbh": "0",
        "picture2021": null,
        "long": -81.4624252,
        "picture2020": null,
        "dateofplanting": 1682654400000,
        "picture2019": null,
        "last_edited_user": "kmulcahy",
        "commonname": "Wax Myrtle",
        "picture2018": null,
        "spieces": "Myrica cerifera",
        "last_edited_date": 1764107217000,
        "created_date": 1764107217000,
        "objectid": 352,
        "propertyowner": "COFB",
        "lat": 30.6753464,
        "height": "1 ft",
        "longitude": -81.46242591
      }
    },
    {
      "geometry": {
        "type": "Point",
        "coordinates": [
          -81.43695787860881,
          30.638384949786474
        ],
        "crs": null
      },
      "id": 302,
      "type": "Feature",
      "properties": {
        "fulladdress": "2002 S Fletcher",
        "created_user": "kmulcahy",
        "latitude": 30.63838495,
        "globalid": "{65D54D5A-6995-49A3-B3E0-771B973CB50E}",
        "picture2023": null,
        "parcelnumber": "00-00-31-1360-0001-0000",
        "picture2022": null,
        "dbh": "8\"",
        "picture2021": null,
        "long": -81.4369583,
        "picture2020": null,
        "dateofplanting": 1672894800000,
        "picture2019": null,
        "last_edited_user": "kmulcahy",
        "commonname": "Cabbage Palm",
        "picture2018": null,
        "spieces": "sabal palmetto",
        "last_edited_date": 1764107217000,
        "created_date": 1764107217000,
        "objectid": 302,
        "propertyowner": "COFB",
        "lat": 30.6383858,
        "height": "12 ft",
        "longitude": -81.43695788
      }
    },
    {
      "geometry": {
        "type": "Point",
        "coordinates": [
          -81.45148868169164,
          30.6595917759227
        ],
        "crs": null
      },
      "id": 316,
      "type": "Feature",
      "properties": {
        "fulladdress": "820 S 14th St",
        "created_user": "kmulcahy",
        "latitude": 30.65959178,
        "globalid": "{F419BC84-14D7-4DBE-92BA-77F6065D13E5}",
        "picture2023": null,
        "parcelnumber": "00-00-31-1800-0264-0090",
        "picture2022": null,
        "dbh": "2\"",
        "picture2021": null,
        "long": -81.4514923,
        "picture2020": null,
        "dateofplanting": 1679976000000,
        "picture2019": null,
        "last_edited_user": "kmulcahy",
        "commonname": "Eastern Red Bud",
        "picture2018": null,
        "spieces": "Cercis canadensis",
        "last_edited_date": 1764107217000,
        "created_date": 1764107217000,
        "objectid": 316,
        "propertyowner": "COFB",
        "lat": 30.6595917,
        "height": "8 ft",
        "longitude": -81.45148868
      }
    },
    {
      "geometry": {
        "type": "Point",
        "coordinates": [
          -81.4574622223112,
          30.623114252662006
        ],
        "crs": null
      },
      "id": 42,
      "type": "Feature",
      "properties": {
        "fulladdress": null,
        "created_user": "kmulcahy",
        "latitude": 30.62311425,
        "globalid": "{65E26D59-13D7-4732-9DDF-E80B264190A6}",
        "picture2023": null,
        "parcelnumber": null,
        "picture2022": null,
        "dbh": "2.5",
        "picture2021": null,
        "long": -81.4574585,
        "picture2020": null,
        "dateofplanting": 1577854800000,
        "picture2019": null,
        "last_edited_user": "kmulcahy",
        "commonname": "Live Oak",
        "picture2018": null,
        "spieces": "",
        "last_edited_date": 1764107217000,
        "created_date": 1764107217000,
        "objectid": 42,
        "propertyowner": null,
        "lat": 30.6231136,
        "height": "8",
        "longitude": -81.45746222
      }
    },
    {
      "geometry": {
        "type": "Point",
        "coordinates": [
          -81.4482446127741,
          30.659360674878286
        ],
        "crs": null
      },
      "id": 186,
      "type": "Feature",
      "properties": {
        "fulladdress": "FBHS ROW near baseball field",
        "created_user": "kmulcahy",
        "latitude": 30.65936067,
        "globalid": "{CC531105-5664-492F-A8C8-C2648453A7ED}",
        "picture2023": null,
        "parcelnumber": "00-00-31-1180-0017-0000",
        "picture2022": null,
        "dbh": "1.5\"",
        "picture2021": null,
        "long": -81.4482422,
        "picture2020": null,
        "dateofplanting": 1639976400000,
        "picture2019": null,
        "last_edited_user": "kmulcahy",
        "commonname": "Live Oak",
        "picture2018": null,
        "spieces": "Quercus Virginiana",
        "last_edited_date": 1764107217000,
        "created_date": 1764107217000,
        "objectid": 186,
        "propertyowner": "COFB",
        "lat": 30.6593609,
        "height": "9 ft",
        "longitude": -81.44824461
      }
    },
    {
      "geometry": {
        "type": "Point",
        "coordinates": [
          -81.45095096184068,
          30.684217779892816
        ],
        "crs": null
      },
      "id": 206,
      "type": "Feature",
      "properties": {
        "fulladdress": "Bosque Bello",
        "created_user": "kmulcahy",
        "latitude": 30.68421778,
        "globalid": "{76CDCA32-360D-4340-B281-A907E695FE93}",
        "picture2023": null,
        "parcelnumber": "00-00-31-1800-0225-0400",
        "picture2022": null,
        "dbh": "2.5\"",
        "picture2021": null,
        "long": -81.4509506,
        "picture2020": null,
        "dateofplanting": 1646715600000,
        "picture2019": null,
        "last_edited_user": "kmulcahy",
        "commonname": "red maple",
        "picture2018": null,
        "spieces": "acer rubrum",
        "last_edited_date": 1764107217000,
        "created_date": 1764107217000,
        "objectid": 206,
        "propertyowner": "COFB",
        "lat": 30.6842175,
        "height": "8 ft",
        "longitude": -81.45095096
      }
    },
    {
      "geometry": {
        "type": "Point",
        "coordinates": [
          -81.44081016895746,
          30.66941091226319
        ],
        "crs": null
      },
      "id": 199,
      "type": "Feature",
      "properties": {
        "fulladdress": "2201 Atlantic Ave",
        "created_user": "kmulcahy",
        "latitude": 30.66941091,
        "globalid": "{330AC3FA-A43F-4C04-BBCD-ADB9EF6A5DB9}",
        "picture2023": null,
        "parcelnumber": "00-00-31-1600-0135-0000",
        "picture2022": null,
        "dbh": "2\"",
        "picture2021": null,
        "long": -81.4408112,
        "picture2020": null,
        "dateofplanting": 1642741200000,
        "picture2019": null,
        "last_edited_user": "kmulcahy",
        "commonname": "Red Maple",
        "picture2018": null,
        "spieces": "Acer rebrum",
        "last_edited_date": 1764107217000,
        "created_date": 1764107217000,
        "objectid": 199,
        "propertyowner": "COFB",
        "lat": 30.6694107,
        "height": "10 ft",
        "longitude": -81.44081017
      }
    },
    {
      "geometry": {
        "type": "Point",
        "coordinates": [
          -81.45094291563068,
          30.684236809985467
        ],
        "crs": null
      },
      "id": 207,
      "type": "Feature",
      "properties": {
        "fulladdress": "Bosque Bello",
        "created_user": "kmulcahy",
        "latitude": 30.68423681,
        "globalid": "{D95094BC-4CB9-4FF0-A4EF-837AF759ACE4}",
        "picture2023": null,
        "parcelnumber": "00-00-31-1800-0225-0400",
        "picture2022": null,
        "dbh": "2.5\"",
        "picture2021": null,
        "long": -81.450943,
        "picture2020": null,
        "dateofplanting": 1646715600000,
        "picture2019": null,
        "last_edited_user": "kmulcahy",
        "commonname": "Red Maple",
        "picture2018": null,
        "spieces": "acer rubrum",
        "last_edited_date": 1764107217000,
        "created_date": 1764107217000,
        "objectid": 207,
        "propertyowner": "COFB",
        "lat": 30.6842365,
        "height": "8 ft",
        "longitude": -81.45094292
      }
    },
    {
      "geometry": {
        "type": "Point",
        "coordinates": [
          -81.4476277046342,
          30.655204031209696
        ],
        "crs": null
      },
      "id": 220,
      "type": "Feature",
      "properties": {
        "fulladdress": "S 19th St between Jasmine and Lime",
        "created_user": "kmulcahy",
        "latitude": 30.65520403,
        "globalid": "{CEEBEB5C-CC56-4CD2-8F40-43AAD3E2DB89}",
        "picture2023": null,
        "parcelnumber": "S 19th St ROW",
        "picture2022": null,
        "dbh": "1\"",
        "picture2021": null,
        "long": -81.4476242,
        "picture2020": null,
        "dateofplanting": 1649390400000,
        "picture2019": null,
        "last_edited_user": "kmulcahy",
        "commonname": "Red Maple",
        "picture2018": null,
        "spieces": "Acer Rubrum",
        "last_edited_date": 1764107217000,
        "created_date": 1764107217000,
        "objectid": 220,
        "propertyowner": "COFB",
        "lat": 30.6552048,
        "height": "6 ft",
        "longitude": -81.4476277
      }
    },
    {
      "geometry": {
        "type": "Point",
        "coordinates": [
          -81.4455355822364,
          30.610943098256282
        ],
        "crs": null
      },
      "id": 225,
      "type": "Feature",
      "properties": {
        "fulladdress": "Top Tracer",
        "created_user": "kmulcahy",
        "latitude": 30.6109431,
        "globalid": "{B5D3EDA6-EE9A-4FE8-9DF4-4E2882F3546B}",
        "picture2023": null,
        "parcelnumber": "08-2N-28-0000-0001-0000",
        "picture2022": null,
        "dbh": "2\"",
        "picture2021": null,
        "long": -81.4455338,
        "picture2020": null,
        "dateofplanting": 1650254400000,
        "picture2019": null,
        "last_edited_user": "kmulcahy",
        "commonname": "Estern Red Cedar",
        "picture2018": null,
        "spieces": "juniperus virginiana",
        "last_edited_date": 1764107217000,
        "created_date": 1764107217000,
        "objectid": 225,
        "propertyowner": "COFB",
        "lat": 30.6109428,
        "height": "8 ft",
        "longitude": -81.44553558
      }
    },
    {
      "geometry": {
        "type": "Point",
        "coordinates": [
          -81.44604386070225,
          30.610917128030636
        ],
        "crs": null
      },
      "id": 237,
      "type": "Feature",
      "properties": {
        "fulladdress": "Top Tracer",
        "created_user": "kmulcahy",
        "latitude": 30.61091713,
        "globalid": "{1E1A400E-2908-4799-A749-5C4A40EA1C7C}",
        "picture2023": null,
        "parcelnumber": "08-2N-28-0000-0001-0000",
        "picture2022": null,
        "dbh": "12\"",
        "picture2021": null,
        "long": -81.4460449,
        "picture2020": null,
        "dateofplanting": 1650254400000,
        "picture2019": null,
        "last_edited_user": "kmulcahy",
        "commonname": "Cabbage Palm",
        "picture2018": null,
        "spieces": "Sabal palmetto",
        "last_edited_date": 1764107217000,
        "created_date": 1764107217000,
        "objectid": 237,
        "propertyowner": "COFB",
        "lat": 30.610918,
        "height": "15 ft",
        "longitude": -81.44604386
      }
    },
    {
      "geometry": {
        "type": "Point",
        "coordinates": [
          -81.44589164477063,
          30.610898083503344
        ],
        "crs": null
      },
      "id": 247,
      "type": "Feature",
      "properties": {
        "fulladdress": "Top Tracer",
        "created_user": "kmulcahy",
        "latitude": 30.61089808,
        "globalid": "{4E65894D-4F4E-4DFA-956C-7AECD27C04FF}",
        "picture2023": null,
        "parcelnumber": "08-2N-28-0000-0001-0000",
        "picture2022": null,
        "dbh": "20\"",
        "picture2021": null,
        "long": -81.4458923,
        "picture2020": null,
        "dateofplanting": 1650254400000,
        "picture2019": null,
        "last_edited_user": "kmulcahy",
        "commonname": "Pindo Palm",
        "picture2018": null,
        "spieces": "Butia capitsta",
        "last_edited_date": 1764107217000,
        "created_date": 1764107217000,
        "objectid": 247,
        "propertyowner": "COFB",
        "lat": 30.610899,
        "height": "12 ft",
        "longitude": -81.44589164
      }
    },
    {
      "geometry": {
        "type": "Point",
        "coordinates": [
          -81.45241678960217,
          30.659701573955203
        ],
        "crs": null
      },
      "id": 250,
      "type": "Feature",
      "properties": {
        "fulladdress": "820 S 14th St",
        "created_user": "kmulcahy",
        "latitude": 30.65970157,
        "globalid": "{0C94AA8C-F575-4AC1-B79A-AB56E93B2944}",
        "picture2023": null,
        "parcelnumber": "00-00-31-1800-0264-0010",
        "picture2022": null,
        "dbh": "2\"",
        "picture2021": null,
        "long": -81.4524155,
        "picture2020": null,
        "dateofplanting": 1655697600000,
        "picture2019": null,
        "last_edited_user": "kmulcahy",
        "commonname": "Red Maple",
        "picture2018": null,
        "spieces": "Acer rubrum",
        "last_edited_date": 1764107217000,
        "created_date": 1764107217000,
        "objectid": 250,
        "propertyowner": "COFB",
        "lat": 30.6597023,
        "height": "8 ft",
        "longitude": -81.45241679
      }
    },
    {
      "geometry": {
        "type": "Point",
        "coordinates": [
          -81.43083841745114,
          30.667658430600337
        ],
        "crs": null
      },
      "id": 259,
      "type": "Feature",
      "properties": {
        "fulladdress": "32 N Fletcher",
        "created_user": "kmulcahy",
        "latitude": 30.66765843,
        "globalid": "{E7888C40-1B05-4ACB-8FAC-E830D4B92437}",
        "picture2023": null,
        "parcelnumber": "12-3N-29-0000-0003-0000",
        "picture2022": null,
        "dbh": "10\"",
        "picture2021": null,
        "long": -81.4308395,
        "picture2020": null,
        "dateofplanting": 1655697600000,
        "picture2019": null,
        "last_edited_user": "kmulcahy",
        "commonname": "Sabal Palm",
        "picture2018": null,
        "spieces": "Sabal palmetto",
        "last_edited_date": 1764107217000,
        "created_date": 1764107217000,
        "objectid": 259,
        "propertyowner": "COFB",
        "lat": 30.6676579,
        "height": "12 ft",
        "longitude": -81.43083842
      }
    },
    {
      "geometry": {
        "type": "Point",
        "coordinates": [
          -81.46509924610586,
          30.62550603724276
        ],
        "crs": null
      },
      "id": 353,
      "type": "Feature",
      "properties": {
        "fulladdress": "2890 Santa Maria Dr",
        "created_user": "kmulcahy",
        "latitude": null,
        "globalid": "{8FD6D7EF-938C-4B46-A1E9-5B822DA3E7E6}",
        "picture2023": null,
        "parcelnumber": "00-00-31-087I-000A-0000",
        "picture2022": null,
        "dbh": "2\"",
        "picture2021": null,
        "long": null,
        "picture2020": null,
        "dateofplanting": 1700456400000,
        "picture2019": null,
        "last_edited_user": "kmulcahy",
        "commonname": "River Birch",
        "picture2018": null,
        "spieces": "Betula nigra",
        "last_edited_date": 1764107217000,
        "created_date": 1764107217000,
        "objectid": 353,
        "propertyowner": "Isle De Mai HOA",
        "lat": null,
        "height": "8 ft",
        "longitude": null
      }
    },
    {
      "geometry": {
        "type": "Point",
        "coordinates": [
          -81.44804143721302,
          30.684396796883817
        ],
        "crs": null
      },
      "id": 263,
      "type": "Feature",
      "properties": {
        "fulladdress": "1109 N 15th St",
        "created_user": "kmulcahy",
        "latitude": 30.6843968,
        "globalid": "{841E3512-C205-4ABB-80E1-01DC95DE03F2}",
        "picture2023": null,
        "parcelnumber": "00-00-31-1240-0002-0260",
        "picture2022": null,
        "dbh": "2\"",
        "picture2021": null,
        "long": -81.4480438,
        "picture2020": null,
        "dateofplanting": 1664769600000,
        "picture2019": null,
        "last_edited_user": "kmulcahy",
        "commonname": "Pond Cyprus",
        "picture2018": null,
        "spieces": "Taxodium ascendens",
        "last_edited_date": 1764107217000,
        "created_date": 1764107217000,
        "objectid": 263,
        "propertyowner": "City of Fernandina Beach",
        "lat": 30.6843967,
        "height": "8 ft",
        "longitude": -81.44804144
      }
    },
    {
      "geometry": {
        "type": "Point",
        "coordinates": [
          -81.45880648286192,
          30.656821158954035
        ],
        "crs": null
      },
      "id": 267,
      "type": "Feature",
      "properties": {
        "fulladdress": "1002 S 11th St",
        "created_user": "kmulcahy",
        "latitude": 30.65682116,
        "globalid": "{5D5B2184-C269-464F-BB95-FC62A3DE70E9}",
        "picture2023": null,
        "parcelnumber": "00-00-31-1800-0170-0170",
        "picture2022": null,
        "dbh": "2\"",
        "picture2021": null,
        "long": -81.4588089,
        "picture2020": null,
        "dateofplanting": 1667534400000,
        "picture2019": null,
        "last_edited_user": "kmulcahy",
        "commonname": "Loblolly Pine",
        "picture2018": null,
        "spieces": "Pinus taeda",
        "last_edited_date": 1764107217000,
        "created_date": 1764107217000,
        "objectid": 267,
        "propertyowner": "COFB",
        "lat": 30.6568203,
        "height": "10 ft",
        "longitude": -81.45880648
      }
    },
    {
      "geometry": {
        "type": "Point",
        "coordinates": [
          -81.45875149788169,
          30.657185717338884
        ],
        "crs": null
      },
      "id": 277,
      "type": "Feature",
      "properties": {
        "fulladdress": "1002 S 11th St",
        "created_user": "kmulcahy",
        "latitude": 30.65718572,
        "globalid": "{7457A094-E788-4E5C-AEB5-C1610CC9BC38}",
        "picture2023": null,
        "parcelnumber": "00-00-31-1800-0170-0170",
        "picture2022": null,
        "dbh": "1.5\"",
        "picture2021": null,
        "long": -81.4587479,
        "picture2020": null,
        "dateofplanting": 1667534400000,
        "picture2019": null,
        "last_edited_user": "kmulcahy",
        "commonname": "Orange",
        "picture2018": null,
        "spieces": "Citrus x sinensis",
        "last_edited_date": 1764107217000,
        "created_date": 1764107217000,
        "objectid": 277,
        "propertyowner": "COFB",
        "lat": 30.6571865,
        "height": "5 ft",
        "longitude": -81.4587515
      }
    },
    {
      "geometry": {
        "type": "Point",
        "coordinates": [
          -81.45823785467695,
          30.657423371171053
        ],
        "crs": null
      },
      "id": 286,
      "type": "Feature",
      "properties": {
        "fulladdress": "1003 S 11th St",
        "created_user": "kmulcahy",
        "latitude": 30.65742337,
        "globalid": "{9A85A7D8-2FE5-4C70-937C-FF75DF7D4A3C}",
        "picture2023": null,
        "parcelnumber": "00-00-31-1800-0212-0012",
        "picture2022": null,
        "dbh": "2\"",
        "picture2021": null,
        "long": -81.4582367,
        "picture2020": null,
        "dateofplanting": 1667534400000,
        "picture2019": null,
        "last_edited_user": "kmulcahy",
        "commonname": "East Palatka Holly",
        "picture2018": null,
        "spieces": "Ilex x attenuata",
        "last_edited_date": 1764107217000,
        "created_date": 1764107217000,
        "objectid": 286,
        "propertyowner": "COFB",
        "lat": 30.657423,
        "height": "8 ft",
        "longitude": -81.45823785
      }
    },
    {
      "geometry": {
        "type": "Point",
        "coordinates": [
          -81.4511997376822,
          30.685088797752837
        ],
        "crs": null
      },
      "id": 290,
      "type": "Feature",
      "properties": {
        "fulladdress": "Bosque Bello",
        "created_user": "kmulcahy",
        "latitude": 30.6850888,
        "globalid": "{D8A5CA2F-2573-418F-B4CA-29DC10B79552}",
        "picture2023": null,
        "parcelnumber": "00-00-31-1800-0225-0400",
        "picture2022": null,
        "dbh": "2\"",
        "picture2021": null,
        "long": -81.4512024,
        "picture2020": null,
        "dateofplanting": 1669179600000,
        "picture2019": null,
        "last_edited_user": "kmulcahy",
        "commonname": "Live Oak",
        "picture2018": null,
        "spieces": "Quercus virginiana",
        "last_edited_date": 1764107217000,
        "created_date": 1764107217000,
        "objectid": 290,
        "propertyowner": "COFB",
        "lat": 30.6850891,
        "height": "8 ft",
        "longitude": -81.45119974
      }
    },
    {
      "geometry": {
        "type": "Point",
        "coordinates": [
          -81.45556466422414,
          30.666472959567578
        ],
        "crs": null
      },
      "id": 314,
      "type": "Feature",
      "properties": {
        "fulladdress": "303 S 12th St",
        "created_user": "kmulcahy",
        "latitude": 30.66647296,
        "globalid": "{440A9188-C4E9-4436-BB55-B241C1740822}",
        "picture2023": null,
        "parcelnumber": "00-00-31-1800-0216-08C0",
        "picture2022": null,
        "dbh": "1 inch",
        "picture2021": null,
        "long": -81.4555664,
        "picture2020": null,
        "dateofplanting": 1679889600000,
        "picture2019": null,
        "last_edited_user": "kmulcahy",
        "commonname": "Grapefruit",
        "picture2018": null,
        "spieces": "Citrus X paradisi",
        "last_edited_date": 1764107217000,
        "created_date": 1764107217000,
        "objectid": 314,
        "propertyowner": "COFB",
        "lat": 30.6664734,
        "height": "3 ft",
        "longitude": -81.45556466
      }
    },
    {
      "geometry": {
        "type": "Point",
        "coordinates": [
          -81.44301796022788,
          30.678408604102778
        ],
        "crs": null
      },
      "id": 309,
      "type": "Feature",
      "properties": {
        "fulladdress": "1900 Sunrise",
        "created_user": "kmulcahy",
        "latitude": 30.6784086,
        "globalid": "{D33487FF-4110-4C50-832E-13064F19A339}",
        "picture2023": null,
        "parcelnumber": "00-00-31-1600-0087-0000",
        "picture2022": null,
        "dbh": "2\"",
        "picture2021": null,
        "long": -81.4430161,
        "picture2020": null,
        "dateofplanting": 1674190800000,
        "picture2019": null,
        "last_edited_user": "kmulcahy",
        "commonname": "Live Oak",
        "picture2018": null,
        "spieces": "Quercus virginiana",
        "last_edited_date": 1764107217000,
        "created_date": 1764107217000,
        "objectid": 309,
        "propertyowner": "COFB",
        "lat": 30.6784077,
        "height": "8 ft",
        "longitude": -81.44301796
      }
    },
    {
      "geometry": {
        "type": "Point",
        "coordinates": [
          -81.43679962869341,
          30.638479567982632
        ],
        "crs": null
      },
      "id": 303,
      "type": "Feature",
      "properties": {
        "fulladdress": "2002 S Fletcher",
        "created_user": "kmulcahy",
        "latitude": 30.63847957,
        "globalid": "{941E3F69-8A3A-420E-A426-6A387CABADE2}",
        "picture2023": null,
        "parcelnumber": "00-00-31-1360-0001-0000",
        "picture2022": null,
        "dbh": "8\"",
        "picture2021": null,
        "long": -81.4367981,
        "picture2020": null,
        "dateofplanting": 1672894800000,
        "picture2019": null,
        "last_edited_user": "kmulcahy",
        "commonname": "Cabbage Palm",
        "picture2018": null,
        "spieces": "Sabal palmetto",
        "last_edited_date": 1764107217000,
        "created_date": 1764107217000,
        "objectid": 303,
        "propertyowner": "COFB",
        "lat": 30.6384792,
        "height": "12 ft",
        "longitude": -81.43679963
      }
    },
    {
      "geometry": {
        "type": "Point",
        "coordinates": [
          -81.44893461233708,
          30.659439948287705
        ],
        "crs": null
      },
      "id": 295,
      "type": "Feature",
      "properties": {
        "fulladdress": "435 Citrona",
        "created_user": "kmulcahy",
        "latitude": 30.65943995,
        "globalid": "{F7C90FFB-DCFD-4F37-9018-BF182C9C5215}",
        "picture2023": null,
        "parcelnumber": "00-00-31-1180-0017-0000",
        "picture2022": null,
        "dbh": "2\"",
        "picture2021": null,
        "long": -81.4489365,
        "picture2020": null,
        "dateofplanting": 1672894800000,
        "picture2019": null,
        "last_edited_user": "kmulcahy",
        "commonname": "East Palatka Holly",
        "picture2018": null,
        "spieces": "Ilex X Attenuata",
        "last_edited_date": 1764107217000,
        "created_date": 1764107217000,
        "objectid": 295,
        "propertyowner": "COFB",
        "lat": 30.6594391,
        "height": "6 ft",
        "longitude": -81.44893461
      }
    },
    {
      "geometry": {
        "type": "Point",
        "coordinates": [
          -81.44266659139102,
          30.678185995594923
        ],
        "crs": null
      },
      "id": 310,
      "type": "Feature",
      "properties": {
        "fulladdress": "1900 Sunrise",
        "created_user": "kmulcahy",
        "latitude": 30.678186,
        "globalid": "{B19C6B85-F8D6-4010-A1B5-09CB52F2E46F}",
        "picture2023": null,
        "parcelnumber": "00-00-31-1600-0087-0000",
        "picture2022": null,
        "dbh": "2\"",
        "picture2021": null,
        "long": -81.4426651,
        "picture2020": null,
        "dateofplanting": 1674190800000,
        "picture2019": null,
        "last_edited_user": "kmulcahy",
        "commonname": "Red Cedar",
        "picture2018": null,
        "spieces": "Juniperus virginiana",
        "last_edited_date": 1764107217000,
        "created_date": 1764107217000,
        "objectid": 310,
        "propertyowner": "COFB",
        "lat": 30.6781864,
        "height": "10 ft",
        "longitude": -81.44266659
      }
    },
    {
      "geometry": {
        "type": "Point",
        "coordinates": [
          -81.45564177740476,
          30.66647642043111
        ],
        "crs": null
      },
      "id": 315,
      "type": "Feature",
      "properties": {
        "fulladdress": "303 S 12th St",
        "created_user": "kmulcahy",
        "latitude": 30.66647642,
        "globalid": "{CFB7AB76-ACB5-4249-84D6-93CACCA0B99F}",
        "picture2023": null,
        "parcelnumber": "00-00-31-1800-0216-08C0",
        "picture2022": null,
        "dbh": "1 inch",
        "picture2021": null,
        "long": -81.4556427,
        "picture2020": null,
        "dateofplanting": 1679889600000,
        "picture2019": null,
        "last_edited_user": "kmulcahy",
        "commonname": "Lime",
        "picture2018": null,
        "spieces": "Citrus X aurantiifolia",
        "last_edited_date": 1764107217000,
        "created_date": 1764107217000,
        "objectid": 315,
        "propertyowner": "COFB",
        "lat": 30.6664772,
        "height": "3 ft",
        "longitude": -81.45564178
      }
    },
    {
      "geometry": {
        "type": "Point",
        "coordinates": [
          -81.4598322960343,
          30.669078889824792
        ],
        "crs": null
      },
      "id": 183,
      "type": "Feature",
      "properties": {
        "fulladdress": "112 S 7th St ROW",
        "created_user": "kmulcahy",
        "latitude": 30.66907889,
        "globalid": "{A9256873-DAF0-44E5-94DC-7BEC7C043C86}",
        "picture2023": null,
        "parcelnumber": "00-00-31-1800-0041-0022",
        "picture2022": null,
        "dbh": "1\"",
        "picture2021": null,
        "long": -81.4598312,
        "picture2020": null,
        "dateofplanting": 1639026000000,
        "picture2019": null,
        "last_edited_user": "kmulcahy",
        "commonname": "Red Bud",
        "picture2018": null,
        "spieces": "Cercis canadensis",
        "last_edited_date": 1764107217000,
        "created_date": 1764107217000,
        "objectid": 183,
        "propertyowner": "COFB",
        "lat": 30.6690788,
        "height": "5 ft",
        "longitude": -81.4598323
      }
    },
    {
      "geometry": {
        "type": "Point",
        "coordinates": [
          -81.4499893898892,
          30.623020623611048
        ],
        "crs": null
      },
      "id": 195,
      "type": "Feature",
      "properties": {
        "fulladdress": "Simmons Park near storm drain",
        "created_user": "kmulcahy",
        "latitude": 30.62302062,
        "globalid": "{DC86EB0C-E65C-4938-9D90-5BE08035C710}",
        "picture2023": null,
        "parcelnumber": "00-00-30-044A-0022-0000",
        "picture2022": null,
        "dbh": "1\"",
        "picture2021": null,
        "long": -81.4499893,
        "picture2020": null,
        "dateofplanting": 1642827600000,
        "picture2019": null,
        "last_edited_user": "kmulcahy",
        "commonname": "Forest Pansy Redbud",
        "picture2018": null,
        "spieces": "Cercis canadensis",
        "last_edited_date": 1764107217000,
        "created_date": 1764107217000,
        "objectid": 195,
        "propertyowner": "COFB",
        "lat": 30.6230202,
        "height": "6 ft",
        "longitude": -81.44998939
      }
    },
    {
      "geometry": {
        "type": "Point",
        "coordinates": [
          -81.43680589534084,
          30.638429940163668
        ],
        "crs": null
      },
      "id": 215,
      "type": "Feature",
      "properties": {
        "fulladdress": "seaside beach park",
        "created_user": "kmulcahy",
        "latitude": 30.63842994,
        "globalid": "{45C2E732-C8D0-4DCF-BC5C-6B2CF5569FF5}",
        "picture2023": null,
        "parcelnumber": "00-00-31-1360-0001-0000",
        "picture2022": null,
        "dbh": "10\"",
        "picture2021": null,
        "long": -81.4368057,
        "picture2020": null,
        "dateofplanting": 1647835200000,
        "picture2019": null,
        "last_edited_user": "kmulcahy",
        "commonname": "cabbage palm",
        "picture2018": null,
        "spieces": "sabal palmetto",
        "last_edited_date": 1764107217000,
        "created_date": 1764107217000,
        "objectid": 215,
        "propertyowner": "COFB",
        "lat": 30.6384296,
        "height": "12 ft",
        "longitude": -81.4368059
      }
    },
    {
      "geometry": {
        "type": "Point",
        "coordinates": [
          -81.44077932350555,
          30.669451284678605
        ],
        "crs": null
      },
      "id": 200,
      "type": "Feature",
      "properties": {
        "fulladdress": "2201 Atlantic Ave",
        "created_user": "kmulcahy",
        "latitude": 30.66945128,
        "globalid": "{7DA41EFB-948E-4F82-B1C2-182BD35D4141}",
        "picture2023": null,
        "parcelnumber": "00-00-31-1600-0135-0000",
        "picture2022": null,
        "dbh": "multi 1 inch",
        "picture2021": null,
        "long": -81.4407806,
        "picture2020": null,
        "dateofplanting": 1642741200000,
        "picture2019": null,
        "last_edited_user": "kmulcahy",
        "commonname": "River Birch",
        "picture2018": null,
        "spieces": "Betula nigra",
        "last_edited_date": 1764107217000,
        "created_date": 1764107217000,
        "objectid": 200,
        "propertyowner": "COFB",
        "lat": 30.6694508,
        "height": "6 ft",
        "longitude": -81.44077932
      }
    },
    {
      "geometry": {
        "type": "Point",
        "coordinates": [
          -81.45412194023345,
          30.662298741041077
        ],
        "crs": null
      },
      "id": 330,
      "type": "Feature",
      "properties": {
        "fulladdress": "S 13th St",
        "created_user": "kmulcahy",
        "latitude": 30.66229874,
        "globalid": "{EBA4B231-E309-4426-93DF-84CF4122DAC4}",
        "picture2023": null,
        "parcelnumber": "00-00-31-1501-0TRD-0000",
        "picture2022": null,
        "dbh": "2 inches",
        "picture2021": null,
        "long": -81.4541245,
        "picture2020": null,
        "dateofplanting": 1679976000000,
        "picture2019": null,
        "last_edited_user": "kmulcahy",
        "commonname": "Hickory",
        "picture2018": null,
        "spieces": "Carya juglandeae",
        "last_edited_date": 1764107217000,
        "created_date": 1764107217000,
        "objectid": 330,
        "propertyowner": "Hickory Ridge HOA",
        "lat": 30.6622982,
        "height": "8 ft",
        "longitude": -81.45412194
      }
    },
    {
      "geometry": {
        "type": "Point",
        "coordinates": [
          -81.4455892260319,
          30.610980033006268
        ],
        "crs": null
      },
      "id": 226,
      "type": "Feature",
      "properties": {
        "fulladdress": "Top Tracer",
        "created_user": "kmulcahy",
        "latitude": 30.61098003,
        "globalid": "{BB200269-9EFA-4842-8AE0-B17D4C2C9F30}",
        "picture2023": null,
        "parcelnumber": "08-2N-28-0000-0001-0000",
        "picture2022": null,
        "dbh": "1\"",
        "picture2021": null,
        "long": -81.4455872,
        "picture2020": null,
        "dateofplanting": 1650254400000,
        "picture2019": null,
        "last_edited_user": "kmulcahy",
        "commonname": "Cassia",
        "picture2018": null,
        "spieces": "Senna polyphylla",
        "last_edited_date": 1764107217000,
        "created_date": 1764107217000,
        "objectid": 226,
        "propertyowner": "COFB",
        "lat": 30.6109791,
        "height": "6 ft",
        "longitude": -81.44558923
      }
    },
    {
      "geometry": {
        "type": "Point",
        "coordinates": [
          -81.4461149390008,
          30.61095011750662
        ],
        "crs": null
      },
      "id": 233,
      "type": "Feature",
      "properties": {
        "fulladdress": "Top Tracer",
        "created_user": "kmulcahy",
        "latitude": 30.61095012,
        "globalid": "{621033D5-0E3D-4171-8F62-9970C3FD119A}",
        "picture2023": null,
        "parcelnumber": "08-2N-28-0000-0001-0000",
        "picture2022": null,
        "dbh": "2\"",
        "picture2021": null,
        "long": -81.4461136,
        "picture2020": null,
        "dateofplanting": 1650254400000,
        "picture2019": null,
        "last_edited_user": "kmulcahy",
        "commonname": "Little Gem Magnolia",
        "picture2018": null,
        "spieces": "Magnolia grandiflora \"Little Gem\"",
        "last_edited_date": 1764107217000,
        "created_date": 1764107217000,
        "objectid": 233,
        "propertyowner": "COFB",
        "lat": 30.6109505,
        "height": "8 ft",
        "longitude": -81.44611494
      }
    },
    {
      "geometry": {
        "type": "Point",
        "coordinates": [
          -81.44763575174251,
          30.65511173611714
        ],
        "crs": null
      },
      "id": 221,
      "type": "Feature",
      "properties": {
        "fulladdress": "S 19th St between Jasmine and Lime",
        "created_user": "kmulcahy",
        "latitude": 30.65511174,
        "globalid": "{D51A6447-24BB-4FA2-9DC0-61CEC9079D37}",
        "picture2023": null,
        "parcelnumber": "S 19th St",
        "picture2022": null,
        "dbh": "1\"",
        "picture2021": null,
        "long": -81.4476395,
        "picture2020": null,
        "dateofplanting": 1649390400000,
        "picture2019": null,
        "last_edited_user": "kmulcahy",
        "commonname": "Red Maple",
        "picture2018": null,
        "spieces": "Acer Rubrum",
        "last_edited_date": 1764107217000,
        "created_date": 1764107217000,
        "objectid": 221,
        "propertyowner": "COFB",
        "lat": 30.6551113,
        "height": "6 ft",
        "longitude": -81.44763575
      }
    },
    {
      "geometry": {
        "type": "Point",
        "coordinates": [
          -81.4460391670049,
          30.610892889610973
        ],
        "crs": null
      },
      "id": 238,
      "type": "Feature",
      "properties": {
        "fulladdress": "Top Tracer",
        "created_user": "kmulcahy",
        "latitude": 30.61089289,
        "globalid": "{7A62F4E6-74BA-44BF-AF40-90393A6F3915}",
        "picture2023": null,
        "parcelnumber": "08-2N-28-0000-0001-0000",
        "picture2022": null,
        "dbh": "12\"",
        "picture2021": null,
        "long": -81.4460373,
        "picture2020": null,
        "dateofplanting": 1650254400000,
        "picture2019": null,
        "last_edited_user": "kmulcahy",
        "commonname": "Cabbage Palm",
        "picture2018": null,
        "spieces": "Sabal palmetto",
        "last_edited_date": 1764107217000,
        "created_date": 1764107217000,
        "objectid": 238,
        "propertyowner": "COFB",
        "lat": 30.6108932,
        "height": "12 ft",
        "longitude": -81.44603917
      }
    },
    {
      "geometry": {
        "type": "Point",
        "coordinates": [
          -81.44587085775494,
          30.6109061634922
        ],
        "crs": null
      },
      "id": 248,
      "type": "Feature",
      "properties": {
        "fulladdress": "Top Tracer",
        "created_user": "kmulcahy",
        "latitude": 30.61090616,
        "globalid": "{A06D0E2D-01B1-44B7-BB35-1515C31AFD9D}",
        "picture2023": null,
        "parcelnumber": "08-2N-28-0000-0001-0000",
        "picture2022": null,
        "dbh": "20\"",
        "picture2021": null,
        "long": -81.4458694,
        "picture2020": null,
        "dateofplanting": 1650254400000,
        "picture2019": null,
        "last_edited_user": "kmulcahy",
        "commonname": "Cabbage Palm",
        "picture2018": null,
        "spieces": "Sabal palmetto",
        "last_edited_date": 1764107217000,
        "created_date": 1764107217000,
        "objectid": 248,
        "propertyowner": "COFB",
        "lat": 30.6109066,
        "height": "18 ft",
        "longitude": -81.44587086
      }
    },
    {
      "geometry": {
        "type": "Point",
        "coordinates": [
          -81.45216332006328,
          30.659672732945342
        ],
        "crs": null
      },
      "id": 251,
      "type": "Feature",
      "properties": {
        "fulladdress": "820 S 14th St",
        "created_user": "kmulcahy",
        "latitude": 30.65967273,
        "globalid": "{0ED5EE41-37B5-4C0B-AFB5-1EE071F39A23}",
        "picture2023": null,
        "parcelnumber": "00-00-31-1800-0264-0010",
        "picture2022": null,
        "dbh": "2\"",
        "picture2021": null,
        "long": -81.4521637,
        "picture2020": null,
        "dateofplanting": 1655697600000,
        "picture2019": null,
        "last_edited_user": "kmulcahy",
        "commonname": "Red Maple",
        "picture2018": null,
        "spieces": "Acer rubrum",
        "last_edited_date": 1764107217000,
        "created_date": 1764107217000,
        "objectid": 251,
        "propertyowner": "COFB",
        "lat": 30.6596718,
        "height": "8 ft",
        "longitude": -81.45216332
      }
    },
    {
      "geometry": {
        "type": "Point",
        "coordinates": [
          -81.4309758821475,
          30.67462925885958
        ],
        "crs": null
      },
      "id": 264,
      "type": "Feature",
      "properties": {
        "fulladdress": "W 3rd and N Fletcher Retention Pond",
        "created_user": "kmulcahy",
        "latitude": 30.67462926,
        "globalid": "{1733CEB8-AA5E-43E5-9F14-A8E7D1383FC0}",
        "picture2023": null,
        "parcelnumber": "00-00-31-134B-0201-0000",
        "picture2022": null,
        "dbh": "2\"",
        "picture2021": null,
        "long": -81.4309769,
        "picture2020": null,
        "dateofplanting": 1664769600000,
        "picture2019": null,
        "last_edited_user": "kmulcahy",
        "commonname": "Brodie Cedar",
        "picture2018": null,
        "spieces": "Juniperus virginiana",
        "last_edited_date": 1764107217000,
        "created_date": 1764107217000,
        "objectid": 264,
        "propertyowner": "COFB",
        "lat": 30.6746292,
        "height": "8 ft",
        "longitude": -81.43097588
      }
    },
    {
      "geometry": {
        "type": "Point",
        "coordinates": [
          -81.45878636598944,
          30.65682923433586
        ],
        "crs": null
      },
      "id": 268,
      "type": "Feature",
      "properties": {
        "fulladdress": "1002 S 11th St",
        "created_user": "kmulcahy",
        "latitude": 30.65682923,
        "globalid": "{7A4831EC-6E7A-46C4-9489-5ED944927A56}",
        "picture2023": null,
        "parcelnumber": "00-00-31-1800-0170-0170",
        "picture2022": null,
        "dbh": "2\"",
        "picture2021": null,
        "long": -81.458786,
        "picture2020": null,
        "dateofplanting": 1667534400000,
        "picture2019": null,
        "last_edited_user": "kmulcahy",
        "commonname": "Loblolly Pine",
        "picture2018": null,
        "spieces": "Pinus taeda",
        "last_edited_date": 1764107217000,
        "created_date": 1764107217000,
        "objectid": 268,
        "propertyowner": "COFB",
        "lat": 30.6568298,
        "height": "10 ft",
        "longitude": -81.45878637
      }
    },
    {
      "geometry": {
        "type": "Point",
        "coordinates": [
          -81.45875954409168,
          30.657131495007338
        ],
        "crs": null
      },
      "id": 278,
      "type": "Feature",
      "properties": {
        "fulladdress": "1002 S 11th St",
        "created_user": "kmulcahy",
        "latitude": 30.6571315,
        "globalid": "{C42AD3F9-B7FF-4D13-963C-7966970065D5}",
        "picture2023": null,
        "parcelnumber": "00-00-31-1800-0170-0170",
        "picture2022": null,
        "dbh": "1.5\"",
        "picture2021": null,
        "long": -81.4587631,
        "picture2020": null,
        "dateofplanting": 1667534400000,
        "picture2019": null,
        "last_edited_user": "kmulcahy",
        "commonname": "Lime Tree",
        "picture2018": null,
        "spieces": "Citrus limon",
        "last_edited_date": 1764107217000,
        "created_date": 1764107217000,
        "objectid": 278,
        "propertyowner": "COFB",
        "lat": 30.6571312,
        "height": "5 ft",
        "longitude": -81.45875954
      }
    },
    {
      "geometry": {
        "type": "Point",
        "coordinates": [
          -81.45827674633885,
          30.65709227040519
        ],
        "crs": null
      },
      "id": 287,
      "type": "Feature",
      "properties": {
        "fulladdress": "1003 S 11th St",
        "created_user": "kmulcahy",
        "latitude": 30.65709227,
        "globalid": "{4D6D963E-422D-4944-8D55-F1DB0BF6AC0F}",
        "picture2023": null,
        "parcelnumber": "00-00-31-1800-0212-0012",
        "picture2022": null,
        "dbh": "2\"",
        "picture2021": null,
        "long": -81.4582748,
        "picture2020": null,
        "dateofplanting": 1667534400000,
        "picture2019": null,
        "last_edited_user": "kmulcahy",
        "commonname": "East Palatka Holly",
        "picture2018": null,
        "spieces": "Ilex x attenuata",
        "last_edited_date": 1764107217000,
        "created_date": 1764107217000,
        "objectid": 287,
        "propertyowner": "COFB",
        "lat": 30.657093,
        "height": "8 ft",
        "longitude": -81.45827675
      }
    },
    {
      "geometry": {
        "type": "Point",
        "coordinates": [
          -81.45125874621658,
          30.685021904456757
        ],
        "crs": null
      },
      "id": 291,
      "type": "Feature",
      "properties": {
        "fulladdress": "Bosque Bello",
        "created_user": "kmulcahy",
        "latitude": 30.6850219,
        "globalid": "{A16B374E-C951-4820-B9DA-C4969902244E}",
        "picture2023": null,
        "parcelnumber": "00-00-31-1800-0225-0400",
        "picture2022": null,
        "dbh": "2\"",
        "picture2021": null,
        "long": -81.4512558,
        "picture2020": null,
        "dateofplanting": 1669179600000,
        "picture2019": null,
        "last_edited_user": "kmulcahy",
        "commonname": "Live Oak",
        "picture2018": null,
        "spieces": "Quercus virginiana",
        "last_edited_date": 1764107217000,
        "created_date": 1764107217000,
        "objectid": 291,
        "propertyowner": "COFB",
        "lat": 30.6850224,
        "height": "8 ft",
        "longitude": -81.45125875
      }
    },
    {
      "geometry": {
        "type": "Point",
        "coordinates": [
          -81.44935840155554,
          30.659493015619734
        ],
        "crs": null
      },
      "id": 296,
      "type": "Feature",
      "properties": {
        "fulladdress": "435 Citrona",
        "created_user": "kmulcahy",
        "latitude": 30.65949302,
        "globalid": "{3C5AC386-B4FC-4AFA-AD11-07A03DE73BCD}",
        "picture2023": null,
        "parcelnumber": "00-00-31-1180-0017-0000",
        "picture2022": null,
        "dbh": "2\"",
        "picture2021": null,
        "long": -81.4493561,
        "picture2020": null,
        "dateofplanting": 1672894800000,
        "picture2019": null,
        "last_edited_user": "kmulcahy",
        "commonname": "East Palatka Holly",
        "picture2018": null,
        "spieces": "Ilex X attenuata",
        "last_edited_date": 1764107217000,
        "created_date": 1764107217000,
        "objectid": 296,
        "propertyowner": "COFB",
        "lat": 30.6594925,
        "height": "6 ft",
        "longitude": -81.4493584
      }
    },
    {
      "geometry": {
        "type": "Point",
        "coordinates": [
          -81.4512077847905,
          30.684258396423907
        ],
        "crs": null
      },
      "id": 293,
      "type": "Feature",
      "properties": {
        "fulladdress": "Bosque Bello",
        "created_user": "kmulcahy",
        "latitude": 30.6842584,
        "globalid": "{2E1D1FBA-15CC-4991-8E1F-444193D361F3}",
        "picture2023": null,
        "parcelnumber": "00-00-31-1800-0225-0400",
        "picture2022": null,
        "dbh": "2\"",
        "picture2021": null,
        "long": -81.45121,
        "picture2020": null,
        "dateofplanting": 1669179600000,
        "picture2019": null,
        "last_edited_user": "kmulcahy",
        "commonname": "Live Oak",
        "picture2018": null,
        "spieces": "Quercus virginiana",
        "last_edited_date": 1764107217000,
        "created_date": 1764107217000,
        "objectid": 293,
        "propertyowner": "COFB",
        "lat": 30.6842575,
        "height": "8 ft",
        "longitude": -81.45120778
      }
    },
    {
      "geometry": {
        "type": "Point",
        "coordinates": [
          -81.44280874798808,
          30.678112177396546
        ],
        "crs": null
      },
      "id": 312,
      "type": "Feature",
      "properties": {
        "fulladdress": "1900 Sunrise",
        "created_user": "kmulcahy",
        "latitude": 30.67811218,
        "globalid": "{F12D3C08-2435-482E-AB21-4175AFCF8928}",
        "picture2023": null,
        "parcelnumber": "00-00-31-1600-0087-0000",
        "picture2022": null,
        "dbh": "2\"",
        "picture2021": null,
        "long": -81.4428101,
        "picture2020": null,
        "dateofplanting": 1674190800000,
        "picture2019": null,
        "last_edited_user": "kmulcahy",
        "commonname": "Red Maple",
        "picture2018": null,
        "spieces": "Acer rubrum",
        "last_edited_date": 1764107217000,
        "created_date": 1764107217000,
        "objectid": 312,
        "propertyowner": "COFB",
        "lat": 30.678112,
        "height": "8 ft",
        "longitude": -81.44280875
      }
    },
    {
      "geometry": {
        "type": "Point",
        "coordinates": [
          -81.45103075918736,
          30.684920411411124
        ],
        "crs": null
      },
      "id": 292,
      "type": "Feature",
      "properties": {
        "fulladdress": "Bosque Bello",
        "created_user": "kmulcahy",
        "latitude": 30.68492041,
        "globalid": "{AAB2563E-C412-44A2-A846-EC0B07DBA5AE}",
        "picture2023": null,
        "parcelnumber": "00-00-31-1800-0225-0400",
        "picture2022": null,
        "dbh": "2\"",
        "picture2021": null,
        "long": -81.4510345,
        "picture2020": null,
        "dateofplanting": 1669179600000,
        "picture2019": null,
        "last_edited_user": "kmulcahy",
        "commonname": "Live Oak",
        "picture2018": null,
        "spieces": "Quercus virginiana",
        "last_edited_date": 1764107217000,
        "created_date": 1764107217000,
        "objectid": 292,
        "propertyowner": "COFB",
        "lat": 30.6849213,
        "height": "8 ft",
        "longitude": -81.45103076
      }
    },
    {
      "geometry": {
        "type": "Point",
        "coordinates": [
          -81.46308527713778,
          30.670137312595454
        ],
        "crs": null
      },
      "id": 304,
      "type": "Feature",
      "properties": {
        "fulladdress": "30 S 3rd",
        "created_user": "kmulcahy",
        "latitude": 30.67013731,
        "globalid": "{89ADEBA4-7562-42E0-AB26-88466FA5D4E6}",
        "picture2023": null,
        "parcelnumber": "00-00-31-1800-0013-0100",
        "picture2022": null,
        "dbh": "8\"",
        "picture2021": null,
        "long": -81.463089,
        "picture2020": null,
        "dateofplanting": 1672894800000,
        "picture2019": null,
        "last_edited_user": "kmulcahy",
        "commonname": "Cabbage Palm",
        "picture2018": null,
        "spieces": "Sabal palmetto",
        "last_edited_date": 1764107217000,
        "created_date": 1764107217000,
        "objectid": 304,
        "propertyowner": "COFB",
        "lat": 30.6701374,
        "height": "8 ft",
        "longitude": -81.46308528
      }
    },
    {
      "geometry": {
        "type": "Point",
        "coordinates": [
          -81.46589586221835,
          30.62564452184262
        ],
        "crs": null
      },
      "id": 354,
      "type": "Feature",
      "properties": {
        "fulladdress": "2890 Santa Maria Dr",
        "created_user": "kmulcahy",
        "latitude": null,
        "globalid": "{8182FD28-3A29-42DE-AF94-616F32E4C869}",
        "picture2023": null,
        "parcelnumber": "00-00-31-087I-000A-0000",
        "picture2022": null,
        "dbh": "2\"",
        "picture2021": null,
        "long": null,
        "picture2020": null,
        "dateofplanting": 1700456400000,
        "picture2019": null,
        "last_edited_user": "kmulcahy",
        "commonname": "River Birch",
        "picture2018": null,
        "spieces": "Betula nigra",
        "last_edited_date": 1764107217000,
        "created_date": 1764107217000,
        "objectid": 354,
        "propertyowner": "Isle De Mai HOA",
        "lat": null,
        "height": "8 ft",
        "longitude": null
      }
    },
    {
      "geometry": {
        "type": "Point",
        "coordinates": [
          -81.45096839634371,
          30.6842391168036
        ],
        "crs": null
      },
      "id": 208,
      "type": "Feature",
      "properties": {
        "fulladdress": "Bosque Bello",
        "created_user": "kmulcahy",
        "latitude": 30.68423912,
        "globalid": "{E9A46F3B-5B40-4103-80EB-DBD2DE1E0BD8}",
        "picture2023": null,
        "parcelnumber": "00-00-31-1800-0225-0400",
        "picture2022": null,
        "dbh": "2.5\"",
        "picture2021": null,
        "long": -81.4509659,
        "picture2020": null,
        "dateofplanting": 1646715600000,
        "picture2019": null,
        "last_edited_user": "kmulcahy",
        "commonname": "Red Maple",
        "picture2018": null,
        "spieces": "acer rubrum",
        "last_edited_date": 1764107217000,
        "created_date": 1764107217000,
        "objectid": 208,
        "propertyowner": "COFB",
        "lat": 30.6842384,
        "height": "8 ft",
        "longitude": -81.4509684
      }
    },
    {
      "geometry": {
        "type": "Point",
        "coordinates": [
          -81.44273766968956,
          30.678146779539166
        ],
        "crs": null
      },
      "id": 311,
      "type": "Feature",
      "properties": {
        "fulladdress": "1900 Sunrise",
        "created_user": "kmulcahy",
        "latitude": 30.67814678,
        "globalid": "{1E492E51-7BF8-4503-B6A5-06A7AB65593F}",
        "picture2023": null,
        "parcelnumber": "00-00-31-1600-0087-0000",
        "picture2022": null,
        "dbh": "2\"",
        "picture2021": null,
        "long": -81.4427414,
        "picture2020": null,
        "dateofplanting": 1674190800000,
        "picture2019": null,
        "last_edited_user": "kmulcahy",
        "commonname": "Red Maple",
        "picture2018": null,
        "spieces": "Acer rubrum",
        "last_edited_date": 1764107217000,
        "created_date": 1764107217000,
        "objectid": 311,
        "propertyowner": "COFB",
        "lat": 30.6781464,
        "height": "8 ft",
        "longitude": -81.44273767
      }
    },
    {
      "geometry": {
        "type": "Point",
        "coordinates": [
          -81.46120805331552,
          30.666290245267483
        ],
        "crs": null
      },
      "id": 133,
      "type": "Feature",
      "properties": {
        "fulladdress": "321 S 6th St ROW",
        "created_user": "kmulcahy",
        "latitude": 30.66629025,
        "globalid": "{B224D732-17AB-4ED6-BEDF-14A219172E49}",
        "picture2023": null,
        "parcelnumber": "00-00-31-1800-0126-0100",
        "picture2022": null,
        "dbh": "1.5\"",
        "picture2021": null,
        "long": -81.4612045,
        "picture2020": null,
        "dateofplanting": 1635480000000,
        "picture2019": null,
        "last_edited_user": "kmulcahy",
        "commonname": "Little Gem Magnolia",
        "picture2018": null,
        "spieces": "Magnolia grandiflora 'Little Gem'",
        "last_edited_date": 1764107217000,
        "created_date": 1764107217000,
        "objectid": 133,
        "propertyowner": "City of Fernandina Beach",
        "lat": 30.6662903,
        "height": "6 ft",
        "longitude": -81.46120805
      }
    },
    {
      "geometry": {
        "type": "Point",
        "coordinates": [
          -81.45001621178695,
          30.622997542361247
        ],
        "crs": null
      },
      "id": 196,
      "type": "Feature",
      "properties": {
        "fulladdress": "Simmons Park near storm drain",
        "created_user": "kmulcahy",
        "latitude": 30.62299754,
        "globalid": "{8FA656BB-C6F6-4E9B-BF6C-FDA0FA8B41F4}",
        "picture2023": null,
        "parcelnumber": "00-00-30-044A-0022-0000",
        "picture2022": null,
        "dbh": "1\"",
        "picture2021": null,
        "long": -81.4500198,
        "picture2020": null,
        "dateofplanting": 1640149200000,
        "picture2019": null,
        "last_edited_user": "kmulcahy",
        "commonname": "Forest Pansy Redbud",
        "picture2018": null,
        "spieces": "Cercis canadensis",
        "last_edited_date": 1764107217000,
        "created_date": 1764107217000,
        "objectid": 196,
        "propertyowner": "COFB",
        "lat": 30.6229973,
        "height": "6 ft",
        "longitude": -81.45001621
      }
    },
    {
      "geometry": {
        "type": "Point",
        "coordinates": [
          -81.4370285194278,
          30.63809588907027
        ],
        "crs": null
      },
      "id": 217,
      "type": "Feature",
      "properties": {
        "fulladdress": "Seaside beach park",
        "created_user": "kmulcahy",
        "latitude": 30.63809589,
        "globalid": "{FBABBFA5-481A-4B44-AED8-BCE26CD592FF}",
        "picture2023": null,
        "parcelnumber": "00-00-31-1360-0001-0000",
        "picture2022": null,
        "dbh": "10\"",
        "picture2021": null,
        "long": -81.437027,
        "picture2020": null,
        "dateofplanting": 1647835200000,
        "picture2019": null,
        "last_edited_user": "kmulcahy",
        "commonname": "cabbage palm",
        "picture2018": null,
        "spieces": "sabal palmetto",
        "last_edited_date": 1764107217000,
        "created_date": 1764107217000,
        "objectid": 217,
        "propertyowner": "COFB",
        "lat": 30.6380959,
        "height": "12 ft",
        "longitude": -81.43702852
      }
    },
    {
      "geometry": {
        "type": "Point",
        "coordinates": [
          -81.4476652560097,
          30.654899456992588
        ],
        "crs": null
      },
      "id": 222,
      "type": "Feature",
      "properties": {
        "fulladdress": "S 19th St between Jasmine and Lime",
        "created_user": "kmulcahy",
        "latitude": 30.65489946,
        "globalid": "{EC0D880B-F184-4E20-AF40-66C32FD47439}",
        "picture2023": null,
        "parcelnumber": "S 19th St",
        "picture2022": null,
        "dbh": "1\"",
        "picture2021": null,
        "long": -81.4476624,
        "picture2020": null,
        "dateofplanting": 1649390400000,
        "picture2019": null,
        "last_edited_user": "kmulcahy",
        "commonname": "Red Maple",
        "picture2018": null,
        "spieces": "Acer Rubrum",
        "last_edited_date": 1764107217000,
        "created_date": 1764107217000,
        "objectid": 222,
        "propertyowner": "COFB",
        "lat": 30.6548996,
        "height": "6 ft",
        "longitude": -81.44766526
      }
    },
    {
      "geometry": {
        "type": "Point",
        "coordinates": [
          -81.4456026369808,
          30.610910779855253
        ],
        "crs": null
      },
      "id": 227,
      "type": "Feature",
      "properties": {
        "fulladdress": "Top Tracer",
        "created_user": "kmulcahy",
        "latitude": 30.61091078,
        "globalid": "{615459AB-6624-4753-8F4C-260ADA6915BA}",
        "picture2023": null,
        "parcelnumber": "08-2N-28-0000-0001-0000",
        "picture2022": null,
        "dbh": "1\"",
        "picture2021": null,
        "long": -81.4456024,
        "picture2020": null,
        "dateofplanting": 1650254400000,
        "picture2019": null,
        "last_edited_user": "kmulcahy",
        "commonname": "Cassia",
        "picture2018": null,
        "spieces": "Senna polyphylla",
        "last_edited_date": 1764107217000,
        "created_date": 1764107217000,
        "objectid": 227,
        "propertyowner": "COFB",
        "lat": 30.6109104,
        "height": "6 ft",
        "longitude": -81.44560264
      }
    },
    {
      "geometry": {
        "type": "Point",
        "coordinates": [
          -81.4460854347336,
          30.6109685852686
        ],
        "crs": null
      },
      "id": 234,
      "type": "Feature",
      "properties": {
        "fulladdress": "Top Tracer",
        "created_user": "kmulcahy",
        "latitude": 30.61096859,
        "globalid": "{92702884-F2DF-45CF-8BCA-CC040AD3FE76}",
        "picture2023": null,
        "parcelnumber": "08-2N-28-0000-0001-0000",
        "picture2022": null,
        "dbh": "2\"",
        "picture2021": null,
        "long": -81.4460831,
        "picture2020": null,
        "dateofplanting": 1650254400000,
        "picture2019": null,
        "last_edited_user": "kmulcahy",
        "commonname": "Little Gem Magnolia",
        "picture2018": null,
        "spieces": "Magnolia grandiflora \"Little Gem\"",
        "last_edited_date": 1764107217000,
        "created_date": 1764107217000,
        "objectid": 234,
        "propertyowner": "COFB",
        "lat": 30.6109676,
        "height": "8 ft",
        "longitude": -81.44608543
      }
    },
    {
      "geometry": {
        "type": "Point",
        "coordinates": [
          -81.44602642619923,
          30.610905009208107
        ],
        "crs": null
      },
      "id": 239,
      "type": "Feature",
      "properties": {
        "fulladdress": "Top Tracer",
        "created_user": "kmulcahy",
        "latitude": 30.61090501,
        "globalid": "{C625F74D-24B8-4B5F-9246-8BAAA74399CA}",
        "picture2023": null,
        "parcelnumber": "08-2N-28-0000-0001-0000",
        "picture2022": null,
        "dbh": "15\"",
        "picture2021": null,
        "long": -81.4460297,
        "picture2020": null,
        "dateofplanting": 1650254400000,
        "picture2019": null,
        "last_edited_user": "kmulcahy",
        "commonname": "Cabbage Palm",
        "picture2018": null,
        "spieces": "Sabal palmetto",
        "last_edited_date": 1764107217000,
        "created_date": 1764107217000,
        "objectid": 239,
        "propertyowner": "COFB",
        "lat": 30.6109047,
        "height": "15 ft",
        "longitude": -81.44602643
      }
    },
    {
      "geometry": {
        "type": "Point",
        "coordinates": [
          -81.45178915198451,
          30.659629471800805
        ],
        "crs": null
      },
      "id": 252,
      "type": "Feature",
      "properties": {
        "fulladdress": "820 S 14th St",
        "created_user": "kmulcahy",
        "latitude": 30.65962947,
        "globalid": "{5CCBC2FC-5F90-4690-BDCF-DEA29EAC83C6}",
        "picture2023": null,
        "parcelnumber": "00-00-31-1800-0264-0010",
        "picture2022": null,
        "dbh": "2\"",
        "picture2021": null,
        "long": -81.4517899,
        "picture2020": null,
        "dateofplanting": 1655697600000,
        "picture2019": null,
        "last_edited_user": "kmulcahy",
        "commonname": "Red Maple",
        "picture2018": null,
        "spieces": "Acer rubrum",
        "last_edited_date": 1764107217000,
        "created_date": 1764107217000,
        "objectid": 252,
        "propertyowner": "COFB",
        "lat": 30.6596298,
        "height": "8 ft",
        "longitude": -81.45178915
      }
    },
    {
      "geometry": {
        "type": "Point",
        "coordinates": [
          -81.43100404522995,
          30.67449084440131
        ],
        "crs": null
      },
      "id": 265,
      "type": "Feature",
      "properties": {
        "fulladdress": "W 3rd St and N Fletcher Retnetion Pond",
        "created_user": "kmulcahy",
        "latitude": 30.67449084,
        "globalid": "{203DD7CC-F81B-4FCD-A8FF-280A32443B2F}",
        "picture2023": null,
        "parcelnumber": "00-00-31-134B-0201-0000",
        "picture2022": null,
        "dbh": "1.5\"",
        "picture2021": null,
        "long": -81.4310074,
        "picture2020": null,
        "dateofplanting": 1664769600000,
        "picture2019": null,
        "last_edited_user": "kmulcahy",
        "commonname": "Brodie Cedar",
        "picture2018": null,
        "spieces": "Juniperus virginiana",
        "last_edited_date": 1764107217000,
        "created_date": 1764107217000,
        "objectid": 265,
        "propertyowner": "COFB",
        "lat": 30.67449,
        "height": "5 ft",
        "longitude": -81.43100405
      }
    },
    {
      "geometry": {
        "type": "Point",
        "coordinates": [
          -81.45881050641607,
          30.656868459044734
        ],
        "crs": null
      },
      "id": 269,
      "type": "Feature",
      "properties": {
        "fulladdress": "1002 S 11th St",
        "created_user": "kmulcahy",
        "latitude": 30.65686846,
        "globalid": "{E64BCA28-FAD7-469A-AB0B-CE193462891E}",
        "picture2023": null,
        "parcelnumber": "00-00-31-1800-0170-0170",
        "picture2022": null,
        "dbh": "2\"",
        "picture2021": null,
        "long": -81.4588089,
        "picture2020": null,
        "dateofplanting": 1667534400000,
        "picture2019": null,
        "last_edited_user": "kmulcahy",
        "commonname": "Loblolly Pine",
        "picture2018": null,
        "spieces": "Pinus taeda",
        "last_edited_date": 1764107217000,
        "created_date": 1764107217000,
        "objectid": 269,
        "propertyowner": "COFB",
        "lat": 30.656868,
        "height": "10 ft",
        "longitude": -81.45881051
      }
    },
    {
      "geometry": {
        "type": "Point",
        "coordinates": [
          -81.45873942721921,
          30.65715341438096
        ],
        "crs": null
      },
      "id": 279,
      "type": "Feature",
      "properties": {
        "fulladdress": "1002 S 11th St",
        "created_user": "kmulcahy",
        "latitude": 30.65715341,
        "globalid": "{F75C73D7-8A3F-4A4C-8ADA-D28B28EBFA3F}",
        "picture2023": null,
        "parcelnumber": "00-00-31-1800-0170-0170",
        "picture2022": null,
        "dbh": "1.5\"",
        "picture2021": null,
        "long": -81.4587402,
        "picture2020": null,
        "dateofplanting": 1667534400000,
        "picture2019": null,
        "last_edited_user": "kmulcahy",
        "commonname": "Lemon",
        "picture2018": null,
        "spieces": "Citrus Limon",
        "last_edited_date": 1764107217000,
        "created_date": 1764107217000,
        "objectid": 279,
        "propertyowner": "COFB",
        "lat": 30.6571541,
        "height": "5 ft",
        "longitude": -81.45873943
      }
    },
    {
      "geometry": {
        "type": "Point",
        "coordinates": [
          -81.45830759179077,
          30.656894993420337
        ],
        "crs": null
      },
      "id": 288,
      "type": "Feature",
      "properties": {
        "fulladdress": "1003 S 11th St",
        "created_user": "kmulcahy",
        "latitude": 30.65689499,
        "globalid": "{5083BB69-9DC7-40B2-AD9A-F0E4B34347E4}",
        "picture2023": null,
        "parcelnumber": "00-00-31-1800-0212-0012",
        "picture2022": null,
        "dbh": "2\"",
        "picture2021": null,
        "long": -81.4583054,
        "picture2020": null,
        "dateofplanting": 1667534400000,
        "picture2019": null,
        "last_edited_user": "kmulcahy",
        "commonname": "East Palatka Holly",
        "picture2018": null,
        "spieces": "Ilex x attenuata",
        "last_edited_date": 1764107217000,
        "created_date": 1764107217000,
        "objectid": 288,
        "propertyowner": "COFB",
        "lat": 30.6568947,
        "height": "8 ft",
        "longitude": -81.45830759
      }
    },
    {
      "geometry": {
        "type": "Point",
        "coordinates": [
          -81.44999073107391,
          30.622996964904775
        ],
        "crs": null
      },
      "id": 197,
      "type": "Feature",
      "properties": {
        "fulladdress": "Simmons Park near storm drain",
        "created_user": "kmulcahy",
        "latitude": 30.62299696,
        "globalid": "{6BAB13D8-49A5-4F8F-A8A6-551DA271703B}",
        "picture2023": null,
        "parcelnumber": "00-00-30-044A-0022-0000",
        "picture2022": null,
        "dbh": "1\"",
        "picture2021": null,
        "long": -81.4499893,
        "picture2020": null,
        "dateofplanting": 1640149200000,
        "picture2019": null,
        "last_edited_user": "kmulcahy",
        "commonname": "Forest Pansy Redbud",
        "picture2018": null,
        "spieces": "Cercis canadensis",
        "last_edited_date": 1764107217000,
        "created_date": 1764107217000,
        "objectid": 197,
        "propertyowner": "COFB",
        "lat": 30.6229973,
        "height": "6 ft",
        "longitude": -81.44999073
      }
    },
    {
      "geometry": {
        "type": "Point",
        "coordinates": [
          -81.45197818536806,
          30.659642535765947
        ],
        "crs": null
      },
      "id": 320,
      "type": "Feature",
      "properties": {
        "fulladdress": "820 S 14th St",
        "created_user": "kmulcahy",
        "latitude": 30.65964254,
        "globalid": "{890DCC7D-E2FA-4A4B-A428-4B0B3CADE3BE}",
        "picture2023": null,
        "parcelnumber": "00-00-31-1800-0264-0090",
        "picture2022": null,
        "dbh": "2 inches",
        "picture2021": null,
        "long": -81.4519806,
        "picture2020": null,
        "dateofplanting": 1679976000000,
        "picture2019": null,
        "last_edited_user": "kmulcahy",
        "commonname": "Eastern Red Bud",
        "picture2018": null,
        "spieces": "Cercis canadensis",
        "last_edited_date": 1764107217000,
        "created_date": 1764107217000,
        "objectid": 320,
        "propertyowner": "COFB",
        "lat": 30.6596432,
        "height": "8 ft",
        "longitude": -81.45197819
      }
    },
    {
      "geometry": {
        "type": "Point",
        "coordinates": [
          -81.44011681778014,
          30.669466280518154
        ],
        "crs": null
      },
      "id": 201,
      "type": "Feature",
      "properties": {
        "fulladdress": "2201 Atlantic Ave",
        "created_user": "kmulcahy",
        "latitude": 30.66946628,
        "globalid": "{852B5E90-4373-41EF-8E91-F0FCBB119776}",
        "picture2023": null,
        "parcelnumber": "00-00-31-1600-0135-0000",
        "picture2022": null,
        "dbh": "2\"",
        "picture2021": null,
        "long": -81.4401169,
        "picture2020": null,
        "dateofplanting": 1642741200000,
        "picture2019": null,
        "last_edited_user": "kmulcahy",
        "commonname": "Bald Cyprus",
        "picture2018": null,
        "spieces": "Taxodium distichum",
        "last_edited_date": 1764107217000,
        "created_date": 1764107217000,
        "objectid": 201,
        "propertyowner": "COFB",
        "lat": 30.669466,
        "height": "7 ft",
        "longitude": -81.44011682
      }
    },
    {
      "geometry": {
        "type": "Point",
        "coordinates": [
          -81.45093989998627,
          30.68425523671719
        ],
        "crs": null
      },
      "id": 338,
      "type": "Feature",
      "properties": {
        "fulladdress": "Bosque Bello",
        "created_user": "kmulcahy",
        "latitude": 30.68425524,
        "globalid": "{990F15C6-C73D-487F-A000-D40EC49BD851}",
        "picture2023": null,
        "parcelnumber": "00-00-31-1800-0225-0400",
        "picture2022": null,
        "dbh": "1.5 inches",
        "picture2021": null,
        "long": -81.450943,
        "picture2020": null,
        "dateofplanting": 1679976000000,
        "picture2019": null,
        "last_edited_user": "kmulcahy",
        "commonname": "Live Oak",
        "picture2018": null,
        "spieces": "Quercus virginiana",
        "last_edited_date": 1764107217000,
        "created_date": 1764107217000,
        "objectid": 338,
        "propertyowner": "COFB",
        "lat": 30.6842556,
        "height": "6 ft",
        "longitude": -81.4509399
      }
    },
    {
      "geometry": {
        "type": "Point",
        "coordinates": [
          -81.45039775772915,
          30.65960837904935
        ],
        "crs": null
      },
      "id": 297,
      "type": "Feature",
      "properties": {
        "fulladdress": "435 Citrona",
        "created_user": "kmulcahy",
        "latitude": 30.65960838,
        "globalid": "{74C22C57-4949-4248-A554-F6C12E3171C5}",
        "picture2023": null,
        "parcelnumber": "00-00-31-1180-0017-0000",
        "picture2022": null,
        "dbh": "2\"",
        "picture2021": null,
        "long": -81.4504013,
        "picture2020": null,
        "dateofplanting": 1672894800000,
        "picture2019": null,
        "last_edited_user": "kmulcahy",
        "commonname": "East Palatka Holly",
        "picture2018": null,
        "spieces": "Ilex X attenuata",
        "last_edited_date": 1764107217000,
        "created_date": 1764107217000,
        "objectid": 297,
        "propertyowner": "COFB",
        "lat": 30.6596088,
        "height": "6 ft",
        "longitude": -81.45039776
      }
    },
    {
      "geometry": {
        "type": "Point",
        "coordinates": [
          -81.45097778373844,
          30.684217203574413
        ],
        "crs": null
      },
      "id": 209,
      "type": "Feature",
      "properties": {
        "fulladdress": "Bosque Bello",
        "created_user": "kmulcahy",
        "latitude": 30.6842172,
        "globalid": "{6872E505-6EF4-494C-8183-E55573AF82A6}",
        "picture2023": null,
        "parcelnumber": "00-00-31-1800-0225-0400",
        "picture2022": null,
        "dbh": "2.5\"",
        "picture2021": null,
        "long": -81.4509811,
        "picture2020": null,
        "dateofplanting": 1646715600000,
        "picture2019": null,
        "last_edited_user": "kmulcahy",
        "commonname": "Live Oak",
        "picture2018": null,
        "spieces": "quercus virginiana",
        "last_edited_date": 1764107217000,
        "created_date": 1764107217000,
        "objectid": 209,
        "propertyowner": "COFB",
        "lat": 30.6842175,
        "height": "8 ft",
        "longitude": -81.45097778
      }
    },
    {
      "geometry": {
        "type": "Point",
        "coordinates": [
          -81.46316607790266,
          30.67058198979687
        ],
        "crs": null
      },
      "id": 305,
      "type": "Feature",
      "properties": {
        "fulladdress": "9 S 3rd St",
        "created_user": "kmulcahy",
        "latitude": 30.67058199,
        "globalid": "{BAA0366C-96BD-4BC4-9747-43CBA9C7F00A}",
        "picture2023": null,
        "parcelnumber": "00-00-31-1203-000A-0000",
        "picture2022": null,
        "dbh": "8\"",
        "picture2021": null,
        "long": -81.4631653,
        "picture2020": null,
        "dateofplanting": 1672894800000,
        "picture2019": null,
        "last_edited_user": "kmulcahy",
        "commonname": "Cabbage Palm",
        "picture2018": null,
        "spieces": "Sabal palmetto",
        "last_edited_date": 1764107217000,
        "created_date": 1764107217000,
        "objectid": 305,
        "propertyowner": "COFB",
        "lat": 30.6705818,
        "height": "8 ft",
        "longitude": -81.46316608
      }
    },
    {
      "geometry": {
        "type": "Point",
        "coordinates": [
          -81.46604338355431,
          30.66864795767394
        ],
        "crs": null
      },
      "id": 339,
      "type": "Feature",
      "properties": {
        "fulladdress": "front street waterfront park",
        "created_user": "kmulcahy",
        "latitude": 30.66864796,
        "globalid": "{E46C220A-E130-48CB-BDC8-E03CD6C5A5CA}",
        "picture2023": null,
        "parcelnumber": "00-00-31-1760-0031-0020",
        "picture2022": null,
        "dbh": "10\"",
        "picture2021": null,
        "long": -81.4660416,
        "picture2020": null,
        "dateofplanting": 1682654400000,
        "picture2019": null,
        "last_edited_user": "kmulcahy",
        "commonname": "Cabbage Palm",
        "picture2018": null,
        "spieces": "Sabal palmetto",
        "last_edited_date": 1764107217000,
        "created_date": 1764107217000,
        "objectid": 339,
        "propertyowner": "COFB",
        "lat": 30.6686478,
        "height": "010 ft",
        "longitude": -81.46604338
      }
    },
    {
      "geometry": {
        "type": "Point",
        "coordinates": [
          -81.45397441889749,
          30.66230220205417
        ],
        "crs": null
      },
      "id": 331,
      "type": "Feature",
      "properties": {
        "fulladdress": "S 13th St",
        "created_user": "kmulcahy",
        "latitude": 30.6623022,
        "globalid": "{8A9285B2-BE9B-4C01-B9AD-9EDDF4E4DCAE}",
        "picture2023": null,
        "parcelnumber": "00-00-31-1501-0TRD-0000",
        "picture2022": null,
        "dbh": "2 inches",
        "picture2021": null,
        "long": -81.4539719,
        "picture2020": null,
        "dateofplanting": 1679976000000,
        "picture2019": null,
        "last_edited_user": "kmulcahy",
        "commonname": "Hickory",
        "picture2018": null,
        "spieces": "Cary juglandeae",
        "last_edited_date": 1764107217000,
        "created_date": 1764107217000,
        "objectid": 331,
        "propertyowner": "Hickory Ridge HOA",
        "lat": 30.662302,
        "height": "8 ft",
        "longitude": -81.45397442
      }
    },
    {
      "geometry": {
        "type": "Point",
        "coordinates": [
          -81.45401062908829,
          30.662257211192923
        ],
        "crs": null
      },
      "id": 332,
      "type": "Feature",
      "properties": {
        "fulladdress": "S 13th St",
        "created_user": "kmulcahy",
        "latitude": 30.66225721,
        "globalid": "{BD947CB9-8F9F-4F2F-9662-EA0104D8EBE3}",
        "picture2023": null,
        "parcelnumber": "00-00-31-1501-0TRD-0000",
        "picture2022": null,
        "dbh": "2 inches",
        "picture2021": null,
        "long": -81.45401,
        "picture2020": null,
        "dateofplanting": 1679976000000,
        "picture2019": null,
        "last_edited_user": "kmulcahy",
        "commonname": "Live Oak",
        "picture2018": null,
        "spieces": "Quercus virginiana",
        "last_edited_date": 1764107217000,
        "created_date": 1764107217000,
        "objectid": 332,
        "propertyowner": "Hickory Ridge HOA",
        "lat": 30.6622581,
        "height": "8 ft",
        "longitude": -81.45401063
      }
    },
    {
      "geometry": {
        "type": "Point",
        "coordinates": [
          -81.46590055591572,
          30.669349876488667
        ],
        "crs": null
      },
      "id": 341,
      "type": "Feature",
      "properties": {
        "fulladdress": null,
        "created_user": "kmulcahy",
        "latitude": 30.66934988,
        "globalid": "{2A89EEFA-F298-4BD8-880A-8798263146C4}",
        "picture2023": null,
        "parcelnumber": null,
        "picture2022": null,
        "dbh": null,
        "picture2021": null,
        "long": -81.4659042,
        "picture2020": null,
        "dateofplanting": null,
        "picture2019": null,
        "last_edited_user": "kmulcahy",
        "commonname": null,
        "picture2018": null,
        "spieces": null,
        "last_edited_date": 1764107217000,
        "created_date": 1764107217000,
        "objectid": 341,
        "propertyowner": null,
        "lat": 30.6693497,
        "height": null,
        "longitude": -81.46590056
      }
    },
    {
      "geometry": {
        "type": "Point",
        "coordinates": [
          -81.45807778926635,
          30.62284189181765
        ],
        "crs": null
      },
      "id": 51,
      "type": "Feature",
      "properties": {
        "fulladdress": null,
        "created_user": "kmulcahy",
        "latitude": 30.62284189,
        "globalid": "{40B1DF8D-EC47-4262-AFEF-1932F5205451}",
        "picture2023": null,
        "parcelnumber": null,
        "picture2022": null,
        "dbh": "2.5",
        "picture2021": null,
        "long": -81.4580765,
        "picture2020": null,
        "dateofplanting": 1577854800000,
        "picture2019": null,
        "last_edited_user": "kmulcahy",
        "commonname": "Live Oak",
        "picture2018": null,
        "spieces": null,
        "last_edited_date": 1764107217000,
        "created_date": 1764107217000,
        "objectid": 51,
        "propertyowner": null,
        "lat": 30.6228428,
        "height": "8",
        "longitude": -81.45807779
      }
    },
    {
      "geometry": {
        "type": "Point",
        "coordinates": [
          -81.4506907872765,
          30.659537180933704
        ],
        "crs": null
      },
      "id": 189,
      "type": "Feature",
      "properties": {
        "fulladdress": "Hickory St ROW near soccer field",
        "created_user": "kmulcahy",
        "latitude": 30.65953718,
        "globalid": "{015C3634-ED76-4C45-B497-1D832CCCDA65}",
        "picture2023": null,
        "parcelnumber": "00-00-31-1600-0153-0000",
        "picture2022": null,
        "dbh": "1.5\"",
        "picture2021": null,
        "long": -81.4506912,
        "picture2020": null,
        "dateofplanting": 1639976400000,
        "picture2019": null,
        "last_edited_user": "kmulcahy",
        "commonname": "Live Oak",
        "picture2018": null,
        "spieces": "Quercus Virginiana",
        "last_edited_date": 1764107217000,
        "created_date": 1764107217000,
        "objectid": 189,
        "propertyowner": "COFB",
        "lat": 30.6595364,
        "height": "9 ft",
        "longitude": -81.45069079
      }
    },
    {
      "geometry": {
        "type": "Point",
        "coordinates": [
          -81.44619808796182,
          30.61082305964171
        ],
        "crs": null
      },
      "id": 228,
      "type": "Feature",
      "properties": {
        "fulladdress": "Top Tracer",
        "created_user": "kmulcahy",
        "latitude": 30.61082306,
        "globalid": "{F42E09BD-A88E-4358-BDBE-A4AF66AFE7A3}",
        "picture2023": null,
        "parcelnumber": "08-2N-28-0000-0001-0000",
        "picture2022": null,
        "dbh": "20\"",
        "picture2021": null,
        "long": -81.4461975,
        "picture2020": null,
        "dateofplanting": 1650254400000,
        "picture2019": null,
        "last_edited_user": "kmulcahy",
        "commonname": "Pindo Palm",
        "picture2018": null,
        "spieces": "Butia capitata",
        "last_edited_date": 1764107217000,
        "created_date": 1764107217000,
        "objectid": 228,
        "propertyowner": "COFB",
        "lat": 30.6108227,
        "height": "12 ft",
        "longitude": -81.44619809
      }
    },
    {
      "geometry": {
        "type": "Point",
        "coordinates": [
          -81.44613505587327,
          30.61098936082016
        ],
        "crs": null
      },
      "id": 235,
      "type": "Feature",
      "properties": {
        "fulladdress": "Top Tracer",
        "created_user": "kmulcahy",
        "latitude": 30.61098936,
        "globalid": "{B96F07BC-C99A-4413-A829-212710376FB6}",
        "picture2023": null,
        "parcelnumber": "08-2N-28-0000-0001-0000",
        "picture2022": null,
        "dbh": "14\"",
        "picture2021": null,
        "long": -81.4461365,
        "picture2020": null,
        "dateofplanting": 1650254400000,
        "picture2019": null,
        "last_edited_user": "kmulcahy",
        "commonname": "Sabal Palm",
        "picture2018": null,
        "spieces": "Sabal palmetto",
        "last_edited_date": 1764107217000,
        "created_date": 1764107217000,
        "objectid": 235,
        "propertyowner": "COFB",
        "lat": 30.6109886,
        "height": "20 ft",
        "longitude": -81.44613506
      }
    },
    {
      "geometry": {
        "type": "Point",
        "coordinates": [
          -81.44577295755865,
          30.611006579969946
        ],
        "crs": null
      },
      "id": 240,
      "type": "Feature",
      "properties": {
        "fulladdress": "Top Tracer",
        "created_user": "kmulcahy",
        "latitude": 30.61100658,
        "globalid": "{2CA3DD02-784E-42E8-8E24-A1BF969AEE33}",
        "picture2023": null,
        "parcelnumber": "08-2N-28-0000-0001-0000",
        "picture2022": null,
        "dbh": "18\"",
        "picture2021": null,
        "long": -81.4457703,
        "picture2020": null,
        "dateofplanting": 1650254400000,
        "picture2019": null,
        "last_edited_user": "kmulcahy",
        "commonname": "Cabbage Palm",
        "picture2018": null,
        "spieces": "Sabal palmetto",
        "last_edited_date": 1764107217000,
        "created_date": 1764107217000,
        "objectid": 240,
        "propertyowner": "COFB",
        "lat": 30.6110058,
        "height": "22 ft",
        "longitude": -81.44577296
      }
    },
    {
      "geometry": {
        "type": "Point",
        "coordinates": [
          -81.4515477531081,
          30.65960466911704
        ],
        "crs": null
      },
      "id": 253,
      "type": "Feature",
      "properties": {
        "fulladdress": "820 S 14th St",
        "created_user": "kmulcahy",
        "latitude": 30.65960467,
        "globalid": "{9E323E78-B59C-4115-868F-20F7CBE8B845}",
        "picture2023": null,
        "parcelnumber": "00-00-31-1800-0264-0010",
        "picture2022": null,
        "dbh": "2\"",
        "picture2021": null,
        "long": -81.4515457,
        "picture2020": null,
        "dateofplanting": 1655697600000,
        "picture2019": null,
        "last_edited_user": "kmulcahy",
        "commonname": "Red Maple",
        "picture2018": null,
        "spieces": "Acer rubrum",
        "last_edited_date": 1764107217000,
        "created_date": 1764107217000,
        "objectid": 253,
        "propertyowner": "COFB",
        "lat": 30.659605,
        "height": "8 ft",
        "longitude": -81.45154775
      }
    },
    {
      "geometry": {
        "type": "Point",
        "coordinates": [
          -81.45875552053752,
          30.657034586819695
        ],
        "crs": null
      },
      "id": 270,
      "type": "Feature",
      "properties": {
        "fulladdress": "1002 S 11th St",
        "created_user": "kmulcahy",
        "latitude": 30.65703459,
        "globalid": "{46CC9FAF-2789-45BB-93AC-9D33707B7F32}",
        "picture2023": null,
        "parcelnumber": "00-00-31-1800-0170-0170",
        "picture2022": null,
        "dbh": "2\"",
        "picture2021": null,
        "long": -81.4587555,
        "picture2020": null,
        "dateofplanting": 1667534400000,
        "picture2019": null,
        "last_edited_user": "kmulcahy",
        "commonname": "Shumard Oak",
        "picture2018": null,
        "spieces": "Quercus shumardii",
        "last_edited_date": 1764107217000,
        "created_date": 1764107217000,
        "objectid": 270,
        "propertyowner": "COFB",
        "lat": 30.6570339,
        "height": "10 ft",
        "longitude": -81.45875552
      }
    },
    {
      "geometry": {
        "type": "Point",
        "coordinates": [
          -81.45800047935472,
          30.657394530254166
        ],
        "crs": null
      },
      "id": 280,
      "type": "Feature",
      "properties": {
        "fulladdress": "1003 S 11th St",
        "created_user": "kmulcahy",
        "latitude": 30.65739453,
        "globalid": "{D7FD65E9-2EEF-4FCF-A08F-3897CFEAE45D}",
        "picture2023": null,
        "parcelnumber": "00-00-31-1800-0212-0012",
        "picture2022": null,
        "dbh": "1.5\"",
        "picture2021": null,
        "long": -81.4580002,
        "picture2020": null,
        "dateofplanting": 1667534400000,
        "picture2019": null,
        "last_edited_user": "kmulcahy",
        "commonname": "Pecan",
        "picture2018": null,
        "spieces": "Carya illinoinensis",
        "last_edited_date": 1764107217000,
        "created_date": 1764107217000,
        "objectid": 280,
        "propertyowner": "COFB",
        "lat": 30.6573944,
        "height": "5 ft",
        "longitude": -81.45800048
      }
    },
    {
      "geometry": {
        "type": "Point",
        "coordinates": [
          -81.44869053109124,
          30.659407646855914
        ],
        "crs": null
      },
      "id": 298,
      "type": "Feature",
      "properties": {
        "fulladdress": "435 Citrona",
        "created_user": "kmulcahy",
        "latitude": 30.65940765,
        "globalid": "{93FDE578-89DD-4EEC-809F-3AA9B886F1EB}",
        "picture2023": null,
        "parcelnumber": "00-00-31-1180-0017-0000",
        "picture2022": null,
        "dbh": "2\"",
        "picture2021": null,
        "long": -81.4486923,
        "picture2020": null,
        "dateofplanting": 1672894800000,
        "picture2019": null,
        "last_edited_user": "kmulcahy",
        "commonname": "East Palatka Holly",
        "picture2018": null,
        "spieces": "Ilex X attenuata",
        "last_edited_date": 1764107217000,
        "created_date": 1764107217000,
        "objectid": 298,
        "propertyowner": "COFB",
        "lat": 30.6594086,
        "height": "6 ft",
        "longitude": -81.44869053
      }
    },
    {
      "geometry": {
        "type": "Point",
        "coordinates": [
          -81.46183972616544,
          30.661458502466193
        ],
        "crs": null
      },
      "id": 306,
      "type": "Feature",
      "properties": {
        "fulladdress": "716 S 6th St",
        "created_user": "kmulcahy",
        "latitude": 30.6614585,
        "globalid": "{FC6FEFC0-03BA-4D15-84B1-C4A70B6BBBBF}",
        "picture2023": null,
        "parcelnumber": "00-00-31-1800-0152-0080",
        "picture2022": null,
        "dbh": "2\"",
        "picture2021": null,
        "long": -81.4618378,
        "picture2020": null,
        "dateofplanting": 1672894800000,
        "picture2019": null,
        "last_edited_user": "kmulcahy",
        "commonname": "Southern Magnolia",
        "picture2018": null,
        "spieces": "Magnolia grandiflora",
        "last_edited_date": 1764107217000,
        "created_date": 1764107217000,
        "objectid": 306,
        "propertyowner": "COFB",
        "lat": 30.661459,
        "height": "8 ft",
        "longitude": -81.46183973
      }
    },
    {
      "geometry": {
        "type": "Point",
        "coordinates": [
          -81.45210424864683,
          30.659658109592662
        ],
        "crs": null
      },
      "id": 321,
      "type": "Feature",
      "properties": {
        "fulladdress": "820 S 14th St",
        "created_user": "kmulcahy",
        "latitude": 30.65965811,
        "globalid": "{DB6DF991-C18F-4F17-8AEC-9D7B7B10096B}",
        "picture2023": null,
        "parcelnumber": "00-00-31-1800-0264-0090",
        "picture2022": null,
        "dbh": "2 inches",
        "picture2021": null,
        "long": -81.4521027,
        "picture2020": null,
        "dateofplanting": 1679976000000,
        "picture2019": null,
        "last_edited_user": "kmulcahy",
        "commonname": "Eastern Red Bud",
        "picture2018": null,
        "spieces": "Cercis canadensis",
        "last_edited_date": 1764107217000,
        "created_date": 1764107217000,
        "objectid": 321,
        "propertyowner": "COFB",
        "lat": 30.6596584,
        "height": "8 ft",
        "longitude": -81.45210425
      }
    },
    {
      "geometry": {
        "type": "Point",
        "coordinates": [
          -81.4540575678585,
          30.66178596342623
        ],
        "crs": null
      },
      "id": 333,
      "type": "Feature",
      "properties": {
        "fulladdress": "S 13th St",
        "created_user": "kmulcahy",
        "latitude": 30.66178596,
        "globalid": "{A534ECDA-CD5F-41EF-94E3-83E77DE13717}",
        "picture2023": null,
        "parcelnumber": "00-00-31-1501-0TRD-0000",
        "picture2022": null,
        "dbh": "2 inches",
        "picture2021": null,
        "long": -81.4540558,
        "picture2020": null,
        "dateofplanting": 1679976000000,
        "picture2019": null,
        "last_edited_user": "kmulcahy",
        "commonname": "Live Oak",
        "picture2018": null,
        "spieces": "Quercu virginiana",
        "last_edited_date": 1764107217000,
        "created_date": 1764107217000,
        "objectid": 333,
        "propertyowner": "Hickory Ridge HOA",
        "lat": 30.6617851,
        "height": "8 ft",
        "longitude": -81.45405757
      }
    },
    {
      "geometry": {
        "type": "Point",
        "coordinates": [
          -81.46590943127072,
          30.668968148203152
        ],
        "crs": null
      },
      "id": 348,
      "type": "Feature",
      "properties": {
        "fulladdress": "Front St waterfront park",
        "created_user": "kmulcahy",
        "latitude": 30.66896815,
        "globalid": "{2CED3A36-0F38-41F2-8A3B-3624CD852E17}",
        "picture2023": null,
        "parcelnumber": "00-00-31-1760-0031-0020",
        "picture2022": null,
        "dbh": "10\"",
        "picture2021": null,
        "long": -81.4659119,
        "picture2020": null,
        "dateofplanting": 1682654400000,
        "picture2019": null,
        "last_edited_user": "kmulcahy",
        "commonname": "Cabbage Palm",
        "picture2018": null,
        "spieces": "Sabal palmetto",
        "last_edited_date": 1764107217000,
        "created_date": 1764107217000,
        "objectid": 348,
        "propertyowner": "COFB",
        "lat": 30.6689682,
        "height": "10 ft",
        "longitude": -81.46590943
      }
    },
    {
      "geometry": {
        "type": "Point",
        "coordinates": [
          -81.465928878,
          30.66916280516142
        ],
        "crs": null
      },
      "id": 342,
      "type": "Feature",
      "properties": {
        "fulladdress": "Fronts St waterfront park",
        "created_user": "kmulcahy",
        "latitude": 30.66916281,
        "globalid": "{42B18FE9-42BF-4743-95C6-3E52D99E2D6B}",
        "picture2023": null,
        "parcelnumber": "00-00-31-1760-0031-0020",
        "picture2022": null,
        "dbh": "2\"",
        "picture2021": null,
        "long": -81.4659271,
        "picture2020": null,
        "dateofplanting": 1682654400000,
        "picture2019": null,
        "last_edited_user": "kmulcahy",
        "commonname": "Live Oak",
        "picture2018": null,
        "spieces": "Quercus virginiana",
        "last_edited_date": 1764107217000,
        "created_date": 1764107217000,
        "objectid": 342,
        "propertyowner": "COFB",
        "lat": 30.6691628,
        "height": "6 ft",
        "longitude": -81.46592888
      }
    },
    {
      "geometry": {
        "type": "Point",
        "coordinates": [
          -81.46589049837779,
          30.625442565036042
        ],
        "crs": null
      },
      "id": 355,
      "type": "Feature",
      "properties": {
        "fulladdress": "2890 Santa Maria Dr",
        "created_user": "kmulcahy",
        "latitude": null,
        "globalid": "{4CD75768-20E2-45F5-A8E6-1C34AA9B28E0}",
        "picture2023": null,
        "parcelnumber": "00-00-31-087I-000A-0000",
        "picture2022": null,
        "dbh": "2\"",
        "picture2021": null,
        "long": null,
        "picture2020": null,
        "dateofplanting": 1700456400000,
        "picture2019": null,
        "last_edited_user": "kmulcahy",
        "commonname": "River Birch",
        "picture2018": null,
        "spieces": "Betula nigra",
        "last_edited_date": 1764107217000,
        "created_date": 1764107217000,
        "objectid": 355,
        "propertyowner": "Isle De Mai HOA",
        "lat": null,
        "height": "8 ft",
        "longitude": null
      }
    },
    {
      "geometry": {
        "type": "Point",
        "coordinates": [
          -81.45222696031126,
          30.659669069379962
        ],
        "crs": null
      },
      "id": 322,
      "type": "Feature",
      "properties": {
        "fulladdress": "820 S 14th St",
        "created_user": "kmulcahy",
        "latitude": 30.65966907,
        "globalid": "{6A6C2C44-5099-4434-B82C-5789F6249E6D}",
        "picture2023": null,
        "parcelnumber": "00-00-31-1800-0264-0090",
        "picture2022": null,
        "dbh": "2 inches",
        "picture2021": null,
        "long": -81.4522247,
        "picture2020": null,
        "dateofplanting": 1679976000000,
        "picture2019": null,
        "last_edited_user": "kmulcahy",
        "commonname": "Eastern Red Bud",
        "picture2018": null,
        "spieces": "Cercis canadensis",
        "last_edited_date": 1764107217000,
        "created_date": 1764107217000,
        "objectid": 322,
        "propertyowner": "COFB",
        "lat": 30.6596699,
        "height": "8 ft",
        "longitude": -81.45222696
      }
    },
    {
      "geometry": {
        "type": "Point",
        "coordinates": [
          -81.4659293900397,
          30.669239138268235
        ],
        "crs": null
      },
      "id": 340,
      "type": "Feature",
      "properties": {
        "fulladdress": "Front St waterfront park",
        "created_user": "kmulcahy",
        "latitude": 30.66923914,
        "globalid": "{CB9A1876-875D-4A7A-B678-2FD4CAFB16CC}",
        "picture2023": null,
        "parcelnumber": "00-00-31-1760-0031-0020",
        "picture2022": null,
        "dbh": "2\"",
        "picture2021": null,
        "long": -81.4659271,
        "picture2020": null,
        "dateofplanting": 1682654400000,
        "picture2019": null,
        "last_edited_user": "kmulcahy",
        "commonname": "Live Oak",
        "picture2018": null,
        "spieces": "Quercus virginiana",
        "last_edited_date": 1764107217000,
        "created_date": 1764107217000,
        "objectid": 340,
        "propertyowner": "COFB",
        "lat": 30.669239,
        "height": "6 ft",
        "longitude": -81.46592939
      }
    },
    {
      "geometry": {
        "type": "Point",
        "coordinates": [
          -81.45234765974946,
          30.659681182868383
        ],
        "crs": null
      },
      "id": 323,
      "type": "Feature",
      "properties": {
        "fulladdress": "820 S 14th St",
        "created_user": "kmulcahy",
        "latitude": 30.65968118,
        "globalid": "{F5DF416E-B595-4C97-BB38-C1C4D35420C6}",
        "picture2023": null,
        "parcelnumber": "00-00-31-1800-0264-0090",
        "picture2022": null,
        "dbh": "2 inches",
        "picture2021": null,
        "long": -81.4523468,
        "picture2020": null,
        "dateofplanting": 1679976000000,
        "picture2019": null,
        "last_edited_user": "kmulcahy",
        "commonname": "Eastern Red Bud",
        "picture2018": null,
        "spieces": "Cercis canadensis",
        "last_edited_date": 1764107217000,
        "created_date": 1764107217000,
        "objectid": 323,
        "propertyowner": "COFB",
        "lat": 30.6596813,
        "height": "8 ft",
        "longitude": -81.45234766
      }
    },
    {
      "geometry": {
        "type": "Point",
        "coordinates": [
          -81.46239640855374,
          30.675563763926807
        ],
        "crs": null
      },
      "id": 349,
      "type": "Feature",
      "properties": {
        "fulladdress": "N 3rd St ROW",
        "created_user": "kmulcahy",
        "latitude": 30.67556376,
        "globalid": "{D3B3FC03-AD9F-4032-8937-852BD3F04F6A}",
        "picture2023": null,
        "parcelnumber": "00-00-31-1800-0007-0010",
        "picture2022": null,
        "dbh": "0",
        "picture2021": null,
        "long": -81.4623947,
        "picture2020": null,
        "dateofplanting": 1682654400000,
        "picture2019": null,
        "last_edited_user": "kmulcahy",
        "commonname": "Wax Myrtle",
        "picture2018": null,
        "spieces": "Myrica cerifera",
        "last_edited_date": 1764107217000,
        "created_date": 1764107217000,
        "objectid": 349,
        "propertyowner": "COFB",
        "lat": 30.6755638,
        "height": "1 ft",
        "longitude": -81.46239641
      }
    },
    {
      "geometry": {
        "type": "Point",
        "coordinates": [
          -81.45609027209015,
          30.6700106152473
        ],
        "crs": null
      },
      "id": 82,
      "type": "Feature",
      "properties": {
        "fulladdress": "S 11th and Alantic",
        "created_user": "kmulcahy",
        "latitude": 30.67001062,
        "globalid": "{3EC1E1F9-B095-4E6B-8EC0-40E4C6FE4771}",
        "picture2023": null,
        "parcelnumber": "00-00-31-1800-0217-0000-CP",
        "picture2022": null,
        "dbh": ">1\"",
        "picture2021": null,
        "long": -81.4560928,
        "picture2020": null,
        "dateofplanting": 1637298000000,
        "picture2019": null,
        "last_edited_user": "kmulcahy",
        "commonname": "Winged Elm",
        "picture2018": null,
        "spieces": "Ulmus Alata",
        "last_edited_date": 1764107217000,
        "created_date": 1764107217000,
        "objectid": 82,
        "propertyowner": "City of Fernandina Beach",
        "lat": 30.6700115,
        "height": "3 ft",
        "longitude": -81.45609027
      }
    },
    {
      "geometry": {
        "type": "Point",
        "coordinates": [
          -81.4400926773535,
          30.66943052168005
        ],
        "crs": null
      },
      "id": 202,
      "type": "Feature",
      "properties": {
        "fulladdress": "2201 Atlantic Ave",
        "created_user": "kmulcahy",
        "latitude": 30.66943052,
        "globalid": "{55D61F11-3103-4D4B-9460-82FB9954D119}",
        "picture2023": null,
        "parcelnumber": "00-00-31-1600-0135-0000",
        "picture2022": null,
        "dbh": "2\"",
        "picture2021": null,
        "long": -81.440094,
        "picture2020": null,
        "dateofplanting": 1642741200000,
        "picture2019": null,
        "last_edited_user": "kmulcahy",
        "commonname": "Bald Cyprus",
        "picture2018": null,
        "spieces": "Taxodium distichum",
        "last_edited_date": 1764107217000,
        "created_date": 1764107217000,
        "objectid": 202,
        "propertyowner": "COFB",
        "lat": 30.6694298,
        "height": "7 ft",
        "longitude": -81.44009268
      }
    },
    {
      "geometry": {
        "type": "Point",
        "coordinates": [
          -81.44841359216724,
          30.659380287107403
        ],
        "crs": null
      },
      "id": 190,
      "type": "Feature",
      "properties": {
        "fulladdress": "FBHS ROW near baseball field",
        "created_user": "kmulcahy",
        "latitude": 30.65938029,
        "globalid": "{70E99C16-3091-4137-A814-0F01C3BDEAA0}",
        "picture2023": null,
        "parcelnumber": "00-00-31-1180-0017-0000",
        "picture2022": null,
        "dbh": "2\"",
        "picture2021": null,
        "long": -81.44841,
        "picture2020": null,
        "dateofplanting": 1639976400000,
        "picture2019": null,
        "last_edited_user": "kmulcahy",
        "commonname": "Red Maple",
        "picture2018": null,
        "spieces": "Acer Rubrum",
        "last_edited_date": 1764107217000,
        "created_date": 1764107217000,
        "objectid": 190,
        "propertyowner": "COFB",
        "lat": 30.65938,
        "height": "10 ft",
        "longitude": -81.44841359
      }
    },
    {
      "geometry": {
        "type": "Point",
        "coordinates": [
          -81.45093553956387,
          30.684254110347375
        ],
        "crs": null
      },
      "id": 210,
      "type": "Feature",
      "properties": {
        "fulladdress": "Bosque Bello",
        "created_user": "kmulcahy",
        "latitude": 30.68425411,
        "globalid": "{C56C0A28-A87F-4828-B77E-1D42EED87F3F}",
        "picture2023": null,
        "parcelnumber": "00-00-31-1800-0225-0400",
        "picture2022": null,
        "dbh": "2.5\"",
        "picture2021": null,
        "long": -81.4509354,
        "picture2020": null,
        "dateofplanting": 1646715600000,
        "picture2019": null,
        "last_edited_user": "kmulcahy",
        "commonname": "Live Oak",
        "picture2018": null,
        "spieces": "quercus virginiana",
        "last_edited_date": 1764107217000,
        "created_date": 1764107217000,
        "objectid": 210,
        "propertyowner": "COFB",
        "lat": 30.6842537,
        "height": "8 ft",
        "longitude": -81.45093554
      }
    },
    {
      "geometry": {
        "type": "Point",
        "coordinates": [
          -81.44767062074857,
          30.654811776650963
        ],
        "crs": null
      },
      "id": 223,
      "type": "Feature",
      "properties": {
        "fulladdress": "S 19th St between Jasmine and Lime",
        "created_user": "kmulcahy",
        "latitude": 30.65481178,
        "globalid": "{A3B70A34-D21A-400A-B025-C0FB4E0C0858}",
        "picture2023": null,
        "parcelnumber": "S 19th St",
        "picture2022": null,
        "dbh": "1\"",
        "picture2021": null,
        "long": -81.44767,
        "picture2020": null,
        "dateofplanting": 1649390400000,
        "picture2019": null,
        "last_edited_user": "kmulcahy",
        "commonname": "Red Maple",
        "picture2018": null,
        "spieces": "Acer Rubrum",
        "last_edited_date": 1764107217000,
        "created_date": 1764107217000,
        "objectid": 223,
        "propertyowner": "COFB",
        "lat": 30.6548119,
        "height": "6 ft",
        "longitude": -81.44767062
      }
    },
    {
      "geometry": {
        "type": "Point",
        "coordinates": [
          -81.45626863887802,
          30.670120199005822
        ],
        "crs": null
      },
      "id": 81,
      "type": "Feature",
      "properties": {
        "fulladdress": "s 11th and Alantic",
        "created_user": "kmulcahy",
        "latitude": 30.6701202,
        "globalid": "{06F2132C-B490-4A40-9BC5-886F0F3797C4}",
        "picture2023": null,
        "parcelnumber": "00-00-31-1800-0217-0000-CP",
        "picture2022": null,
        "dbh": ">1\"",
        "picture2021": null,
        "long": -81.4562683,
        "picture2020": null,
        "dateofplanting": 1637298000000,
        "picture2019": null,
        "last_edited_user": "kmulcahy",
        "commonname": "Winged Elm",
        "picture2018": null,
        "spieces": "Ulmus Alata",
        "last_edited_date": 1764107217000,
        "created_date": 1764107217000,
        "objectid": 81,
        "propertyowner": "City of Fernandina Beach",
        "lat": 30.6701202,
        "height": "3 ft",
        "longitude": -81.45626864
      }
    },
    {
      "geometry": {
        "type": "Point",
        "coordinates": [
          -81.44598418112635,
          30.610890581042444
        ],
        "crs": null
      },
      "id": 241,
      "type": "Feature",
      "properties": {
        "fulladdress": "Top Tracer",
        "created_user": "kmulcahy",
        "latitude": 30.61089058,
        "globalid": "{2F483683-FF15-4881-83B6-CE488CB0568F}",
        "picture2023": null,
        "parcelnumber": "08-2N-28-0000-0001-0000",
        "picture2022": null,
        "dbh": "20\"",
        "picture2021": null,
        "long": -81.4459839,
        "picture2020": null,
        "dateofplanting": 1650254400000,
        "picture2019": null,
        "last_edited_user": "kmulcahy",
        "commonname": "Cabbage Palm",
        "picture2018": null,
        "spieces": "Sabal palmetto",
        "last_edited_date": 1764107217000,
        "created_date": 1764107217000,
        "objectid": 241,
        "propertyowner": "COFB",
        "lat": 30.6108913,
        "height": "20 ft",
        "longitude": -81.44598418
      }
    },
    {
      "geometry": {
        "type": "Point",
        "coordinates": [
          -81.45167448742839,
          30.65961793554384
        ],
        "crs": null
      },
      "id": 254,
      "type": "Feature",
      "properties": {
        "fulladdress": "820 S 14th St",
        "created_user": "kmulcahy",
        "latitude": 30.65961794,
        "globalid": "{001F8077-8858-44D9-99CE-6CE265A80606}",
        "picture2023": null,
        "parcelnumber": "00-00-31-1800-0264-0010",
        "picture2022": null,
        "dbh": "1.5\"",
        "picture2021": null,
        "long": -81.4516754,
        "picture2020": null,
        "dateofplanting": 1655697600000,
        "picture2019": null,
        "last_edited_user": "kmulcahy",
        "commonname": "East Palatka Holly",
        "picture2018": null,
        "spieces": "Ilex x attenuata",
        "last_edited_date": 1764107217000,
        "created_date": 1764107217000,
        "objectid": 254,
        "propertyowner": "COFB",
        "lat": 30.6596184,
        "height": "6 ft",
        "longitude": -81.45167449
      }
    },
    {
      "geometry": {
        "type": "Point",
        "coordinates": [
          -81.45869651200314,
          30.657372610162398
        ],
        "crs": null
      },
      "id": 271,
      "type": "Feature",
      "properties": {
        "fulladdress": "1002 S 11th St",
        "created_user": "kmulcahy",
        "latitude": 30.65737261,
        "globalid": "{68A0F858-3BD0-4EA6-96D6-CFFBB88C1CE1}",
        "picture2023": null,
        "parcelnumber": "00-00-31-1800-0170-0170",
        "picture2022": null,
        "dbh": "2\"",
        "picture2021": null,
        "long": -81.4586945,
        "picture2020": null,
        "dateofplanting": 1667534400000,
        "picture2019": null,
        "last_edited_user": "kmulcahy",
        "commonname": "Shumard Oak",
        "picture2018": null,
        "spieces": "Quesrcus shumardii",
        "last_edited_date": 1764107217000,
        "created_date": 1764107217000,
        "objectid": 271,
        "propertyowner": "COFB",
        "lat": 30.6573734,
        "height": "10 ft",
        "longitude": -81.45869651
      }
    },
    {
      "geometry": {
        "type": "Point",
        "coordinates": [
          -81.44965478541216,
          30.659521856683284
        ],
        "crs": null
      },
      "id": 299,
      "type": "Feature",
      "properties": {
        "fulladdress": "435 Citrona",
        "created_user": "kmulcahy",
        "latitude": 30.65952186,
        "globalid": "{F3676217-5838-4A5D-8710-A40E0EA57451}",
        "picture2023": null,
        "parcelnumber": "00-00-31-1180-0017-0000",
        "picture2022": null,
        "dbh": "2\"",
        "picture2021": null,
        "long": -81.4496536,
        "picture2020": null,
        "dateofplanting": 1672894800000,
        "picture2019": null,
        "last_edited_user": "kmulcahy",
        "commonname": "East Palatka Holly",
        "picture2018": null,
        "spieces": "Ilex X attenuata",
        "last_edited_date": 1764107217000,
        "created_date": 1764107217000,
        "objectid": 299,
        "propertyowner": "COFB",
        "lat": 30.6595211,
        "height": "6 ft",
        "longitude": -81.44965479
      }
    },
    {
      "geometry": {
        "type": "Point",
        "coordinates": [
          -81.4618531371143,
          30.661384670713225
        ],
        "crs": null
      },
      "id": 307,
      "type": "Feature",
      "properties": {
        "fulladdress": "720 S 6th St",
        "created_user": "kmulcahy",
        "latitude": 30.66138467,
        "globalid": "{BC372F4F-3139-4509-83D2-2A890B67633F}",
        "picture2023": null,
        "parcelnumber": "00-00-31-1800-0152-0100",
        "picture2022": null,
        "dbh": "2\"",
        "picture2021": null,
        "long": -81.461853,
        "picture2020": null,
        "dateofplanting": 1672894800000,
        "picture2019": null,
        "last_edited_user": "kmulcahy",
        "commonname": "Southern Magnolia",
        "picture2018": null,
        "spieces": "Magnolia grandiflora",
        "last_edited_date": 1764107217000,
        "created_date": 1764107217000,
        "objectid": 307,
        "propertyowner": "COFB",
        "lat": 30.6613846,
        "height": "8 ft",
        "longitude": -81.46185314
      }
    },
    {
      "geometry": {
        "type": "Point",
        "coordinates": [
          -81.45261789185156,
          30.659712907744144
        ],
        "crs": null
      },
      "id": 325,
      "type": "Feature",
      "properties": {
        "fulladdress": "820 S 14th St",
        "created_user": "kmulcahy",
        "latitude": 30.65971291,
        "globalid": "{D1AB5C7E-03CF-48F8-8470-DA45A141818A}",
        "picture2023": null,
        "parcelnumber": "00-00-31-1800-0264-0090",
        "picture2022": null,
        "dbh": "2 inches",
        "picture2021": null,
        "long": -81.4526215,
        "picture2020": null,
        "dateofplanting": 1679976000000,
        "picture2019": null,
        "last_edited_user": "kmulcahy",
        "commonname": "Eastern Red Bud",
        "picture2018": null,
        "spieces": "Cercis canadensis",
        "last_edited_date": 1764107217000,
        "created_date": 1764107217000,
        "objectid": 325,
        "propertyowner": "COFB",
        "lat": 30.6597137,
        "height": "8 ft",
        "longitude": -81.45261789
      }
    },
    {
      "geometry": {
        "type": "Point",
        "coordinates": [
          -81.46544608024718,
          30.669837035067374
        ],
        "crs": null
      },
      "id": 343,
      "type": "Feature",
      "properties": {
        "fulladdress": "Front St waterfront park",
        "created_user": "kmulcahy",
        "latitude": 30.66983704,
        "globalid": "{4AF848E8-61B9-46AC-BDDC-E94A6882A4D8}",
        "picture2023": null,
        "parcelnumber": "00-00-31-1760-0031-0020",
        "picture2022": null,
        "dbh": "2\"",
        "picture2021": null,
        "long": -81.4654465,
        "picture2020": null,
        "dateofplanting": 1682654400000,
        "picture2019": null,
        "last_edited_user": "kmulcahy",
        "commonname": "Live Oak",
        "picture2018": null,
        "spieces": "Quercus virginiana",
        "last_edited_date": 1764107217000,
        "created_date": 1764107217000,
        "objectid": 343,
        "propertyowner": "COFB",
        "lat": 30.669838,
        "height": "6 ft",
        "longitude": -81.46544608
      }
    },
    {
      "geometry": {
        "type": "Point",
        "coordinates": [
          -81.45274261484391,
          30.659726174156027
        ],
        "crs": null
      },
      "id": 326,
      "type": "Feature",
      "properties": {
        "fulladdress": "820 S 14th St",
        "created_user": "kmulcahy",
        "latitude": 30.65972617,
        "globalid": "{1DEF2DC5-6806-45A8-89D4-3316C79AD130}",
        "picture2023": null,
        "parcelnumber": "00-00-31-1800-0264-0090",
        "picture2022": null,
        "dbh": "2 inches",
        "picture2021": null,
        "long": -81.4527435,
        "picture2020": null,
        "dateofplanting": 1679976000000,
        "picture2019": null,
        "last_edited_user": "kmulcahy",
        "commonname": "Eastern Red Bud",
        "picture2018": null,
        "spieces": "Cercis canadensis",
        "last_edited_date": 1764107217000,
        "created_date": 1764107217000,
        "objectid": 326,
        "propertyowner": "COFB",
        "lat": 30.6597271,
        "height": "8 ft",
        "longitude": -81.45274261
      }
    },
    {
      "geometry": {
        "type": "Point",
        "coordinates": [
          -81.45260486897489,
          30.64572412164337
        ],
        "crs": null
      },
      "id": 11,
      "type": "Feature",
      "properties": {
        "fulladdress": "Park Avenue right of way",
        "created_user": "kmulcahy",
        "latitude": 30.64572412,
        "globalid": "{04D9552C-7F2C-467E-92BA-7F68072FE70F}",
        "picture2023": null,
        "parcelnumber": null,
        "picture2022": null,
        "dbh": "2.5 Inches",
        "picture2021": "https://ncflpataxcards.s3.us-east-1.amazonaws.com/CityOfFernandinaBeach/TreeCommittee/11-2021.jpg",
        "long": -81.4526062,
        "picture2020": null,
        "dateofplanting": 1619064000000,
        "picture2019": null,
        "last_edited_user": "kmulcahy",
        "commonname": "Live Oak",
        "picture2018": null,
        "spieces": "Quercus Virginiana",
        "last_edited_date": 1764107217000,
        "created_date": 1764107217000,
        "objectid": 11,
        "propertyowner": null,
        "lat": 30.6457233,
        "height": "12 Feet",
        "longitude": -81.45260487
      }
    },
    {
      "geometry": {
        "type": "Point",
        "coordinates": [
          -81.45603394592518,
          30.67004752822191
        ],
        "crs": null
      },
      "id": 83,
      "type": "Feature",
      "properties": {
        "fulladdress": "S 11th and Alantic",
        "created_user": "kmulcahy",
        "latitude": 30.67004753,
        "globalid": "{7A0960E4-1623-461F-9889-DCD872614646}",
        "picture2023": null,
        "parcelnumber": "00-00-31-1800-0217-0000-CP",
        "picture2022": null,
        "dbh": ">1\"",
        "picture2021": null,
        "long": -81.4560318,
        "picture2020": null,
        "dateofplanting": 1637298000000,
        "picture2019": null,
        "last_edited_user": "kmulcahy",
        "commonname": "Winged Elm",
        "picture2018": null,
        "spieces": "Ulmus Alata",
        "last_edited_date": 1764107217000,
        "created_date": 1764107217000,
        "objectid": 83,
        "propertyowner": "City of Fernandina Beach",
        "lat": 30.6700478,
        "height": "3 ft",
        "longitude": -81.45603395
      }
    },
    {
      "geometry": {
        "type": "Point",
        "coordinates": [
          -81.4541494331727,
          30.661712132696103
        ],
        "crs": null
      },
      "id": 329,
      "type": "Feature",
      "properties": {
        "fulladdress": "S 13th St",
        "created_user": "kmulcahy",
        "latitude": 30.66171213,
        "globalid": "{E5957620-4A93-479A-8539-3567DBA8BE8E}",
        "picture2023": null,
        "parcelnumber": "00-00-31-1501-0TRD-0000",
        "picture2022": null,
        "dbh": "2 inches",
        "picture2021": null,
        "long": -81.4541473,
        "picture2020": null,
        "dateofplanting": 1679976000000,
        "picture2019": null,
        "last_edited_user": "kmulcahy",
        "commonname": "Hickory",
        "picture2018": null,
        "spieces": "Carya juglandeae",
        "last_edited_date": 1764107217000,
        "created_date": 1764107217000,
        "objectid": 329,
        "propertyowner": "Hickory Ridge HOA",
        "lat": 30.6617126,
        "height": "8 ft",
        "longitude": -81.45414943
      }
    },
    {
      "geometry": {
        "type": "Point",
        "coordinates": [
          -81.46244736997981,
          30.67525579409947
        ],
        "crs": null
      },
      "id": 350,
      "type": "Feature",
      "properties": {
        "fulladdress": "N 3rd St ROW",
        "created_user": "kmulcahy",
        "latitude": 30.67525579,
        "globalid": "{41E1784F-FCED-4455-B19B-BF972656FFB1}",
        "picture2023": null,
        "parcelnumber": "00-00-31-1800-0007-0010",
        "picture2022": null,
        "dbh": "0",
        "picture2021": null,
        "long": -81.4624481,
        "picture2020": null,
        "dateofplanting": 1682654400000,
        "picture2019": null,
        "last_edited_user": "kmulcahy",
        "commonname": "Wax Myrtle",
        "picture2018": null,
        "spieces": "Myrica cerifera",
        "last_edited_date": 1764107217000,
        "created_date": 1764107217000,
        "objectid": 350,
        "propertyowner": "COFB",
        "lat": 30.6752567,
        "height": "1 ft",
        "longitude": -81.46244737
      }
    },
    {
      "geometry": {
        "type": "Point",
        "coordinates": [
          -81.45407500236153,
          30.66170405694943
        ],
        "crs": null
      },
      "id": 335,
      "type": "Feature",
      "properties": {
        "fulladdress": "S 13th St",
        "created_user": "kmulcahy",
        "latitude": 30.66170406,
        "globalid": "{5279AF73-984C-4988-998E-54BF5DCBEDF3}",
        "picture2023": null,
        "parcelnumber": "00-00-31-1501-0TRD-0000",
        "picture2022": null,
        "dbh": "2 inches",
        "picture2021": null,
        "long": -81.4540787,
        "picture2020": null,
        "dateofplanting": 1679976000000,
        "picture2019": null,
        "last_edited_user": "kmulcahy",
        "commonname": "Red Maple",
        "picture2018": null,
        "spieces": "Acer rebrum",
        "last_edited_date": 1764107217000,
        "created_date": 1764107217000,
        "objectid": 335,
        "propertyowner": "Hickory Ridge HOA",
        "lat": 30.6617031,
        "height": "8 ft",
        "longitude": -81.454075
      }
    },
    {
      "geometry": {
        "type": "Point",
        "coordinates": [
          -81.4537729707967,
          30.645859115703452
        ],
        "crs": null
      },
      "id": 8,
      "type": "Feature",
      "properties": {
        "fulladdress": "Park Avenue right of way",
        "created_user": "kmulcahy",
        "latitude": 30.64585912,
        "globalid": "{CF4FC50A-7E34-49BB-A060-7F12D4710195}",
        "picture2023": null,
        "parcelnumber": null,
        "picture2022": null,
        "dbh": "2.5 Inches",
        "picture2021": "https://ncflpataxcards.s3.us-east-1.amazonaws.com/CityOfFernandinaBeach/TreeCommittee/8-2021.jpg",
        "long": -81.4537735,
        "picture2020": null,
        "dateofplanting": 1619064000000,
        "picture2019": null,
        "last_edited_user": "kmulcahy",
        "commonname": "Live Oak",
        "picture2018": null,
        "spieces": "Quercus Virginiana",
        "last_edited_date": 1764107217000,
        "created_date": 1764107217000,
        "objectid": 8,
        "propertyowner": null,
        "lat": 30.6458588,
        "height": "12 Feet",
        "longitude": -81.45377297
      }
    },
    {
      "geometry": {
        "type": "Point",
        "coordinates": [
          -81.45412395245968,
          30.661775581103978
        ],
        "crs": null
      },
      "id": 334,
      "type": "Feature",
      "properties": {
        "fulladdress": "S 13th St",
        "created_user": "kmulcahy",
        "latitude": 30.66177558,
        "globalid": "{FCBC3572-1C53-4996-B3C6-2204F3B8D31C}",
        "picture2023": null,
        "parcelnumber": "00-00-31-1501-0TRD-0000",
        "picture2022": null,
        "dbh": "2 inches",
        "picture2021": null,
        "long": -81.4541245,
        "picture2020": null,
        "dateofplanting": 1679976000000,
        "picture2019": null,
        "last_edited_user": "kmulcahy",
        "commonname": "Red Maple",
        "picture2018": null,
        "spieces": "Acer rebrum",
        "last_edited_date": 1764107217000,
        "created_date": 1764107217000,
        "objectid": 334,
        "propertyowner": "Hickory Ridge HOA",
        "lat": 30.6617756,
        "height": "8 ft",
        "longitude": -81.45412395
      }
    },
    {
      "geometry": {
        "type": "Point",
        "coordinates": [
          -81.46087948282225,
          30.669731814202272
        ],
        "crs": null
      },
      "id": 128,
      "type": "Feature",
      "properties": {
        "fulladdress": "Ash St ROW",
        "created_user": "kmulcahy",
        "latitude": 30.66973181,
        "globalid": "{2C78AE6E-86EE-4836-8B53-189EBCA12425}",
        "picture2023": null,
        "parcelnumber": "00-00-31-1800-0029-0070",
        "picture2022": null,
        "dbh": "2\"",
        "picture2021": null,
        "long": -81.4608765,
        "picture2020": null,
        "dateofplanting": 1631505600000,
        "picture2019": null,
        "last_edited_user": "kmulcahy",
        "commonname": "Crepe Myrtle Pink",
        "picture2018": null,
        "spieces": "Lagerstromoemia indica",
        "last_edited_date": 1764107217000,
        "created_date": 1764107217000,
        "objectid": 128,
        "propertyowner": "City of Fernandina Beach",
        "lat": 30.6697311,
        "height": "8 ft",
        "longitude": -81.46087948
      }
    },
    {
      "geometry": {
        "type": "Point",
        "coordinates": [
          -81.46582695335123,
          30.669433304812248
        ],
        "crs": null
      },
      "id": 345,
      "type": "Feature",
      "properties": {
        "fulladdress": "Front St waterfront park",
        "created_user": "kmulcahy",
        "latitude": 30.6694333,
        "globalid": "{45B86767-5DAC-4D17-8E59-745D147A8155}",
        "picture2023": null,
        "parcelnumber": "00-00-31-1760-0031-0020",
        "picture2022": null,
        "dbh": "10\"",
        "picture2021": null,
        "long": -81.4658279,
        "picture2020": null,
        "dateofplanting": 1682654400000,
        "picture2019": null,
        "last_edited_user": "kmulcahy",
        "commonname": "Cabbage Palm",
        "picture2018": null,
        "spieces": "Sabal palmetto",
        "last_edited_date": 1764107217000,
        "created_date": 1764107217000,
        "objectid": 345,
        "propertyowner": "COFB",
        "lat": 30.6694336,
        "height": "10 ft",
        "longitude": -81.46582695
      }
    },
    {
      "geometry": {
        "type": "Point",
        "coordinates": [
          -81.46548564295061,
          30.669765517652397
        ],
        "crs": null
      },
      "id": 344,
      "type": "Feature",
      "properties": {
        "fulladdress": "Front St waterfront park",
        "created_user": "kmulcahy",
        "latitude": 30.66976552,
        "globalid": "{A5475E79-A91F-43A1-B109-9D4665B4754A}",
        "picture2023": null,
        "parcelnumber": "00-00-31-1760-0031-0020",
        "picture2022": null,
        "dbh": "2\"",
        "picture2021": null,
        "long": -81.4654846,
        "picture2020": null,
        "dateofplanting": 1682654400000,
        "picture2019": null,
        "last_edited_user": "kmulcahy",
        "commonname": "Live Oak",
        "picture2018": null,
        "spieces": "Quercus virginiana",
        "last_edited_date": 1764107217000,
        "created_date": 1764107217000,
        "objectid": 344,
        "propertyowner": "COFB",
        "lat": 30.6697655,
        "height": "6 ft",
        "longitude": -81.46548564
      }
    },
    {
      "geometry": {
        "type": "Point",
        "coordinates": [
          -81.4308225576948,
          30.667760179770507
        ],
        "crs": null
      },
      "id": 211,
      "type": "Feature",
      "properties": {
        "fulladdress": "main beach parking lot",
        "created_user": "kmulcahy",
        "latitude": 30.66776018,
        "globalid": "{698E673F-22FF-49C4-98B5-B32236B0BAE5}",
        "picture2023": null,
        "parcelnumber": "12-3N-29-0000-0003-0000",
        "picture2022": null,
        "dbh": "10\"",
        "picture2021": null,
        "long": -81.4308243,
        "picture2020": null,
        "dateofplanting": 1647835200000,
        "picture2019": null,
        "last_edited_user": "kmulcahy",
        "commonname": "cabbage palm",
        "picture2018": null,
        "spieces": "sabal palmetto",
        "last_edited_date": 1764107217000,
        "created_date": 1764107217000,
        "objectid": 211,
        "propertyowner": "COFB",
        "lat": 30.6677608,
        "height": "12 ft",
        "longitude": -81.43082256
      }
    },
    {
      "geometry": {
        "type": "Point",
        "coordinates": [
          -81.44619540559238,
          30.61092463048944
        ],
        "crs": null
      },
      "id": 229,
      "type": "Feature",
      "properties": {
        "fulladdress": "Top Tracer",
        "created_user": "kmulcahy",
        "latitude": 30.61092463,
        "globalid": "{DCA05CEA-019A-4F7A-B718-D8E459006BD8}",
        "picture2023": null,
        "parcelnumber": "08-2N-28-0000-0001-0000",
        "picture2022": null,
        "dbh": "20\"",
        "picture2021": null,
        "long": -81.4461975,
        "picture2020": null,
        "dateofplanting": 1650254400000,
        "picture2019": null,
        "last_edited_user": "kmulcahy",
        "commonname": "Pindo Palm",
        "picture2018": null,
        "spieces": "Buti capitata",
        "last_edited_date": 1764107217000,
        "created_date": 1764107217000,
        "objectid": 229,
        "propertyowner": "COFB",
        "lat": 30.6109238,
        "height": "12 ft",
        "longitude": -81.44619541
      }
    },
    {
      "geometry": {
        "type": "Point",
        "coordinates": [
          -81.44011011185654,
          30.669393609242366
        ],
        "crs": null
      },
      "id": 203,
      "type": "Feature",
      "properties": {
        "fulladdress": "2201 Atlantic Ave",
        "created_user": "kmulcahy",
        "latitude": 30.66939361,
        "globalid": "{99733BE0-FDF1-4B3E-BFC3-53189BD9F903}",
        "picture2023": null,
        "parcelnumber": "00-00-31-1600-0135-0000",
        "picture2022": null,
        "dbh": "2\"",
        "picture2021": null,
        "long": -81.4401093,
        "picture2020": null,
        "dateofplanting": 1642741200000,
        "picture2019": null,
        "last_edited_user": "kmulcahy",
        "commonname": "Bald Cyprus",
        "picture2018": null,
        "spieces": "Taxodium distichum",
        "last_edited_date": 1764107217000,
        "created_date": 1764107217000,
        "objectid": 203,
        "propertyowner": "COFB",
        "lat": 30.6693935,
        "height": "7 ft",
        "longitude": -81.44011011
      }
    },
    {
      "geometry": {
        "type": "Point",
        "coordinates": [
          -81.45052180878167,
          30.659516415804863
        ],
        "crs": null
      },
      "id": 191,
      "type": "Feature",
      "properties": {
        "fulladdress": "Hickory St ROW near soccer field",
        "created_user": "kmulcahy",
        "latitude": 30.65951642,
        "globalid": "{A5F30E81-B742-487F-A6D9-EF0F58EE1216}",
        "picture2023": null,
        "parcelnumber": "00-00-31-1600-0153-0000",
        "picture2022": null,
        "dbh": "2\"",
        "picture2021": null,
        "long": -81.4505234,
        "picture2020": null,
        "dateofplanting": 1639976400000,
        "picture2019": null,
        "last_edited_user": "kmulcahy",
        "commonname": "Red Maple",
        "picture2018": null,
        "spieces": "Acer Rubrum",
        "last_edited_date": 1764107217000,
        "created_date": 1764107217000,
        "objectid": 191,
        "propertyowner": "COFB",
        "lat": 30.6595173,
        "height": "10 ft",
        "longitude": -81.45052181
      }
    },
    {
      "geometry": {
        "type": "Point",
        "coordinates": [
          -81.44598351098314,
          30.610905585963607
        ],
        "crs": null
      },
      "id": 242,
      "type": "Feature",
      "properties": {
        "fulladdress": "Top Tracer",
        "created_user": "kmulcahy",
        "latitude": 30.61090559,
        "globalid": "{2E2E660C-8D91-4DF8-B7CA-B4FE83B5DD73}",
        "picture2023": null,
        "parcelnumber": "08-2N-28-0000-0001-0000",
        "picture2022": null,
        "dbh": "15\"",
        "picture2021": null,
        "long": -81.4459839,
        "picture2020": null,
        "dateofplanting": 1650254400000,
        "picture2019": null,
        "last_edited_user": "kmulcahy",
        "commonname": "Cabbage Palm",
        "picture2018": null,
        "spieces": "Sabal palmetto",
        "last_edited_date": 1764107217000,
        "created_date": 1764107217000,
        "objectid": 242,
        "propertyowner": "COFB",
        "lat": 30.6109047,
        "height": "15 ft",
        "longitude": -81.44598351
      }
    },
    {
      "geometry": {
        "type": "Point",
        "coordinates": [
          -81.45190448758215,
          30.65964043159135
        ],
        "crs": null
      },
      "id": 255,
      "type": "Feature",
      "properties": {
        "fulladdress": "820 S 14th St",
        "created_user": "kmulcahy",
        "latitude": 30.65964043,
        "globalid": "{C985B8B1-4F97-4933-88E1-0EA9D455112C}",
        "picture2023": null,
        "parcelnumber": "00-00-31-1800-0264-0010",
        "picture2022": null,
        "dbh": "1.5\"",
        "picture2021": null,
        "long": -81.4519043,
        "picture2020": null,
        "dateofplanting": 1655697600000,
        "picture2019": null,
        "last_edited_user": "kmulcahy",
        "commonname": "East Palatka Holly",
        "picture2018": null,
        "spieces": "Ilex x attenuata",
        "last_edited_date": 1764107217000,
        "created_date": 1764107217000,
        "objectid": 255,
        "propertyowner": "COFB",
        "lat": 30.6596413,
        "height": "6 ft",
        "longitude": -81.45190449
      }
    },
    {
      "geometry": {
        "type": "Point",
        "coordinates": [
          -81.45851814521528,
          30.656815390271746
        ],
        "crs": null
      },
      "id": 272,
      "type": "Feature",
      "properties": {
        "fulladdress": "1002 S 11th St",
        "created_user": "kmulcahy",
        "latitude": 30.65681539,
        "globalid": "{6DAF39A8-F4B6-4A95-B249-7F364B59A325}",
        "picture2023": null,
        "parcelnumber": "00-00-31-1800-0170-0170",
        "picture2022": null,
        "dbh": "1.5\"",
        "picture2021": null,
        "long": -81.458519,
        "picture2020": null,
        "dateofplanting": 1667534400000,
        "picture2019": null,
        "last_edited_user": "kmulcahy",
        "commonname": "River Birch",
        "picture2018": null,
        "spieces": "Betula nigra",
        "last_edited_date": 1764107217000,
        "created_date": 1764107217000,
        "objectid": 272,
        "propertyowner": "COFB",
        "lat": 30.6568146,
        "height": "6 ft",
        "longitude": -81.45851815
      }
    },
    {
      "geometry": {
        "type": "Point",
        "coordinates": [
          -81.45847522999921,
          30.6571937926903
        ],
        "crs": null
      },
      "id": 273,
      "type": "Feature",
      "properties": {
        "fulladdress": "1002 S 11th St",
        "created_user": "kmulcahy",
        "latitude": 30.65719379,
        "globalid": "{124229B6-67FC-4926-B3B7-9B5ED75C460C}",
        "picture2023": null,
        "parcelnumber": "00-00-31-1800-0170-0170",
        "picture2022": null,
        "dbh": "1.5\"",
        "picture2021": null,
        "long": -81.4584732,
        "picture2020": null,
        "dateofplanting": 1667534400000,
        "picture2019": null,
        "last_edited_user": "kmulcahy",
        "commonname": "River Birch",
        "picture2018": null,
        "spieces": "Betula nigra",
        "last_edited_date": 1764107217000,
        "created_date": 1764107217000,
        "objectid": 273,
        "propertyowner": "COFB",
        "lat": 30.6571941,
        "height": "6 ft",
        "longitude": -81.45847523
      }
    },
    {
      "geometry": {
        "type": "Point",
        "coordinates": [
          -81.45843097359842,
          30.657471825468516
        ],
        "crs": null
      },
      "id": 274,
      "type": "Feature",
      "properties": {
        "fulladdress": "1002 S 11th St",
        "created_user": "kmulcahy",
        "latitude": 30.65747183,
        "globalid": "{479E0CA8-F85D-4584-8285-1C8BF4B7DB07}",
        "picture2023": null,
        "parcelnumber": "00-00-31-1800-0170-0170",
        "picture2022": null,
        "dbh": "1.5\"",
        "picture2021": null,
        "long": -81.4584274,
        "picture2020": null,
        "dateofplanting": 1667534400000,
        "picture2019": null,
        "last_edited_user": "kmulcahy",
        "commonname": "River Birch",
        "picture2018": null,
        "spieces": "Betula nigra",
        "last_edited_date": 1764107217000,
        "created_date": 1764107217000,
        "objectid": 274,
        "propertyowner": "COFB",
        "lat": 30.6574726,
        "height": "6 ft",
        "longitude": -81.45843097
      }
    },
    {
      "geometry": {
        "type": "Point",
        "coordinates": [
          -81.45799377343111,
          30.6571926389583
        ],
        "crs": null
      },
      "id": 282,
      "type": "Feature",
      "properties": {
        "fulladdress": "1003 S 11th St",
        "created_user": "kmulcahy",
        "latitude": 30.65719264,
        "globalid": "{9B26623B-5601-4008-99E1-7E84FE87904D}",
        "picture2023": null,
        "parcelnumber": "00-00-31-1800-0212-0012",
        "picture2022": null,
        "dbh": "1.5\"",
        "picture2021": null,
        "long": -81.4579926,
        "picture2020": null,
        "dateofplanting": 1667534400000,
        "picture2019": null,
        "last_edited_user": "kmulcahy",
        "commonname": "Grapefruit",
        "picture2018": null,
        "spieces": "Citrus x paradisi",
        "last_edited_date": 1764107217000,
        "created_date": 1764107217000,
        "objectid": 282,
        "propertyowner": "COFB",
        "lat": 30.6571922,
        "height": "5 ft",
        "longitude": -81.45799377
      }
    },
    {
      "geometry": {
        "type": "Point",
        "coordinates": [
          -81.45802730125246,
          30.65715572184588
        ],
        "crs": null
      },
      "id": 283,
      "type": "Feature",
      "properties": {
        "fulladdress": "1003 S 11th St",
        "created_user": "kmulcahy",
        "latitude": 30.65715572,
        "globalid": "{9A5AD86C-D69B-4566-A080-6B800FA914BC}",
        "picture2023": null,
        "parcelnumber": "00-00-31-1800-0212-0012",
        "picture2022": null,
        "dbh": "1.5\"",
        "picture2021": null,
        "long": -81.4580307,
        "picture2020": null,
        "dateofplanting": 1667534400000,
        "picture2019": null,
        "last_edited_user": "kmulcahy",
        "commonname": "Orange",
        "picture2018": null,
        "spieces": "Citrus x sinensis",
        "last_edited_date": 1764107217000,
        "created_date": 1764107217000,
        "objectid": 283,
        "propertyowner": "COFB",
        "lat": 30.657156,
        "height": "5 ft",
        "longitude": -81.4580273
      }
    },
    {
      "geometry": {
        "type": "Point",
        "coordinates": [
          -81.45419503075823,
          30.66085961186291
        ],
        "crs": null
      },
      "id": 327,
      "type": "Feature",
      "properties": {
        "fulladdress": "S 13th St",
        "created_user": "kmulcahy",
        "latitude": 30.66085961,
        "globalid": "{6525F651-9AD5-4853-B87F-6FF008C37CF2}",
        "picture2023": null,
        "parcelnumber": "00-00-31-1501-0TRD-0000",
        "picture2022": null,
        "dbh": "2 inches",
        "picture2021": null,
        "long": -81.4541931,
        "picture2020": null,
        "dateofplanting": 1679976000000,
        "picture2019": null,
        "last_edited_user": "kmulcahy",
        "commonname": "Hickory",
        "picture2018": null,
        "spieces": "Carya juglandeae",
        "last_edited_date": 1764107217000,
        "created_date": 1764107217000,
        "objectid": 327,
        "propertyowner": "Hickory Ridge HOA",
        "lat": 30.6608601,
        "height": "8 ft",
        "longitude": -81.45419503
      }
    },
    {
      "geometry": {
        "type": "Point",
        "coordinates": [
          -81.45270947509478,
          30.645733351820923
        ],
        "crs": null
      },
      "id": 12,
      "type": "Feature",
      "properties": {
        "fulladdress": "Park Avenue right of way",
        "created_user": "kmulcahy",
        "latitude": 30.64573335,
        "globalid": "{601CBB2F-CBD4-4872-8E8C-DABD3A92123D}",
        "picture2023": null,
        "parcelnumber": null,
        "picture2022": null,
        "dbh": "2.5 Inches",
        "picture2021": "https://ncflpataxcards.s3.us-east-1.amazonaws.com/CityOfFernandinaBeach/TreeCommittee/12-2021.jpg",
        "long": -81.452713,
        "picture2020": null,
        "dateofplanting": 1619064000000,
        "picture2019": null,
        "last_edited_user": "kmulcahy",
        "commonname": "Live Oak",
        "picture2018": null,
        "spieces": "Quercus Virginiana",
        "last_edited_date": 1764107217000,
        "created_date": 1764107217000,
        "objectid": 12,
        "propertyowner": null,
        "lat": 30.6457329,
        "height": "12 Feet",
        "longitude": -81.45270948
      }
    },
    {
      "geometry": {
        "type": "Point",
        "coordinates": [
          -81.45531121624484,
          30.65577478622198
        ],
        "crs": null
      },
      "id": 116,
      "type": "Feature",
      "properties": {
        "fulladdress": "West Side of S 13th St",
        "created_user": "kmulcahy",
        "latitude": 30.65577479,
        "globalid": "{45994BED-1404-4B48-860A-A8C270260952}",
        "picture2023": null,
        "parcelnumber": "00-00-31-1800-0234-0060",
        "picture2022": null,
        "dbh": "1\"",
        "picture2021": null,
        "long": -81.4553146,
        "picture2020": null,
        "dateofplanting": 1636520400000,
        "picture2019": null,
        "last_edited_user": "kmulcahy",
        "commonname": "Winged Elm",
        "picture2018": null,
        "spieces": "Ulmus alata",
        "last_edited_date": 1764107217000,
        "created_date": 1764107217000,
        "objectid": 116,
        "propertyowner": "City of Fernandina Beach",
        "lat": 30.6557751,
        "height": "4 ft",
        "longitude": -81.45531122
      }
    },
    {
      "geometry": {
        "type": "Point",
        "coordinates": [
          -81.45102974049784,
          30.684786296209744
        ],
        "crs": null
      },
      "id": 146,
      "type": "Feature",
      "properties": {
        "fulladdress": "Bosque Bello",
        "created_user": "kmulcahy",
        "latitude": 30.6847863,
        "globalid": "{D4B3696B-541E-4BEB-A5B8-6EAEA191B9A0}",
        "picture2023": null,
        "parcelnumber": "00-00-31-1800-0250-0010",
        "picture2022": null,
        "dbh": "2\"",
        "picture2021": null,
        "long": -81.4510269,
        "picture2020": null,
        "dateofplanting": 1636693200000,
        "picture2019": null,
        "last_edited_user": "kmulcahy",
        "commonname": "Southern Magnolia",
        "picture2018": null,
        "spieces": "Magnolia grandiflora",
        "last_edited_date": 1764107217000,
        "created_date": 1764107217000,
        "objectid": 146,
        "propertyowner": "COFB",
        "lat": 30.6847858,
        "height": "6 ft",
        "longitude": -81.45102974
      }
    },
    {
      "geometry": {
        "type": "Point",
        "coordinates": [
          -81.45018116762594,
          30.659472577351615
        ],
        "crs": null
      },
      "id": 192,
      "type": "Feature",
      "properties": {
        "fulladdress": "Hickory St ROW near soccer field",
        "created_user": "kmulcahy",
        "latitude": 30.65947258,
        "globalid": "{06583BB1-7D87-4582-9E9F-9159036288D6}",
        "picture2023": null,
        "parcelnumber": "00-00-31-1600-0153-0000",
        "picture2022": null,
        "dbh": "2\"",
        "picture2021": null,
        "long": -81.4501801,
        "picture2020": null,
        "dateofplanting": 1639976400000,
        "picture2019": null,
        "last_edited_user": "kmulcahy",
        "commonname": "Red Maple",
        "picture2018": null,
        "spieces": "Acer Rubrum",
        "last_edited_date": 1764107217000,
        "created_date": 1764107217000,
        "objectid": 192,
        "propertyowner": "COFB",
        "lat": 30.6594734,
        "height": "10 ft",
        "longitude": -81.45018117
      }
    },
    {
      "geometry": {
        "type": "Point",
        "coordinates": [
          -81.44007792521991,
          30.66934862168281
        ],
        "crs": null
      },
      "id": 204,
      "type": "Feature",
      "properties": {
        "fulladdress": "2201 Atlantic Ave",
        "created_user": "kmulcahy",
        "latitude": 30.66934862,
        "globalid": "{F1D388E5-40C4-4CB1-8B60-5F446D35E256}",
        "picture2023": null,
        "parcelnumber": "00-00-31-1600-0135-0000",
        "picture2022": null,
        "dbh": "2\"",
        "picture2021": null,
        "long": -81.4400787,
        "picture2020": null,
        "dateofplanting": 1642741200000,
        "picture2019": null,
        "last_edited_user": "kmulcahy",
        "commonname": "Bald Cyprus",
        "picture2018": null,
        "spieces": "Taxodium distichum",
        "last_edited_date": 1764107217000,
        "created_date": 1764107217000,
        "objectid": 204,
        "propertyowner": "COFB",
        "lat": 30.6693478,
        "height": "7 ft",
        "longitude": -81.44007793
      }
    },
    {
      "geometry": {
        "type": "Point",
        "coordinates": [
          -81.43082926361839,
          30.66772442030096
        ],
        "crs": null
      },
      "id": 212,
      "type": "Feature",
      "properties": {
        "fulladdress": "main beach parking lot",
        "created_user": "kmulcahy",
        "latitude": 30.66772442,
        "globalid": "{603F8CD4-4625-454D-9BBA-E332B04401EC}",
        "picture2023": null,
        "parcelnumber": "12-3N-29-0000-0003-0000",
        "picture2022": null,
        "dbh": "10\"",
        "picture2021": null,
        "long": -81.4308319,
        "picture2020": null,
        "dateofplanting": 1647835200000,
        "picture2019": null,
        "last_edited_user": "kmulcahy",
        "commonname": "cabbage palm",
        "picture2018": null,
        "spieces": "sabal palmetto",
        "last_edited_date": 1764107217000,
        "created_date": 1764107217000,
        "objectid": 212,
        "propertyowner": "COFB",
        "lat": 30.6677246,
        "height": "12 ft",
        "longitude": -81.43082926
      }
    },
    {
      "geometry": {
        "type": "Point",
        "coordinates": [
          -81.45418631350671,
          30.660907487207595
        ],
        "crs": null
      },
      "id": 336,
      "type": "Feature",
      "properties": {
        "fulladdress": "S 13th St",
        "created_user": "kmulcahy",
        "latitude": 30.66090749,
        "globalid": "{C3206C6F-3B16-49B1-8491-0058F4434804}",
        "picture2023": null,
        "parcelnumber": "00-00-31-1501-0TRD-0000",
        "picture2022": null,
        "dbh": "2 inches",
        "picture2021": null,
        "long": -81.4541855,
        "picture2020": null,
        "dateofplanting": 1679976000000,
        "picture2019": null,
        "last_edited_user": "kmulcahy",
        "commonname": "Red Maple",
        "picture2018": null,
        "spieces": "Acer rebrum",
        "last_edited_date": 1764107217000,
        "created_date": 1764107217000,
        "objectid": 336,
        "propertyowner": "Hickory Ridge HOA",
        "lat": 30.6609077,
        "height": "8 ft",
        "longitude": -81.45418631
      }
    },
    {
      "geometry": {
        "type": "Point",
        "coordinates": [
          -81.46243261784622,
          30.675298471876552
        ],
        "crs": null
      },
      "id": 351,
      "type": "Feature",
      "properties": {
        "fulladdress": "N 3rd St ROW",
        "created_user": "kmulcahy",
        "latitude": 30.67529847,
        "globalid": "{80919335-1BE6-44FE-B7AC-BBEC07CA2AC7}",
        "picture2023": null,
        "parcelnumber": "00-00-31-1800-0007-0010",
        "picture2022": null,
        "dbh": "0",
        "picture2021": null,
        "long": -81.4624329,
        "picture2020": null,
        "dateofplanting": 1682654400000,
        "picture2019": null,
        "last_edited_user": "kmulcahy",
        "commonname": "Wax Myrtle",
        "picture2018": null,
        "spieces": "Myrica cerifera",
        "last_edited_date": 1764107217000,
        "created_date": 1764107217000,
        "objectid": 351,
        "propertyowner": "COFB",
        "lat": 30.6752987,
        "height": "1 ft",
        "longitude": -81.46243262
      }
    },
    {
      "geometry": {
        "type": "Point",
        "coordinates": [
          -81.45905143098202,
          30.622659548066334
        ],
        "crs": null
      },
      "id": 71,
      "type": "Feature",
      "properties": {
        "fulladdress": null,
        "created_user": "kmulcahy",
        "latitude": 30.62265955,
        "globalid": "{CE67690F-14A2-40D0-90D4-C882FA70647B}",
        "picture2023": null,
        "parcelnumber": null,
        "picture2022": null,
        "dbh": "2.5",
        "picture2021": null,
        "long": -81.459053,
        "picture2020": null,
        "dateofplanting": 1577854800000,
        "picture2019": null,
        "last_edited_user": "kmulcahy",
        "commonname": "Live Oak",
        "picture2018": null,
        "spieces": null,
        "last_edited_date": 1764107217000,
        "created_date": 1764107217000,
        "objectid": 71,
        "propertyowner": null,
        "lat": 30.6226597,
        "height": "8",
        "longitude": -81.45905143
      }
    },
    {
      "geometry": {
        "type": "Point",
        "coordinates": [
          -81.46580549619236,
          30.669380820118306
        ],
        "crs": null
      },
      "id": 346,
      "type": "Feature",
      "properties": {
        "fulladdress": "Front St waterfront park",
        "created_user": "kmulcahy",
        "latitude": 30.66938082,
        "globalid": "{68358FCC-3892-4569-9396-1E7C89291FC7}",
        "picture2023": null,
        "parcelnumber": "00-00-31-1760-0031-0020",
        "picture2022": null,
        "dbh": "10\"",
        "picture2021": null,
        "long": -81.4658051,
        "picture2020": null,
        "dateofplanting": 1682654400000,
        "picture2019": null,
        "last_edited_user": "kmulcahy",
        "commonname": "Cabbage Palm",
        "picture2018": null,
        "spieces": "Sabal palmetto",
        "last_edited_date": 1764107217000,
        "created_date": 1764107217000,
        "objectid": 346,
        "propertyowner": "COFB",
        "lat": 30.6693802,
        "height": "10 ft",
        "longitude": -81.4658055
      }
    },
    {
      "geometry": {
        "type": "Point",
        "coordinates": [
          -81.46586769913588,
          30.624841307013686
        ],
        "crs": null
      },
      "id": 356,
      "type": "Feature",
      "properties": {
        "fulladdress": "2890 Santa Maria Dr",
        "created_user": "kmulcahy",
        "latitude": null,
        "globalid": "{2776AD46-C8E2-40B4-B6B3-3BC1483996C1}",
        "picture2023": null,
        "parcelnumber": "00-00-31-087I-000A-0000",
        "picture2022": null,
        "dbh": "2\"",
        "picture2021": null,
        "long": null,
        "picture2020": null,
        "dateofplanting": 1700456400000,
        "picture2019": null,
        "last_edited_user": "kmulcahy",
        "commonname": "River Birch",
        "picture2018": null,
        "spieces": "Betula nigra",
        "last_edited_date": 1764107217000,
        "created_date": 1764107217000,
        "objectid": 356,
        "propertyowner": "Isle De Mai HOA",
        "lat": null,
        "height": "8 ft",
        "longitude": null
      }
    },
    {
      "geometry": {
        "type": "Point",
        "coordinates": [
          -81.44621149891067,
          30.61098464936581
        ],
        "crs": null
      },
      "id": 230,
      "type": "Feature",
      "properties": {
        "fulladdress": "Top Tracer",
        "created_user": "kmulcahy",
        "latitude": 30.61098465,
        "globalid": "{F9FAEAF8-E513-498D-869D-0C0E12B3D534}",
        "picture2023": null,
        "parcelnumber": "08-2N-28-0000-0001-0000",
        "picture2022": null,
        "dbh": "20\"",
        "picture2021": null,
        "long": -81.4462128,
        "picture2020": null,
        "dateofplanting": 1650254400000,
        "picture2019": null,
        "last_edited_user": "kmulcahy",
        "commonname": "Pindo Palm",
        "picture2018": null,
        "spieces": "Butia capitata",
        "last_edited_date": 1764107217000,
        "created_date": 1764107217000,
        "objectid": 230,
        "propertyowner": "COFB",
        "lat": 30.6109848,
        "height": "12 ft",
        "longitude": -81.4462115
      }
    },
    {
      "geometry": {
        "type": "Point",
        "coordinates": [
          -81.44596339411068,
          30.610895774934953
        ],
        "crs": null
      },
      "id": 243,
      "type": "Feature",
      "properties": {
        "fulladdress": null,
        "created_user": "kmulcahy",
        "latitude": 30.61089577,
        "globalid": "{423A9622-B005-4392-8811-55C1FAE1E025}",
        "picture2023": null,
        "parcelnumber": "08-2N-28-0000-0001-0000",
        "picture2022": null,
        "dbh": "COFB",
        "picture2021": null,
        "long": -81.445961,
        "picture2020": null,
        "dateofplanting": 1650254400000,
        "picture2019": null,
        "last_edited_user": "kmulcahy",
        "commonname": "Cabbage Palm",
        "picture2018": null,
        "spieces": "Sabal Palmetto",
        "last_edited_date": 1764107217000,
        "created_date": 1764107217000,
        "objectid": 243,
        "propertyowner": null,
        "lat": 30.6108952,
        "height": "Top Tracer",
        "longitude": -81.44596339
      }
    },
    {
      "geometry": {
        "type": "Point",
        "coordinates": [
          -81.45282749216354,
          30.645749505209075
        ],
        "crs": null
      },
      "id": 13,
      "type": "Feature",
      "properties": {
        "fulladdress": "Park Avenue right of way",
        "created_user": "kmulcahy",
        "latitude": 30.64574951,
        "globalid": "{AEBA64FF-F584-4EB0-9AA0-0217416F89D9}",
        "picture2023": null,
        "parcelnumber": null,
        "picture2022": null,
        "dbh": "2.5 Inches",
        "picture2021": "https://ncflpataxcards.s3.us-east-1.amazonaws.com/CityOfFernandinaBeach/TreeCommittee/13-2021.jpg",
        "long": -81.4528275,
        "picture2020": null,
        "dateofplanting": 1619064000000,
        "picture2019": null,
        "last_edited_user": "kmulcahy",
        "commonname": "Live Oak",
        "picture2018": null,
        "spieces": "Quercus Virginiana",
        "last_edited_date": 1764107217000,
        "created_date": 1764107217000,
        "objectid": 13,
        "propertyowner": null,
        "lat": 30.64575,
        "height": "12 Feet",
        "longitude": -81.45282749
      }
    },
    {
      "geometry": {
        "type": "Point",
        "coordinates": [
          -81.45938134265998,
          30.622971147880953
        ],
        "crs": null
      },
      "id": 68,
      "type": "Feature",
      "properties": {
        "fulladdress": null,
        "created_user": "kmulcahy",
        "latitude": 30.62297115,
        "globalid": "{D682B5E6-9E4A-4B5C-B1E8-0CC2AB811861}",
        "picture2023": null,
        "parcelnumber": null,
        "picture2022": null,
        "dbh": "2.5",
        "picture2021": null,
        "long": -81.4593811,
        "picture2020": null,
        "dateofplanting": 1577854800000,
        "picture2019": null,
        "last_edited_user": "kmulcahy",
        "commonname": "Live Oak",
        "picture2018": null,
        "spieces": null,
        "last_edited_date": 1764107217000,
        "created_date": 1764107217000,
        "objectid": 68,
        "propertyowner": null,
        "lat": 30.6229706,
        "height": "8",
        "longitude": -81.45938134
      }
    },
    {
      "geometry": {
        "type": "Point",
        "coordinates": [
          -81.45888781632773,
          30.622855740745074
        ],
        "crs": null
      },
      "id": 60,
      "type": "Feature",
      "properties": {
        "fulladdress": null,
        "created_user": "kmulcahy",
        "latitude": 30.62285574,
        "globalid": "{5BB07C55-B56B-408F-B931-FD1F51798CDD}",
        "picture2023": null,
        "parcelnumber": null,
        "picture2022": null,
        "dbh": "2.5",
        "picture2021": null,
        "long": -81.4588852,
        "picture2020": null,
        "dateofplanting": 1577854800000,
        "picture2019": null,
        "last_edited_user": "kmulcahy",
        "commonname": "Live Oak",
        "picture2018": null,
        "spieces": null,
        "last_edited_date": 1764107217000,
        "created_date": 1764107217000,
        "objectid": 60,
        "propertyowner": null,
        "lat": 30.6228561,
        "height": "8",
        "longitude": -81.45888782
      }
    },
    {
      "geometry": {
        "type": "Point",
        "coordinates": [
          -81.45933842744392,
          30.62289959579755
        ],
        "crs": null
      },
      "id": 65,
      "type": "Feature",
      "properties": {
        "fulladdress": null,
        "created_user": "kmulcahy",
        "latitude": 30.6228996,
        "globalid": "{83454894-1F3B-4A28-9E4F-A4BC609DA22A}",
        "picture2023": null,
        "parcelnumber": null,
        "picture2022": null,
        "dbh": "2.5",
        "picture2021": null,
        "long": -81.4593353,
        "picture2020": null,
        "dateofplanting": 1577854800000,
        "picture2019": null,
        "last_edited_user": "kmulcahy",
        "commonname": "Live Oak",
        "picture2018": null,
        "spieces": null,
        "last_edited_date": 1764107217000,
        "created_date": 1764107217000,
        "objectid": 65,
        "propertyowner": null,
        "lat": 30.6229,
        "height": "8",
        "longitude": -81.45933843
      }
    },
    {
      "geometry": {
        "type": "Point",
        "coordinates": [
          -81.45902192671481,
          30.622818810525278
        ],
        "crs": null
      },
      "id": 69,
      "type": "Feature",
      "properties": {
        "fulladdress": null,
        "created_user": "kmulcahy",
        "latitude": 30.62281881,
        "globalid": "{F6C53BCA-05A0-4170-A38D-A4DDE8BED08C}",
        "picture2023": null,
        "parcelnumber": null,
        "picture2022": null,
        "dbh": "2.5",
        "picture2021": null,
        "long": -81.4590225,
        "picture2020": null,
        "dateofplanting": 1577854800000,
        "picture2019": null,
        "last_edited_user": "kmulcahy",
        "commonname": "Live Oak",
        "picture2018": null,
        "spieces": null,
        "last_edited_date": 1764107217000,
        "created_date": 1764107217000,
        "objectid": 69,
        "propertyowner": null,
        "lat": 30.622818,
        "height": "8",
        "longitude": -81.45902193
      }
    },
    {
      "geometry": {
        "type": "Point",
        "coordinates": [
          -81.45920163468742,
          30.622714943868402
        ],
        "crs": null
      },
      "id": 70,
      "type": "Feature",
      "properties": {
        "fulladdress": null,
        "created_user": "kmulcahy",
        "latitude": 30.62271494,
        "globalid": "{968CFF9E-1538-4039-9C30-F336040BC99A}",
        "picture2023": null,
        "parcelnumber": null,
        "picture2022": null,
        "dbh": "2.5",
        "picture2021": null,
        "long": -81.459198,
        "picture2020": null,
        "dateofplanting": 1577854800000,
        "picture2019": null,
        "last_edited_user": "kmulcahy",
        "commonname": "Live Oak",
        "picture2018": null,
        "spieces": null,
        "last_edited_date": 1764107217000,
        "created_date": 1764107217000,
        "objectid": 70,
        "propertyowner": null,
        "lat": 30.622715,
        "height": "8",
        "longitude": -81.45920163
      }
    },
    {
      "geometry": {
        "type": "Point",
        "coordinates": [
          -81.44678460250239,
          30.657815047929546
        ],
        "crs": null
      },
      "id": 97,
      "type": "Feature",
      "properties": {
        "fulladdress": "Indigo St ROW",
        "created_user": "kmulcahy",
        "latitude": 30.65781505,
        "globalid": "{CBFB71F0-1D8C-4895-9BDC-A50BDB891EBE}",
        "picture2023": null,
        "parcelnumber": "00-00-31-1180-0053-0000",
        "picture2022": null,
        "dbh": "2\"",
        "picture2021": null,
        "long": -81.446785,
        "picture2020": null,
        "dateofplanting": 1631592000000,
        "picture2019": null,
        "last_edited_user": "kmulcahy",
        "commonname": "Eastern Red Cedar",
        "picture2018": null,
        "spieces": "Juniperus virginiana",
        "last_edited_date": 1764107217000,
        "created_date": 1764107217000,
        "objectid": 97,
        "propertyowner": "City of Fernandina Beach",
        "lat": 30.6578159,
        "height": "6 ft",
        "longitude": -81.4467846
      }
    },
    {
      "geometry": {
        "type": "Point",
        "coordinates": [
          -81.44676448562993,
          30.657813316956325
        ],
        "crs": null
      },
      "id": 98,
      "type": "Feature",
      "properties": {
        "fulladdress": "Indigo St ROW",
        "created_user": "kmulcahy",
        "latitude": 30.65781332,
        "globalid": "{3941072D-5212-4978-8217-1005E80383A9}",
        "picture2023": null,
        "parcelnumber": "00-00-31-1180-0053-0000",
        "picture2022": null,
        "dbh": "2\"",
        "picture2021": null,
        "long": -81.4467621,
        "picture2020": null,
        "dateofplanting": 1631592000000,
        "picture2019": null,
        "last_edited_user": "kmulcahy",
        "commonname": "Eastern Red Cedar",
        "picture2018": null,
        "spieces": "Juniperus viginiana",
        "last_edited_date": 1764107217000,
        "created_date": 1764107217000,
        "objectid": 98,
        "propertyowner": "City of Fernandina Beach",
        "lat": 30.657814,
        "height": "6 ft",
        "longitude": -81.44676449
      }
    },
    {
      "geometry": {
        "type": "Point",
        "coordinates": [
          -81.44629912238013,
          30.657750443196388
        ],
        "crs": null
      },
      "id": 101,
      "type": "Feature",
      "properties": {
        "fulladdress": "Indigo St ROW",
        "created_user": "kmulcahy",
        "latitude": 30.65775044,
        "globalid": "{7148B949-DDED-445B-82F3-A1A61181C779}",
        "picture2023": null,
        "parcelnumber": "00-00-31-1180-0053-0000",
        "picture2022": null,
        "dbh": "2\"",
        "picture2021": null,
        "long": -81.4462967,
        "picture2020": null,
        "dateofplanting": 1631592000000,
        "picture2019": null,
        "last_edited_user": "kmulcahy",
        "commonname": "East Palatka Holly",
        "picture2018": null,
        "spieces": "Ilex x attenuata",
        "last_edited_date": 1764107217000,
        "created_date": 1764107217000,
        "objectid": 101,
        "propertyowner": "City of Fernandina Beach",
        "lat": 30.6577511,
        "height": "8 ft",
        "longitude": -81.44629912
      }
    },
    {
      "geometry": {
        "type": "Point",
        "coordinates": [
          -81.43687438199977,
          30.63765396858219
        ],
        "crs": null
      },
      "id": 108,
      "type": "Feature",
      "properties": {
        "fulladdress": "Seaside Park",
        "created_user": "kmulcahy",
        "latitude": 30.63765397,
        "globalid": "{0482566C-1581-467E-989C-F59B7D2D0A0E}",
        "picture2023": null,
        "parcelnumber": "00-00-31-1360-0001-0000",
        "picture2022": null,
        "dbh": "1\"",
        "picture2021": null,
        "long": -81.4368744,
        "picture2020": null,
        "dateofplanting": 1635480000000,
        "picture2019": null,
        "last_edited_user": "kmulcahy",
        "commonname": "Wax Myrtle",
        "picture2018": null,
        "spieces": "Myrica cerifera",
        "last_edited_date": 1764107217000,
        "created_date": 1764107217000,
        "objectid": 108,
        "propertyowner": "City of Fernandina Beach",
        "lat": 30.6376534,
        "height": "2 ft",
        "longitude": -81.43687438
      }
    },
    {
      "geometry": {
        "type": "Point",
        "coordinates": [
          -81.45520392865382,
          30.656492372879324
        ],
        "crs": null
      },
      "id": 114,
      "type": "Feature",
      "properties": {
        "fulladdress": "West side of S 13th St",
        "created_user": "kmulcahy",
        "latitude": 30.65649237,
        "globalid": "{90A65ADA-0DA0-4A33-9870-6411358232AA}",
        "picture2023": null,
        "parcelnumber": "00-00-31-1800-0234-0060",
        "picture2022": null,
        "dbh": "1\"",
        "picture2021": null,
        "long": -81.4552002,
        "picture2020": null,
        "dateofplanting": 1636520400000,
        "picture2019": null,
        "last_edited_user": "kmulcahy",
        "commonname": "Winged Elm",
        "picture2018": null,
        "spieces": "Ulmus alata",
        "last_edited_date": 1764107217000,
        "created_date": 1764107217000,
        "objectid": 114,
        "propertyowner": "City of Fernandina Beach",
        "lat": 30.6564922,
        "height": "4 ft",
        "longitude": -81.45520393
      }
    },
    {
      "geometry": {
        "type": "Point",
        "coordinates": [
          -81.4552173396027,
          30.656418537332716
        ],
        "crs": null
      },
      "id": 115,
      "type": "Feature",
      "properties": {
        "fulladdress": "West side of S 13th St",
        "created_user": "kmulcahy",
        "latitude": 30.65641854,
        "globalid": "{B4813F8F-FA3F-4E56-A470-95774C8F923A}",
        "picture2023": null,
        "parcelnumber": "00-00-31-1800-0234-0060",
        "picture2022": null,
        "dbh": "1\"",
        "picture2021": null,
        "long": -81.4552155,
        "picture2020": null,
        "dateofplanting": 1636520400000,
        "picture2019": null,
        "last_edited_user": "kmulcahy",
        "commonname": "Red Maple",
        "picture2018": null,
        "spieces": "Acer rebrum",
        "last_edited_date": 1764107217000,
        "created_date": 1764107217000,
        "objectid": 115,
        "propertyowner": "City of Fernandina Beach",
        "lat": 30.6564178,
        "height": "6 ft",
        "longitude": -81.45521734
      }
    },
    {
      "geometry": {
        "type": "Point",
        "coordinates": [
          -81.46065887096152,
          30.66991176205573
        ],
        "crs": null
      },
      "id": 124,
      "type": "Feature",
      "properties": {
        "fulladdress": "S 6th St and Ash ROW",
        "created_user": "kmulcahy",
        "latitude": 30.66991176,
        "globalid": "{2E750CB0-C9F8-4923-BC16-7946A85CD865}",
        "picture2023": null,
        "parcelnumber": "00-00-31-1800-0029-0070",
        "picture2022": null,
        "dbh": "1.5\"",
        "picture2021": null,
        "long": -81.4606552,
        "picture2020": null,
        "dateofplanting": 1631505600000,
        "picture2019": null,
        "last_edited_user": "kmulcahy",
        "commonname": "Weeping Bottle Brush",
        "picture2018": null,
        "spieces": "Melaleuca viminalis",
        "last_edited_date": 1764107217000,
        "created_date": 1764107217000,
        "objectid": 124,
        "propertyowner": "City of Fernandina Beach",
        "lat": 30.6699123,
        "height": "6 ft",
        "longitude": -81.46065887
      }
    },
    {
      "geometry": {
        "type": "Point",
        "coordinates": [
          -81.46100688728575,
          30.669747962807772
        ],
        "crs": null
      },
      "id": 127,
      "type": "Feature",
      "properties": {
        "fulladdress": "Ash St ROW",
        "created_user": "kmulcahy",
        "latitude": 30.66974796,
        "globalid": "{CC143204-1758-4E6D-AE08-6C93DC3050CA}",
        "picture2023": null,
        "parcelnumber": "00-00-31-1800-0029-0070",
        "picture2022": null,
        "dbh": "2\"",
        "picture2021": null,
        "long": -81.4610062,
        "picture2020": null,
        "dateofplanting": 1631505600000,
        "picture2019": null,
        "last_edited_user": "kmulcahy",
        "commonname": "Crepe Myrtle Pink",
        "picture2018": null,
        "spieces": "Lagerstroemia indica",
        "last_edited_date": 1764107217000,
        "created_date": 1764107217000,
        "objectid": 127,
        "propertyowner": "City of Fernandina Beach",
        "lat": 30.6697483,
        "height": "8 ft",
        "longitude": -81.46100689
      }
    },
    {
      "geometry": {
        "type": "Point",
        "coordinates": [
          -81.46255854547937,
          30.67241830930461
        ],
        "crs": null
      },
      "id": 132,
      "type": "Feature",
      "properties": {
        "fulladdress": "Alachua and N 3rd St ROW",
        "created_user": "kmulcahy",
        "latitude": 30.67241831,
        "globalid": "{17D1FB05-0202-4420-9D2A-6F0AF487FCEE}",
        "picture2023": null,
        "parcelnumber": "00-00-31-1800-0014-0100",
        "picture2022": null,
        "dbh": "1.5\"",
        "picture2021": null,
        "long": -81.4625549,
        "picture2020": null,
        "dateofplanting": 1631505600000,
        "picture2019": null,
        "last_edited_user": "kmulcahy",
        "commonname": "Weeping Bottle Brush",
        "picture2018": null,
        "spieces": "Melaleuca viminalis",
        "last_edited_date": 1764107217000,
        "created_date": 1764107217000,
        "objectid": 132,
        "propertyowner": "City of Fernandina Beach",
        "lat": 30.6724186,
        "height": "4 ft",
        "longitude": -81.46255855
      }
    },
    {
      "geometry": {
        "type": "Point",
        "coordinates": [
          -81.4509076998749,
          30.68542178104325
        ],
        "crs": null
      },
      "id": 135,
      "type": "Feature",
      "properties": {
        "fulladdress": "Bosque Bello",
        "created_user": "kmulcahy",
        "latitude": 30.68542178,
        "globalid": "{ECC86B2E-58DB-4A09-A26A-B7C12F2376D6}",
        "picture2023": null,
        "parcelnumber": "00-00-31-1800-0250-0010",
        "picture2022": null,
        "dbh": "2\"",
        "picture2021": null,
        "long": -81.4509048,
        "picture2020": null,
        "dateofplanting": 1636693200000,
        "picture2019": null,
        "last_edited_user": "kmulcahy",
        "commonname": "Red Maple",
        "picture2018": null,
        "spieces": "Acer rubrum",
        "last_edited_date": 1764107217000,
        "created_date": 1764107217000,
        "objectid": 135,
        "propertyowner": "COFB",
        "lat": 30.685421,
        "height": "9 ft",
        "longitude": -81.4509077
      }
    },
    {
      "geometry": {
        "type": "Point",
        "coordinates": [
          -81.45849289806422,
          30.658484024261803
        ],
        "crs": null
      },
      "id": 156,
      "type": "Feature",
      "properties": {
        "fulladdress": "Housing Authority",
        "created_user": "kmulcahy",
        "latitude": 30.65848402,
        "globalid": "{6D693C8F-94B0-46E9-8DC1-1D76F0F48F83}",
        "picture2023": null,
        "parcelnumber": "00-00-31-1800-0169-0030",
        "picture2022": null,
        "dbh": "2\"",
        "picture2021": null,
        "long": -81.4584961,
        "picture2020": null,
        "dateofplanting": 1637125200000,
        "picture2019": null,
        "last_edited_user": "kmulcahy",
        "commonname": "Drake Elm",
        "picture2018": null,
        "spieces": "Ulmus parvifolia",
        "last_edited_date": 1764107217000,
        "created_date": 1764107217000,
        "objectid": 156,
        "propertyowner": "COFB",
        "lat": 30.6584835,
        "height": "8 ft",
        "longitude": -81.4584929
      }
    },
    {
      "geometry": {
        "type": "Point",
        "coordinates": [
          -81.45845937024286,
          30.65870206331181
        ],
        "crs": null
      },
      "id": 162,
      "type": "Feature",
      "properties": {
        "fulladdress": "Housing Authority",
        "created_user": "kmulcahy",
        "latitude": 30.65870206,
        "globalid": "{87538211-FF5E-4F7D-963F-609065765199}",
        "picture2023": null,
        "parcelnumber": "00-00-31-1800-0169-0030",
        "picture2022": null,
        "dbh": "2\"",
        "picture2021": null,
        "long": -81.4584579,
        "picture2020": null,
        "dateofplanting": 1637125200000,
        "picture2019": null,
        "last_edited_user": "kmulcahy",
        "commonname": "Southern Red Cedar",
        "picture2018": null,
        "spieces": "Juniperus bermudiana",
        "last_edited_date": 1764107217000,
        "created_date": 1764107217000,
        "objectid": 162,
        "propertyowner": "COFB",
        "lat": 30.6587029,
        "height": "8 ft",
        "longitude": -81.45845937
      }
    },
    {
      "geometry": {
        "type": "Point",
        "coordinates": [
          -81.45893143941625,
          30.658425188562347
        ],
        "crs": null
      },
      "id": 169,
      "type": "Feature",
      "properties": {
        "fulladdress": "Housing Authority",
        "created_user": "kmulcahy",
        "latitude": 30.65842519,
        "globalid": "{CEF67399-349B-4520-9D93-D239E99F3A69}",
        "picture2023": null,
        "parcelnumber": "00-00-31-1800-0169-0030",
        "picture2022": null,
        "dbh": "1.5\"",
        "picture2021": null,
        "long": -81.458931,
        "picture2020": null,
        "dateofplanting": 1637125200000,
        "picture2019": null,
        "last_edited_user": "kmulcahy",
        "commonname": "East Palatka Holly",
        "picture2018": null,
        "spieces": "Ilex x attenuata",
        "last_edited_date": 1764107217000,
        "created_date": 1764107217000,
        "objectid": 169,
        "propertyowner": "COFB",
        "lat": 30.6584244,
        "height": "6 ft",
        "longitude": -81.45893144
      }
    },
    {
      "geometry": {
        "type": "Point",
        "coordinates": [
          -81.45884695016883,
          30.658880878766457
        ],
        "crs": null
      },
      "id": 170,
      "type": "Feature",
      "properties": {
        "fulladdress": "Housing Authority",
        "created_user": "kmulcahy",
        "latitude": 30.65888088,
        "globalid": "{D4603A1F-3B43-41EC-815B-47BC64D673E3}",
        "picture2023": null,
        "parcelnumber": "00-00-31-1800-0169-0030",
        "picture2022": null,
        "dbh": "1.5\"",
        "picture2021": null,
        "long": -81.458847,
        "picture2020": null,
        "dateofplanting": 1637125200000,
        "picture2019": null,
        "last_edited_user": "kmulcahy",
        "commonname": "East Palatka Holly",
        "picture2018": null,
        "spieces": "Ilex x attenuata",
        "last_edited_date": 1764107217000,
        "created_date": 1764107217000,
        "objectid": 170,
        "propertyowner": "COFB",
        "lat": 30.6588802,
        "height": "6 ft",
        "longitude": -81.45884695
      }
    },
    {
      "geometry": {
        "type": "Point",
        "coordinates": [
          -81.45836549360074,
          30.65812639309892
        ],
        "crs": null
      },
      "id": 173,
      "type": "Feature",
      "properties": {
        "fulladdress": "Housing Authority",
        "created_user": "kmulcahy",
        "latitude": 30.65812639,
        "globalid": "{8B0B176D-507B-4321-B3B3-70D13942FA52}",
        "picture2023": null,
        "parcelnumber": "00-00-31-1800-0169-0030",
        "picture2022": null,
        "dbh": "3-1\" multi",
        "picture2021": null,
        "long": -81.4583664,
        "picture2020": null,
        "dateofplanting": 1637125200000,
        "picture2019": null,
        "last_edited_user": "kmulcahy",
        "commonname": "River Birch",
        "picture2018": null,
        "spieces": "Betula nigra",
        "last_edited_date": 1764107217000,
        "created_date": 1764107217000,
        "objectid": 173,
        "propertyowner": "COFB",
        "lat": 30.6581268,
        "height": "5 ft",
        "longitude": -81.45836549
      }
    },
    {
      "geometry": {
        "type": "Point",
        "coordinates": [
          -81.45787733110903,
          30.65807793990235
        ],
        "crs": null
      },
      "id": 176,
      "type": "Feature",
      "properties": {
        "fulladdress": "Housing Authority",
        "created_user": "kmulcahy",
        "latitude": 30.65807794,
        "globalid": "{233F882D-0EB8-4C18-ADD4-442C95D85BCB}",
        "picture2023": null,
        "parcelnumber": "00-00-31-1800-0169-0030",
        "picture2022": null,
        "dbh": "2\"",
        "picture2021": null,
        "long": -81.4578781,
        "picture2020": null,
        "dateofplanting": 1637125200000,
        "picture2019": null,
        "last_edited_user": "kmulcahy",
        "commonname": "Hackberry",
        "picture2018": null,
        "spieces": "Celtis occidentalis",
        "last_edited_date": 1764107217000,
        "created_date": 1764107217000,
        "objectid": 176,
        "propertyowner": "COFB",
        "lat": 30.6580772,
        "height": "10 ft",
        "longitude": -81.45787733
      }
    },
    {
      "geometry": {
        "type": "Point",
        "coordinates": [
          -81.45786857702659,
          30.65845117772121
        ],
        "crs": null
      },
      "id": 180,
      "type": "Feature",
      "properties": {
        "fulladdress": "Housing Authority",
        "created_user": "kmulcahy",
        "latitude": 30.65845118,
        "globalid": "{A21D04B9-6C9C-4537-A0A7-30E3239E6FFC}",
        "picture2023": null,
        "parcelnumber": "00-00-31-1800-0213-0042",
        "picture2022": null,
        "dbh": "1\"",
        "picture2021": null,
        "long": -81.4578705,
        "picture2020": null,
        "dateofplanting": 1637125200000,
        "picture2019": null,
        "last_edited_user": "kmulcahy",
        "commonname": "citrus",
        "picture2018": null,
        "spieces": "citrus",
        "last_edited_date": 1764107217000,
        "created_date": 1764107217000,
        "objectid": 180,
        "propertyowner": "COFB",
        "lat": 30.6584511,
        "height": "4ft",
        "longitude": -81.45786858
      }
    },
    {
      "geometry": {
        "type": "Point",
        "coordinates": [
          -81.45900124390373,
          30.668116538233214
        ],
        "crs": null
      },
      "id": 448,
      "type": "Feature",
      "properties": {
        "fulladdress": "202 S 8th St",
        "created_user": "kmulcahy",
        "latitude": null,
        "globalid": "{6362C538-5AEA-4684-9DB8-B861EDBB7FE3}",
        "picture2023": null,
        "parcelnumber": "00-00-31-1800-0047-0010",
        "picture2022": null,
        "dbh": "1.5\"",
        "picture2021": null,
        "long": null,
        "picture2020": null,
        "dateofplanting": 1726632000000,
        "picture2019": null,
        "last_edited_user": "kmulcahy",
        "commonname": "Tonto Crape Myrtle",
        "picture2018": null,
        "spieces": "Lagerstroemia indica x fauriei 'Tonto'",
        "last_edited_date": 1764107217000,
        "created_date": 1764107217000,
        "objectid": 448,
        "propertyowner": "COFB ROW",
        "lat": null,
        "height": "5 ft",
        "longitude": null
      }
    },
    {
      "geometry": {
        "type": "Point",
        "coordinates": [
          -81.45823469889537,
          30.622843045959446
        ],
        "crs": null
      },
      "id": 52,
      "type": "Feature",
      "properties": {
        "fulladdress": null,
        "created_user": "kmulcahy",
        "latitude": 30.62284305,
        "globalid": "{8A6D6CAD-5ABD-409D-AA5E-8A4A464BE8C2}",
        "picture2023": null,
        "parcelnumber": null,
        "picture2022": null,
        "dbh": "2.5",
        "picture2021": null,
        "long": -81.4582367,
        "picture2020": null,
        "dateofplanting": 1577854800000,
        "picture2019": null,
        "last_edited_user": "kmulcahy",
        "commonname": "Live Oak",
        "picture2018": null,
        "spieces": null,
        "last_edited_date": 1764107217000,
        "created_date": 1764107217000,
        "objectid": 52,
        "propertyowner": null,
        "lat": 30.6228428,
        "height": "8",
        "longitude": -81.4582347
      }
    },
    {
      "geometry": {
        "type": "Point",
        "coordinates": [
          -81.45874834120178,
          30.622851124951467
        ],
        "crs": null
      },
      "id": 59,
      "type": "Feature",
      "properties": {
        "fulladdress": null,
        "created_user": "kmulcahy",
        "latitude": 30.62285112,
        "globalid": "{1510B44C-3DC8-4703-A8C0-FFA80FA729FA}",
        "picture2023": null,
        "parcelnumber": null,
        "picture2022": null,
        "dbh": "2.5",
        "picture2021": null,
        "long": -81.4587479,
        "picture2020": null,
        "dateofplanting": 1577854800000,
        "picture2019": null,
        "last_edited_user": "kmulcahy",
        "commonname": "Live Oak",
        "picture2018": null,
        "spieces": null,
        "last_edited_date": 1764107217000,
        "created_date": 1764107217000,
        "objectid": 59,
        "propertyowner": null,
        "lat": 30.6228504,
        "height": "8",
        "longitude": -81.45874834
      }
    },
    {
      "geometry": {
        "type": "Point",
        "coordinates": [
          -81.45357410625068,
          30.645713649490826
        ],
        "crs": null
      },
      "id": 26,
      "type": "Feature",
      "properties": {
        "fulladdress": "Park Avenue right of way",
        "created_user": "kmulcahy",
        "latitude": 30.64571365,
        "globalid": "{B8445F4A-6F79-46F7-AD39-ACA5B7A71EFD}",
        "picture2023": null,
        "parcelnumber": null,
        "picture2022": null,
        "dbh": "2.5 Inches",
        "picture2021": "https://ncflpataxcards.s3.us-east-1.amazonaws.com/CityOfFernandinaBeach/TreeCommittee/26-2021.jpg",
        "long": -81.4535751,
        "picture2020": null,
        "dateofplanting": 1619064000000,
        "picture2019": null,
        "last_edited_user": "kmulcahy",
        "commonname": "Live Oak",
        "picture2018": null,
        "spieces": "Quercus Virginiana",
        "last_edited_date": 1764107217000,
        "created_date": 1764107217000,
        "objectid": 26,
        "propertyowner": null,
        "lat": 30.6457138,
        "height": "12 Feet",
        "longitude": -81.45357411
      }
    },
    {
      "geometry": {
        "type": "Point",
        "coordinates": [
          -81.44864702478371,
          30.645360891084312
        ],
        "crs": null
      },
      "id": 40,
      "type": "Feature",
      "properties": {
        "fulladdress": "Park Avenue right of way",
        "created_user": "kmulcahy",
        "latitude": 30.64536089,
        "globalid": "{6C2D160C-287C-4ED7-BE93-6EC104B0F9A8}",
        "picture2023": null,
        "parcelnumber": null,
        "picture2022": null,
        "dbh": "2.5",
        "picture2021": "https://ncflpataxcards.s3.us-east-1.amazonaws.com/CityOfFernandinaBeach/TreeCommittee/40-2021.jpg",
        "long": -81.4486465,
        "picture2020": null,
        "dateofplanting": 1619064000000,
        "picture2019": null,
        "last_edited_user": "kmulcahy",
        "commonname": "Live Oak",
        "picture2018": null,
        "spieces": "Quercus Virginiana",
        "last_edited_date": 1764107217000,
        "created_date": 1764107217000,
        "objectid": 40,
        "propertyowner": null,
        "lat": 30.6453609,
        "height": "12",
        "longitude": -81.44864702
      }
    },
    {
      "geometry": {
        "type": "Point",
        "coordinates": [
          -81.45737370950961,
          30.62263185092644
        ],
        "crs": null
      },
      "id": 43,
      "type": "Feature",
      "properties": {
        "fulladdress": null,
        "created_user": "kmulcahy",
        "latitude": 30.62263185,
        "globalid": "{79E59E85-5C76-4927-927C-64954201ED3C}",
        "picture2023": null,
        "parcelnumber": null,
        "picture2022": null,
        "dbh": "2.5",
        "picture2021": null,
        "long": -81.4573746,
        "picture2020": null,
        "dateofplanting": 1577854800000,
        "picture2019": null,
        "last_edited_user": "kmulcahy",
        "commonname": "Live Oak",
        "picture2018": null,
        "spieces": null,
        "last_edited_date": 1764107217000,
        "created_date": 1764107217000,
        "objectid": 43,
        "propertyowner": null,
        "lat": 30.6226311,
        "height": "8",
        "longitude": -81.45737371
      }
    },
    {
      "geometry": {
        "type": "Point",
        "coordinates": [
          -81.45762382563753,
          30.622837276023457
        ],
        "crs": null
      },
      "id": 44,
      "type": "Feature",
      "properties": {
        "fulladdress": null,
        "created_user": "kmulcahy",
        "latitude": 30.62283728,
        "globalid": "{626738B2-869E-49DC-B366-B62EB74B0674}",
        "picture2023": null,
        "parcelnumber": null,
        "picture2022": null,
        "dbh": "4",
        "picture2021": null,
        "long": -81.4576263,
        "picture2020": null,
        "dateofplanting": 1577854800000,
        "picture2019": null,
        "last_edited_user": "kmulcahy",
        "commonname": "Magnolia",
        "picture2018": null,
        "spieces": null,
        "last_edited_date": 1764107217000,
        "created_date": 1764107217000,
        "objectid": 44,
        "propertyowner": null,
        "lat": 30.6228371,
        "height": "15",
        "longitude": -81.45762383
      }
    },
    {
      "geometry": {
        "type": "Point",
        "coordinates": [
          -81.45791551579681,
          30.62284073767584
        ],
        "crs": null
      },
      "id": 48,
      "type": "Feature",
      "properties": {
        "fulladdress": null,
        "created_user": "kmulcahy",
        "latitude": 30.62284074,
        "globalid": "{53C507FB-ECB9-4565-B3CA-B7FF46C3A83E}",
        "picture2023": null,
        "parcelnumber": null,
        "picture2022": null,
        "dbh": "2.5",
        "picture2021": null,
        "long": -81.4579163,
        "picture2020": null,
        "dateofplanting": 1577854800000,
        "picture2019": null,
        "last_edited_user": "kmulcahy",
        "commonname": "Live Oak",
        "picture2018": null,
        "spieces": null,
        "last_edited_date": 1764107217000,
        "created_date": 1764107217000,
        "objectid": 48,
        "propertyowner": null,
        "lat": 30.6228409,
        "height": "8",
        "longitude": -81.45791552
      }
    },
    {
      "geometry": {
        "type": "Point",
        "coordinates": [
          -81.45855790464975,
          30.62284189181765
        ],
        "crs": null
      },
      "id": 57,
      "type": "Feature",
      "properties": {
        "fulladdress": null,
        "created_user": "kmulcahy",
        "latitude": 30.62284189,
        "globalid": "{BCC4CD53-96C9-4422-9685-F5AA87C342CE}",
        "picture2023": null,
        "parcelnumber": null,
        "picture2022": null,
        "dbh": "2.5",
        "picture2021": null,
        "long": -81.4585571,
        "picture2020": null,
        "dateofplanting": 1577854800000,
        "picture2019": null,
        "last_edited_user": "kmulcahy",
        "commonname": "Live Oak",
        "picture2018": null,
        "spieces": null,
        "last_edited_date": 1764107217000,
        "created_date": 1764107217000,
        "objectid": 57,
        "propertyowner": null,
        "lat": 30.6228428,
        "height": "8",
        "longitude": -81.4585579
      }
    },
    {
      "geometry": {
        "type": "Point",
        "coordinates": [
          -81.45920163468742,
          30.62257183849691
        ],
        "crs": null
      },
      "id": 72,
      "type": "Feature",
      "properties": {
        "fulladdress": null,
        "created_user": "kmulcahy",
        "latitude": 30.62257184,
        "globalid": "{0A5857A8-C3C4-4225-9A39-4394AF96C76B}",
        "picture2023": null,
        "parcelnumber": null,
        "picture2022": null,
        "dbh": "2.5",
        "picture2021": null,
        "long": -81.459198,
        "picture2020": null,
        "dateofplanting": 1577854800000,
        "picture2019": null,
        "last_edited_user": "kmulcahy",
        "commonname": "Live Oak",
        "picture2018": null,
        "spieces": null,
        "last_edited_date": 1764107217000,
        "created_date": 1764107217000,
        "objectid": 72,
        "propertyowner": null,
        "lat": 30.6225719,
        "height": "8",
        "longitude": -81.45920163
      }
    },
    {
      "geometry": {
        "type": "Point",
        "coordinates": [
          -81.45905277216673,
          30.622510672657498
        ],
        "crs": null
      },
      "id": 73,
      "type": "Feature",
      "properties": {
        "fulladdress": null,
        "created_user": "kmulcahy",
        "latitude": 30.62251067,
        "globalid": "{88BA48C9-1DFF-4EDE-A55D-F961E3763838}",
        "picture2023": null,
        "parcelnumber": null,
        "picture2022": null,
        "dbh": "2.5",
        "picture2021": null,
        "long": -81.459053,
        "picture2020": null,
        "dateofplanting": 1577854800000,
        "picture2019": null,
        "last_edited_user": "kmulcahy",
        "commonname": "Live Oak",
        "picture2018": null,
        "spieces": null,
        "last_edited_date": 1764107217000,
        "created_date": 1764107217000,
        "objectid": 73,
        "propertyowner": null,
        "lat": 30.6225109,
        "height": "8",
        "longitude": -81.45905277
      }
    },
    {
      "geometry": {
        "type": "Point",
        "coordinates": [
          -81.44913019354075,
          30.659345936339516
        ],
        "crs": null
      },
      "id": 87,
      "type": "Feature",
      "properties": {
        "fulladdress": "Soccer fields",
        "created_user": "kmulcahy",
        "latitude": 30.65934594,
        "globalid": "{B7A1AC34-5FAA-46DF-BC8F-49DBAEE26145}",
        "picture2023": null,
        "parcelnumber": "00-00-31-1600-0153-0000",
        "picture2022": null,
        "dbh": "2\"",
        "picture2021": null,
        "long": -81.4491272,
        "picture2020": null,
        "dateofplanting": 1631505600000,
        "picture2019": null,
        "last_edited_user": "kmulcahy",
        "commonname": "Trident Maple",
        "picture2018": null,
        "spieces": "Acer buergerianum",
        "last_edited_date": 1764107217000,
        "created_date": 1764107217000,
        "objectid": 87,
        "propertyowner": "City of Fernandina Beach",
        "lat": 30.6593456,
        "height": "8 ft",
        "longitude": -81.44913019
      }
    },
    {
      "geometry": {
        "type": "Point",
        "coordinates": [
          -81.44643122143928,
          30.657779284779842
        ],
        "crs": null
      },
      "id": 103,
      "type": "Feature",
      "properties": {
        "fulladdress": "Indigo St ROW",
        "created_user": "kmulcahy",
        "latitude": 30.65777928,
        "globalid": "{347BB421-4D13-400F-AC79-49E36EB0D7B1}",
        "picture2023": null,
        "parcelnumber": "00-00-31-1180-0053-0000",
        "picture2022": null,
        "dbh": "2\"",
        "picture2021": null,
        "long": -81.446434,
        "picture2020": null,
        "dateofplanting": 1631592000000,
        "picture2019": null,
        "last_edited_user": "kmulcahy",
        "commonname": "East Palatka Holly",
        "picture2018": null,
        "spieces": "Ilex x attenuata",
        "last_edited_date": 1764107217000,
        "created_date": 1764107217000,
        "objectid": 103,
        "propertyowner": "City of Fernandina Beach",
        "lat": 30.6577797,
        "height": "8 ft",
        "longitude": -81.44643122
      }
    },
    {
      "geometry": {
        "type": "Point",
        "coordinates": [
          -81.43696088347343,
          30.637672431249623
        ],
        "crs": null
      },
      "id": 113,
      "type": "Feature",
      "properties": {
        "fulladdress": "Seaside Park",
        "created_user": "kmulcahy",
        "latitude": 30.63767243,
        "globalid": "{14A9C701-CC2C-420A-BAA5-3C64B977B567}",
        "picture2023": null,
        "parcelnumber": "00-00-31-1360-0001-0000",
        "picture2022": null,
        "dbh": "1\"",
        "picture2021": null,
        "long": -81.4369583,
        "picture2020": null,
        "dateofplanting": 1635480000000,
        "picture2019": null,
        "last_edited_user": "kmulcahy",
        "commonname": "Wax Myrtle",
        "picture2018": null,
        "spieces": "Myrica cerifera",
        "last_edited_date": 1764107217000,
        "created_date": 1764107217000,
        "objectid": 113,
        "propertyowner": "City of Fernandina Beach",
        "lat": 30.6376724,
        "height": "2 ft",
        "longitude": -81.43696088
      }
    },
    {
      "geometry": {
        "type": "Point",
        "coordinates": [
          -81.45513687301113,
          30.656976913245632
        ],
        "crs": null
      },
      "id": 117,
      "type": "Feature",
      "properties": {
        "fulladdress": "West side of S 13th St",
        "created_user": "kmulcahy",
        "latitude": 30.65697691,
        "globalid": "{016C88C9-4860-4022-BE98-7DAC19DCA63D}",
        "picture2023": null,
        "parcelnumber": "00-00-31-1800-0234-0060",
        "picture2022": null,
        "dbh": "1\"",
        "picture2021": null,
        "long": -81.4551392,
        "picture2020": null,
        "dateofplanting": 1636520400000,
        "picture2019": null,
        "last_edited_user": "kmulcahy",
        "commonname": "Winged Elm",
        "picture2018": null,
        "spieces": "Ulmus alata",
        "last_edited_date": 1764107217000,
        "created_date": 1764107217000,
        "objectid": 117,
        "propertyowner": "City of Fernandina Beach",
        "lat": 30.6569767,
        "height": "4 ft",
        "longitude": -81.45513687
      }
    },
    {
      "geometry": {
        "type": "Point",
        "coordinates": [
          -81.45516101253943,
          30.6568730832612
        ],
        "crs": null
      },
      "id": 119,
      "type": "Feature",
      "properties": {
        "fulladdress": "West side of S 13th St",
        "created_user": "kmulcahy",
        "latitude": 30.65687308,
        "globalid": "{370CE67B-FDEE-44B6-A16F-9D14FB2CC9F2}",
        "picture2023": null,
        "parcelnumber": "00-00-31-1800-0234-0060",
        "picture2022": null,
        "dbh": "1\"",
        "picture2021": null,
        "long": -81.455162,
        "picture2020": null,
        "dateofplanting": 1636520400000,
        "picture2019": null,
        "last_edited_user": "kmulcahy",
        "commonname": "Winged Elm",
        "picture2018": null,
        "spieces": "Ulmus alata",
        "last_edited_date": 1764107217000,
        "created_date": 1764107217000,
        "objectid": 119,
        "propertyowner": "City of Fernandina Beach",
        "lat": 30.6568737,
        "height": "4 ft",
        "longitude": -81.45516101
      }
    },
    {
      "geometry": {
        "type": "Point",
        "coordinates": [
          -81.45919761113323,
          30.62245296844575
        ],
        "crs": null
      },
      "id": 74,
      "type": "Feature",
      "properties": {
        "fulladdress": null,
        "created_user": "kmulcahy",
        "latitude": 30.62245297,
        "globalid": "{3C266A7B-FA46-489C-97A6-517870C53C18}",
        "picture2023": null,
        "parcelnumber": null,
        "picture2022": null,
        "dbh": "2.5",
        "picture2021": null,
        "long": -81.459198,
        "picture2020": null,
        "dateofplanting": 1577854800000,
        "picture2019": null,
        "last_edited_user": "kmulcahy",
        "commonname": "Live Oak",
        "picture2018": null,
        "spieces": null,
        "last_edited_date": 1764107217000,
        "created_date": 1764107217000,
        "objectid": 74,
        "propertyowner": null,
        "lat": 30.6224537,
        "height": "8",
        "longitude": -81.45919761
      }
    },
    {
      "geometry": {
        "type": "Point",
        "coordinates": [
          -81.45526025481877,
          30.656137041063932
        ],
        "crs": null
      },
      "id": 120,
      "type": "Feature",
      "properties": {
        "fulladdress": "West side of S 13th St",
        "created_user": "kmulcahy",
        "latitude": 30.65613704,
        "globalid": "{31D6049D-271F-4335-8E36-3156D88F335B}",
        "picture2023": null,
        "parcelnumber": "00-00-31-1800-0234-0060",
        "picture2022": null,
        "dbh": "1\"",
        "picture2021": null,
        "long": -81.4552612,
        "picture2020": null,
        "dateofplanting": 1636520400000,
        "picture2019": null,
        "last_edited_user": "kmulcahy",
        "commonname": "Winged Elm",
        "picture2018": null,
        "spieces": "Ulmus alata",
        "last_edited_date": 1764107217000,
        "created_date": 1764107217000,
        "objectid": 120,
        "propertyowner": "City of Fernandina Beach",
        "lat": 30.6561375,
        "height": "4 ft",
        "longitude": -81.45526025
      }
    },
    {
      "geometry": {
        "type": "Point",
        "coordinates": [
          -81.45528707671652,
          30.655968604253303
        ],
        "crs": null
      },
      "id": 121,
      "type": "Feature",
      "properties": {
        "fulladdress": "West side of S 13th St",
        "created_user": "kmulcahy",
        "latitude": 30.6559686,
        "globalid": "{1B273390-071A-4A82-B0AF-4E01F822C525}",
        "picture2023": null,
        "parcelnumber": "00-00-31-1800-0234-0060",
        "picture2022": null,
        "dbh": "1\"",
        "picture2021": null,
        "long": -81.4552841,
        "picture2020": null,
        "dateofplanting": 1636520400000,
        "picture2019": null,
        "last_edited_user": "kmulcahy",
        "commonname": "Red Maple",
        "picture2018": null,
        "spieces": "Acer rubrum",
        "last_edited_date": 1764107217000,
        "created_date": 1764107217000,
        "objectid": 121,
        "propertyowner": "City of Fernandina Beach",
        "lat": 30.6559677,
        "height": "6 ft",
        "longitude": -81.45528708
      }
    },
    {
      "geometry": {
        "type": "Point",
        "coordinates": [
          -81.46066557598681,
          30.669864467576076
        ],
        "crs": null
      },
      "id": 125,
      "type": "Feature",
      "properties": {
        "fulladdress": "S 6th St and Ash ROW",
        "created_user": "kmulcahy",
        "latitude": 30.66986447,
        "globalid": "{FA32B4D0-B186-4918-97CD-6B88D35F112C}",
        "picture2023": null,
        "parcelnumber": "00-00-31-1800-0029-0070",
        "picture2022": null,
        "dbh": "1.5\"",
        "picture2021": null,
        "long": -81.4606628,
        "picture2020": null,
        "dateofplanting": 1631505600000,
        "picture2019": null,
        "last_edited_user": "kmulcahy",
        "commonname": "Weeping Bottle Brush",
        "picture2018": null,
        "spieces": "Melaleuca viminalis",
        "last_edited_date": 1764107217000,
        "created_date": 1764107217000,
        "objectid": 125,
        "propertyowner": "City of Fernandina Beach",
        "lat": 30.6698647,
        "height": "6 ft",
        "longitude": -81.46066558
      }
    },
    {
      "geometry": {
        "type": "Point",
        "coordinates": [
          -81.45116116851547,
          30.684758616090754
        ],
        "crs": null
      },
      "id": 147,
      "type": "Feature",
      "properties": {
        "fulladdress": "Bosque Bello",
        "created_user": "kmulcahy",
        "latitude": 30.68475862,
        "globalid": "{46BBF47E-6005-4283-B095-ECC246A05320}",
        "picture2023": null,
        "parcelnumber": "00-00-31-1800-0250-0010",
        "picture2022": null,
        "dbh": "2\"",
        "picture2021": null,
        "long": -81.4511642,
        "picture2020": null,
        "dateofplanting": 1636693200000,
        "picture2019": null,
        "last_edited_user": "kmulcahy",
        "commonname": "Live Oak",
        "picture2018": null,
        "spieces": "Quercus virginiana",
        "last_edited_date": 1764107217000,
        "created_date": 1764107217000,
        "objectid": 147,
        "propertyowner": "COFB",
        "lat": 30.6847591,
        "height": "8 ft",
        "longitude": -81.45116117
      }
    },
    {
      "geometry": {
        "type": "Point",
        "coordinates": [
          -81.45134624122694,
          30.684281134720962
        ],
        "crs": null
      },
      "id": 149,
      "type": "Feature",
      "properties": {
        "fulladdress": "Bosque Belllo",
        "created_user": "kmulcahy",
        "latitude": 30.68428113,
        "globalid": "{5CECB761-3914-41D5-9DBB-CA0279C5962A}",
        "picture2023": null,
        "parcelnumber": "00-00-31-1800-0250-0010",
        "picture2022": null,
        "dbh": "2\"",
        "picture2021": null,
        "long": -81.4513474,
        "picture2020": null,
        "dateofplanting": 1636693200000,
        "picture2019": null,
        "last_edited_user": "kmulcahy",
        "commonname": "Southern Red Cedar",
        "picture2018": null,
        "spieces": "Juniperu bermudiana",
        "last_edited_date": 1764107217000,
        "created_date": 1764107217000,
        "objectid": 149,
        "propertyowner": "COFB",
        "lat": 30.6842804,
        "height": "6 ft",
        "longitude": -81.45134624
      }
    },
    {
      "geometry": {
        "type": "Point",
        "coordinates": [
          -81.45173382025459,
          30.684803596473195
        ],
        "crs": null
      },
      "id": 153,
      "type": "Feature",
      "properties": {
        "fulladdress": "Bosque Bello",
        "created_user": "kmulcahy",
        "latitude": 30.6848036,
        "globalid": "{29C1EB45-1482-4A1D-87D7-D8E94F2FDF0B}",
        "picture2023": null,
        "parcelnumber": "00-00-31-1800-0250-0010",
        "picture2022": null,
        "dbh": "2\"",
        "picture2021": null,
        "long": -81.4517365,
        "picture2020": null,
        "dateofplanting": 1636693200000,
        "picture2019": null,
        "last_edited_user": "kmulcahy",
        "commonname": "Live Oak",
        "picture2018": null,
        "spieces": "Quercus virginiana",
        "last_edited_date": 1764107217000,
        "created_date": 1764107217000,
        "objectid": 153,
        "propertyowner": "COFB",
        "lat": 30.684803,
        "height": "8 ft",
        "longitude": -81.45173382
      }
    },
    {
      "geometry": {
        "type": "Point",
        "coordinates": [
          -81.4584687585359,
          30.6587112930232
        ],
        "crs": null
      },
      "id": 161,
      "type": "Feature",
      "properties": {
        "fulladdress": "Housing Authority",
        "created_user": "kmulcahy",
        "latitude": 30.65871129,
        "globalid": "{A8A58465-3E4D-4FD7-9171-DC8771D907A9}",
        "picture2023": null,
        "parcelnumber": "00-00-31-1800-0169-0030",
        "picture2022": null,
        "dbh": "2\"",
        "picture2021": null,
        "long": -81.4584656,
        "picture2020": null,
        "dateofplanting": 1637125200000,
        "picture2019": null,
        "last_edited_user": "kmulcahy",
        "commonname": "Southern Red Cedar",
        "picture2018": null,
        "spieces": "Juniperus bermudiana",
        "last_edited_date": 1764107217000,
        "created_date": 1764107217000,
        "objectid": 161,
        "propertyowner": "COFB",
        "lat": 30.6587105,
        "height": "8 ft",
        "longitude": -81.45846876
      }
    },
    {
      "geometry": {
        "type": "Point",
        "coordinates": [
          -81.45304168735821,
          30.645773070247007
        ],
        "crs": null
      },
      "id": 15,
      "type": "Feature",
      "properties": {
        "fulladdress": "Park Avenue right of way",
        "created_user": "kmulcahy",
        "latitude": 30.64577307,
        "globalid": "{BE5CC8B1-A9C0-4BCD-8B5C-5DA5C666F1AB}",
        "picture2023": null,
        "parcelnumber": null,
        "picture2022": null,
        "dbh": "2.5 Inches",
        "picture2021": "https://ncflpataxcards.s3.us-east-1.amazonaws.com/CityOfFernandinaBeach/TreeCommittee/15-2021.jpg",
        "long": -81.4530411,
        "picture2020": null,
        "dateofplanting": 1619064000000,
        "picture2019": null,
        "last_edited_user": "kmulcahy",
        "commonname": "Live Oak",
        "picture2018": null,
        "spieces": "Quercus Virginiana",
        "last_edited_date": 1764107217000,
        "created_date": 1764107217000,
        "objectid": 15,
        "propertyowner": null,
        "lat": 30.6457729,
        "height": "12 Feet",
        "longitude": -81.45304169
      }
    },
    {
      "geometry": {
        "type": "Point",
        "coordinates": [
          -81.44682617653373,
          30.657819085579046
        ],
        "crs": null
      },
      "id": 95,
      "type": "Feature",
      "properties": {
        "fulladdress": "Indigo St rROW",
        "created_user": "kmulcahy",
        "latitude": 30.65781909,
        "globalid": "{05069DF1-BE2C-478E-92DA-CD0A02AFC104}",
        "picture2023": null,
        "parcelnumber": "00-00-31-1180-0053-0000",
        "picture2022": null,
        "dbh": "2\"",
        "picture2021": null,
        "long": -81.4468231,
        "picture2020": null,
        "dateofplanting": 1631592000000,
        "picture2019": null,
        "last_edited_user": "kmulcahy",
        "commonname": "Eastern Red Cedar",
        "picture2018": null,
        "spieces": "Juniperus virginiana",
        "last_edited_date": 1764107217000,
        "created_date": 1764107217000,
        "objectid": 95,
        "propertyowner": "City of Fernandina Beach",
        "lat": 30.6578197,
        "height": "6 ft",
        "longitude": -81.44682618
      }
    },
    {
      "geometry": {
        "type": "Point",
        "coordinates": [
          -81.46588915719309,
          30.62460818882259
        ],
        "crs": null
      },
      "id": 357,
      "type": "Feature",
      "properties": {
        "fulladdress": "2890 Santa Maria Dr",
        "created_user": "kmulcahy",
        "latitude": null,
        "globalid": "{F93D96A6-C2D8-4B1C-B19B-DD68882D4D13}",
        "picture2023": null,
        "parcelnumber": "00-00-31-087I-000A-0000",
        "picture2022": null,
        "dbh": "2\"",
        "picture2021": null,
        "long": null,
        "picture2020": null,
        "dateofplanting": 1700456400000,
        "picture2019": null,
        "last_edited_user": "kmulcahy",
        "commonname": "River Birch",
        "picture2018": null,
        "spieces": "Betula nigra",
        "last_edited_date": 1764107217000,
        "created_date": 1764107217000,
        "objectid": 357,
        "propertyowner": "Isle De Mai HOA",
        "lat": null,
        "height": "8 ft",
        "longitude": null
      }
    },
    {
      "geometry": {
        "type": "Point",
        "coordinates": [
          -81.44250029436729,
          30.64068625544175
        ],
        "crs": null
      },
      "id": 363,
      "type": "Feature",
      "properties": {
        "fulladdress": "1855 Amelia Oaks Dr",
        "created_user": "kmulcahy",
        "latitude": null,
        "globalid": "{5861ECA1-D2A3-4E99-9603-E04A96D19D1C}",
        "picture2023": null,
        "parcelnumber": "29-3N-28-0100-000A-0000",
        "picture2022": null,
        "dbh": "1.5\"",
        "picture2021": null,
        "long": null,
        "picture2020": null,
        "dateofplanting": 1700456400000,
        "picture2019": null,
        "last_edited_user": "kmulcahy",
        "commonname": "Cassia",
        "picture2018": null,
        "spieces": "Cassia fistula",
        "last_edited_date": 1764107217000,
        "created_date": 1764107217000,
        "objectid": 363,
        "propertyowner": "Amelia Oaks HOA",
        "lat": null,
        "height": "6 ft",
        "longitude": null
      }
    },
    {
      "geometry": {
        "type": "Point",
        "coordinates": [
          -81.45351816097141,
          30.645302983326697
        ],
        "crs": null
      },
      "id": 5,
      "type": "Feature",
      "properties": {
        "fulladdress": "Park Lane right of way",
        "created_user": "kmulcahy",
        "latitude": 30.64530298,
        "globalid": "{B878FA23-766F-4524-A038-27E8296AECE4}",
        "picture2023": null,
        "parcelnumber": null,
        "picture2022": null,
        "dbh": "2.5 Inches",
        "picture2021": "https://ncflpataxcards.s3.us-east-1.amazonaws.com/CityOfFernandinaBeach/TreeCommittee/5-2021.jpg",
        "long": -81.4535217,
        "picture2020": null,
        "dateofplanting": 1619064000000,
        "picture2019": null,
        "last_edited_user": "kmulcahy",
        "commonname": "Live Oak",
        "picture2018": null,
        "spieces": "Quercus Virginiana",
        "last_edited_date": 1764107217000,
        "created_date": 1764107217000,
        "objectid": 5,
        "propertyowner": null,
        "lat": 30.6453037,
        "height": "12 Feet",
        "longitude": -81.45351816
      }
    },
    {
      "geometry": {
        "type": "Point",
        "coordinates": [
          -81.45324419457269,
          30.645799607667826
        ],
        "crs": null
      },
      "id": 17,
      "type": "Feature",
      "properties": {
        "fulladdress": "Park Avenue right of way",
        "created_user": "kmulcahy",
        "latitude": 30.64579961,
        "globalid": "{57F88685-1198-4CE1-85BA-90D534A2D929}",
        "picture2023": null,
        "parcelnumber": null,
        "picture2022": null,
        "dbh": "2.5 Inches",
        "picture2021": "https://ncflpataxcards.s3.us-east-1.amazonaws.com/CityOfFernandinaBeach/TreeCommittee/17-2021.jpg",
        "long": -81.4532471,
        "picture2020": null,
        "dateofplanting": 1619064000000,
        "picture2019": null,
        "last_edited_user": "kmulcahy",
        "commonname": "Live Oak",
        "picture2018": null,
        "spieces": "Quercus Virginiana",
        "last_edited_date": 1764107217000,
        "created_date": 1764107217000,
        "objectid": 17,
        "propertyowner": null,
        "lat": 30.6457996,
        "height": "12 Feet",
        "longitude": -81.45324419
      }
    },
    {
      "geometry": {
        "type": "Point",
        "coordinates": [
          -81.45258705358617,
          30.648099101586894
        ],
        "crs": null
      },
      "id": 19,
      "type": "Feature",
      "properties": {
        "fulladdress": "Northpark Drive right of way",
        "created_user": "kmulcahy",
        "latitude": 30.6480991,
        "globalid": "{F337E367-C30D-4027-B677-6DED9E97B1E9}",
        "picture2023": null,
        "parcelnumber": null,
        "picture2022": null,
        "dbh": "2.5 Inches",
        "picture2021": "https://ncflpataxcards.s3.us-east-1.amazonaws.com/CityOfFernandinaBeach/TreeCommittee/19-2021.jpg",
        "long": -81.4525833,
        "picture2020": null,
        "dateofplanting": 1619064000000,
        "picture2019": null,
        "last_edited_user": "kmulcahy",
        "commonname": "Live Oak",
        "picture2018": null,
        "spieces": "Quercus Virginiana",
        "last_edited_date": 1764107217000,
        "created_date": 1764107217000,
        "objectid": 19,
        "propertyowner": null,
        "lat": 30.6480999,
        "height": "12 Feet",
        "longitude": -81.45258705
      }
    },
    {
      "geometry": {
        "type": "Point",
        "coordinates": [
          -81.45283649867258,
          30.645628845880225
        ],
        "crs": null
      },
      "id": 29,
      "type": "Feature",
      "properties": {
        "fulladdress": "Park Avenue right of way",
        "created_user": "kmulcahy",
        "latitude": 30.64562885,
        "globalid": "{2289D5B4-658F-4DB2-8948-B9CA6EEA8AC2}",
        "picture2023": null,
        "parcelnumber": null,
        "picture2022": null,
        "dbh": "2.5 Inches",
        "picture2021": "https://ncflpataxcards.s3.us-east-1.amazonaws.com/CityOfFernandinaBeach/TreeCommittee/29-2021.jpg",
        "long": -81.4528351,
        "picture2020": null,
        "dateofplanting": 1619064000000,
        "picture2019": null,
        "last_edited_user": "kmulcahy",
        "commonname": "Live Oak",
        "picture2018": null,
        "spieces": "Quercus Virginiana",
        "last_edited_date": 1764107217000,
        "created_date": 1764107217000,
        "objectid": 29,
        "propertyowner": null,
        "lat": 30.645628,
        "height": "12 Feet",
        "longitude": -81.4528365
      }
    },
    {
      "geometry": {
        "type": "Point",
        "coordinates": [
          -81.45296725654703,
          30.64564153767641
        ],
        "crs": null
      },
      "id": 30,
      "type": "Feature",
      "properties": {
        "fulladdress": "Park Avenue right of way",
        "created_user": "kmulcahy",
        "latitude": 30.64564154,
        "globalid": "{1264522C-03C5-47DD-ACD1-E2A67CEB3A68}",
        "picture2023": null,
        "parcelnumber": null,
        "picture2022": null,
        "dbh": "2.5 Inches",
        "picture2021": "https://ncflpataxcards.s3.us-east-1.amazonaws.com/CityOfFernandinaBeach/TreeCommittee/30-2021.jpg",
        "long": -81.4529648,
        "picture2020": null,
        "dateofplanting": 1619064000000,
        "picture2019": null,
        "last_edited_user": "kmulcahy",
        "commonname": "Live Oak",
        "picture2018": null,
        "spieces": "Quercus Virginiana",
        "last_edited_date": 1764107217000,
        "created_date": 1764107217000,
        "objectid": 30,
        "propertyowner": null,
        "lat": 30.6456413,
        "height": "12 Feet",
        "longitude": -81.45296726
      }
    },
    {
      "geometry": {
        "type": "Point",
        "coordinates": [
          -81.44861364069281,
          30.64568252439184
        ],
        "crs": null
      },
      "id": 37,
      "type": "Feature",
      "properties": {
        "fulladdress": "School Street right of way",
        "created_user": "kmulcahy",
        "latitude": 30.64568252,
        "globalid": "{7C70841C-7D48-4659-95B7-9C414597D3DD}",
        "picture2023": null,
        "parcelnumber": null,
        "picture2022": null,
        "dbh": "2.5 Inches",
        "picture2021": "https://ncflpataxcards.s3.us-east-1.amazonaws.com/CityOfFernandinaBeach/TreeCommittee/37-2021.jpg",
        "long": -81.448616,
        "picture2020": null,
        "dateofplanting": 1619064000000,
        "picture2019": null,
        "last_edited_user": "kmulcahy",
        "commonname": "Live Oak",
        "picture2018": null,
        "spieces": "Quercus Virginiana",
        "last_edited_date": 1764107217000,
        "created_date": 1764107217000,
        "objectid": 37,
        "propertyowner": null,
        "lat": 30.6456833,
        "height": "12 Feet",
        "longitude": -81.44861364
      }
    },
    {
      "geometry": {
        "type": "Point",
        "coordinates": [
          -81.45843184047267,
          30.622956144829622
        ],
        "crs": null
      },
      "id": 54,
      "type": "Feature",
      "properties": {
        "fulladdress": null,
        "created_user": "kmulcahy",
        "latitude": 30.62295614,
        "globalid": "{38C70614-A117-470F-9588-D59F14989553}",
        "picture2023": null,
        "parcelnumber": null,
        "picture2022": null,
        "dbh": "2.5",
        "picture2021": null,
        "long": -81.4584351,
        "picture2020": null,
        "dateofplanting": 1577854800000,
        "picture2019": null,
        "last_edited_user": "kmulcahy",
        "commonname": "Live Oak",
        "picture2018": null,
        "spieces": null,
        "last_edited_date": 1764107217000,
        "created_date": 1764107217000,
        "objectid": 54,
        "propertyowner": null,
        "lat": 30.6229553,
        "height": "8",
        "longitude": -81.45843184
      }
    },
    {
      "geometry": {
        "type": "Point",
        "coordinates": [
          -81.45857936270694,
          30.622946912478874
        ],
        "crs": null
      },
      "id": 56,
      "type": "Feature",
      "properties": {
        "fulladdress": null,
        "created_user": "kmulcahy",
        "latitude": 30.62294691,
        "globalid": "{8F937572-18B9-42D1-BC0E-33CC42D8EE5C}",
        "picture2023": null,
        "parcelnumber": null,
        "picture2022": null,
        "dbh": "2.5",
        "picture2021": null,
        "long": -81.45858,
        "picture2020": null,
        "dateofplanting": 1577854800000,
        "picture2019": null,
        "last_edited_user": "kmulcahy",
        "commonname": "Live Oak",
        "picture2018": null,
        "spieces": null,
        "last_edited_date": 1764107217000,
        "created_date": 1764107217000,
        "objectid": 56,
        "propertyowner": null,
        "lat": 30.6229477,
        "height": "8",
        "longitude": -81.45857936
      }
    },
    {
      "geometry": {
        "type": "Point",
        "coordinates": [
          -81.45897632912931,
          30.622958453110467
        ],
        "crs": null
      },
      "id": 61,
      "type": "Feature",
      "properties": {
        "fulladdress": null,
        "created_user": "kmulcahy",
        "latitude": 30.62295845,
        "globalid": "{F5F7F4BC-BFE4-48D6-8849-EA4E4301631F}",
        "picture2023": null,
        "parcelnumber": null,
        "picture2022": null,
        "dbh": "2.5",
        "picture2021": null,
        "long": -81.4589767,
        "picture2020": null,
        "dateofplanting": 1577854800000,
        "picture2019": null,
        "last_edited_user": "kmulcahy",
        "commonname": "Live Oak",
        "picture2018": null,
        "spieces": null,
        "last_edited_date": 1764107217000,
        "created_date": 1764107217000,
        "objectid": 61,
        "propertyowner": null,
        "lat": 30.6229591,
        "height": "8",
        "longitude": -81.45897633
      }
    },
    {
      "geometry": {
        "type": "Point",
        "coordinates": [
          -81.4593370862592,
          30.622214074529193
        ],
        "crs": null
      },
      "id": 77,
      "type": "Feature",
      "properties": {
        "fulladdress": null,
        "created_user": "kmulcahy",
        "latitude": 30.62221407,
        "globalid": "{08565B1B-DF35-41EF-A96A-F0C2BC8A32D4}",
        "picture2023": null,
        "parcelnumber": null,
        "picture2022": null,
        "dbh": "2.5",
        "picture2021": null,
        "long": -81.4593353,
        "picture2020": null,
        "dateofplanting": 1577854800000,
        "picture2019": null,
        "last_edited_user": "kmulcahy",
        "commonname": "Live Oak",
        "picture2018": null,
        "spieces": null,
        "last_edited_date": 1764107217000,
        "created_date": 1764107217000,
        "objectid": 77,
        "propertyowner": null,
        "lat": 30.6222134,
        "height": "8",
        "longitude": -81.45933709
      }
    },
    {
      "geometry": {
        "type": "Point",
        "coordinates": [
          -81.44874663806726,
          30.65930902004952
        ],
        "crs": null
      },
      "id": 88,
      "type": "Feature",
      "properties": {
        "fulladdress": "Soccer fields",
        "created_user": "kmulcahy",
        "latitude": 30.65930902,
        "globalid": "{696AB5C5-ABC7-4194-82BD-C29AB0B09231}",
        "picture2023": null,
        "parcelnumber": "00-00-31-1600-0153-0000",
        "picture2022": null,
        "dbh": "2\"",
        "picture2021": null,
        "long": -81.4487457,
        "picture2020": null,
        "dateofplanting": 1631505600000,
        "picture2019": null,
        "last_edited_user": "kmulcahy",
        "commonname": "Trident Maple",
        "picture2018": null,
        "spieces": "Acer buergerianum",
        "last_edited_date": 1764107217000,
        "created_date": 1764107217000,
        "objectid": 88,
        "propertyowner": "City of Fernandina Beach",
        "lat": 30.6593094,
        "height": "8 ft",
        "longitude": -81.44874664
      }
    },
    {
      "geometry": {
        "type": "Point",
        "coordinates": [
          -81.46126035592631,
          30.669775070824414
        ],
        "crs": null
      },
      "id": 131,
      "type": "Feature",
      "properties": {
        "fulladdress": "Ash St ROW",
        "created_user": "kmulcahy",
        "latitude": 30.66977507,
        "globalid": "{184C5F17-65C8-4A80-845A-3A91070A9C85}",
        "picture2023": null,
        "parcelnumber": "00-00-31-1800-0029-0063",
        "picture2022": null,
        "dbh": "2\"",
        "picture2021": null,
        "long": -81.4612579,
        "picture2020": null,
        "dateofplanting": 1631505600000,
        "picture2019": null,
        "last_edited_user": "kmulcahy",
        "commonname": "Bosque Elm",
        "picture2018": null,
        "spieces": "Ulmus parvifolia bosque",
        "last_edited_date": 1764107217000,
        "created_date": 1764107217000,
        "objectid": 131,
        "propertyowner": "City of Fernandina Beach",
        "lat": 30.669775,
        "height": "8 ft",
        "longitude": -81.46126036
      }
    },
    {
      "geometry": {
        "type": "Point",
        "coordinates": [
          -81.45035382382353,
          30.68566051881671
        ],
        "crs": null
      },
      "id": 138,
      "type": "Feature",
      "properties": {
        "fulladdress": "Bosque Bello",
        "created_user": "kmulcahy",
        "latitude": 30.68566052,
        "globalid": "{7C98A766-EC58-40DE-8C86-D50DBCE144CC}",
        "picture2023": null,
        "parcelnumber": "00-00-31-1800-0250-0010",
        "picture2022": null,
        "dbh": "2\"",
        "picture2021": null,
        "long": -81.4503555,
        "picture2020": null,
        "dateofplanting": 1636693200000,
        "picture2019": null,
        "last_edited_user": "kmulcahy",
        "commonname": "Live Oak",
        "picture2018": null,
        "spieces": "Quercus virginiana",
        "last_edited_date": 1764107217000,
        "created_date": 1764107217000,
        "objectid": 138,
        "propertyowner": "COFB",
        "lat": 30.6856613,
        "height": "8 ft",
        "longitude": -81.45035382
      }
    },
    {
      "geometry": {
        "type": "Point",
        "coordinates": [
          -81.4514132959713,
          30.684805903277724
        ],
        "crs": null
      },
      "id": 151,
      "type": "Feature",
      "properties": {
        "fulladdress": "Bosque Bello",
        "created_user": "kmulcahy",
        "latitude": 30.6848059,
        "globalid": "{34DEED31-9DE9-45BF-B740-ED58BDD646C8}",
        "picture2023": null,
        "parcelnumber": "00-00-31-1800-0250-0010",
        "picture2022": null,
        "dbh": "2\"",
        "picture2021": null,
        "long": -81.451416,
        "picture2020": null,
        "dateofplanting": 1636693200000,
        "picture2019": null,
        "last_edited_user": "kmulcahy",
        "commonname": "Souther Red Cedar",
        "picture2018": null,
        "spieces": "Juniperus bermudiana",
        "last_edited_date": 1764107217000,
        "created_date": 1764107217000,
        "objectid": 151,
        "propertyowner": "COFB",
        "lat": 30.6848068,
        "height": "6 ft",
        "longitude": -81.4514133
      }
    },
    {
      "geometry": {
        "type": "Point",
        "coordinates": [
          -81.45868869935512,
          30.658725136815768
        ],
        "crs": null
      },
      "id": 160,
      "type": "Feature",
      "properties": {
        "fulladdress": "Housing Authority",
        "created_user": "kmulcahy",
        "latitude": 30.65872514,
        "globalid": "{07DB9812-46EB-4194-BA88-4E2FD70B7B31}",
        "picture2023": null,
        "parcelnumber": "00-00-31-1800-0169-0030",
        "picture2022": null,
        "dbh": "2\"",
        "picture2021": null,
        "long": -81.4586868,
        "picture2020": null,
        "dateofplanting": 1637125200000,
        "picture2019": null,
        "last_edited_user": "kmulcahy",
        "commonname": "Southern Red Cedar",
        "picture2018": null,
        "spieces": "Juniperus bermudiana",
        "last_edited_date": 1764107217000,
        "created_date": 1764107217000,
        "objectid": 160,
        "propertyowner": "COFB",
        "lat": 30.6587257,
        "height": "8 ft",
        "longitude": -81.4586887
      }
    },
    {
      "geometry": {
        "type": "Point",
        "coordinates": [
          -81.45862298579546,
          30.658399808324404
        ],
        "crs": null
      },
      "id": 165,
      "type": "Feature",
      "properties": {
        "fulladdress": "Housing Authority",
        "created_user": "kmulcahy",
        "latitude": 30.65839981,
        "globalid": "{550E47D8-88BD-4ACE-AB2B-BE2E1EC06CE3}",
        "picture2023": null,
        "parcelnumber": "00-00-31-1800-0169-0030",
        "picture2022": null,
        "dbh": "1\"",
        "picture2021": null,
        "long": -81.4586258,
        "picture2020": null,
        "dateofplanting": 1637125200000,
        "picture2019": null,
        "last_edited_user": "kmulcahy",
        "commonname": "citrus",
        "picture2018": null,
        "spieces": "citrus",
        "last_edited_date": 1764107217000,
        "created_date": 1764107217000,
        "objectid": 165,
        "propertyowner": "COFB",
        "lat": 30.6583996,
        "height": "4 ft",
        "longitude": -81.45862299
      }
    },
    {
      "geometry": {
        "type": "Point",
        "coordinates": [
          -81.45829307411748,
          30.658579777280853
        ],
        "crs": null
      },
      "id": 171,
      "type": "Feature",
      "properties": {
        "fulladdress": "Housing Authority",
        "created_user": "kmulcahy",
        "latitude": 30.65857978,
        "globalid": "{80BB268E-C4FA-4EAD-8610-39232D93162E}",
        "picture2023": null,
        "parcelnumber": "00-00-31-1800-0169-0030",
        "picture2022": null,
        "dbh": "3-1\" multi",
        "picture2021": null,
        "long": -81.4582901,
        "picture2020": null,
        "dateofplanting": 1637125200000,
        "picture2019": null,
        "last_edited_user": "kmulcahy",
        "commonname": "River Birch",
        "picture2018": null,
        "spieces": "Betula nigra",
        "last_edited_date": 1764107217000,
        "created_date": 1764107217000,
        "objectid": 171,
        "propertyowner": "COFB",
        "lat": 30.6585789,
        "height": "5 ft",
        "longitude": -81.45829307
      }
    },
    {
      "geometry": {
        "type": "Point",
        "coordinates": [
          -81.45832525985578,
          30.658324821289078
        ],
        "crs": null
      },
      "id": 172,
      "type": "Feature",
      "properties": {
        "fulladdress": "Housing Authority",
        "created_user": "kmulcahy",
        "latitude": 30.65832482,
        "globalid": "{D40CBAF6-C315-4222-99CF-990B810A6BD0}",
        "picture2023": null,
        "parcelnumber": "00-00-31-1800-0169-0030",
        "picture2022": null,
        "dbh": "3-1\" multi",
        "picture2021": null,
        "long": -81.4583282,
        "picture2020": null,
        "dateofplanting": 1637125200000,
        "picture2019": null,
        "last_edited_user": "kmulcahy",
        "commonname": "River Birch",
        "picture2018": null,
        "spieces": "Betula nigra",
        "last_edited_date": 1764107217000,
        "created_date": 1764107217000,
        "objectid": 172,
        "propertyowner": "COFB",
        "lat": 30.6583252,
        "height": "5\"",
        "longitude": -81.45832526
      }
    },
    {
      "geometry": {
        "type": "Point",
        "coordinates": [
          -81.4579074686885,
          30.658440794267953
        ],
        "crs": null
      },
      "id": 179,
      "type": "Feature",
      "properties": {
        "fulladdress": "Housing Authority",
        "created_user": "kmulcahy",
        "latitude": 30.65844079,
        "globalid": "{E9480359-FB4E-4C8A-947F-A861F8985C7B}",
        "picture2023": null,
        "parcelnumber": "00-00-31-1800-0213-0042",
        "picture2022": null,
        "dbh": "1\"",
        "picture2021": null,
        "long": -81.4579086,
        "picture2020": null,
        "dateofplanting": 1637125200000,
        "picture2019": null,
        "last_edited_user": "kmulcahy",
        "commonname": "citrus",
        "picture2018": null,
        "spieces": "citrus",
        "last_edited_date": 1764107217000,
        "created_date": 1764107217000,
        "objectid": 179,
        "propertyowner": "COFB",
        "lat": 30.6584415,
        "height": "4ft",
        "longitude": -81.45790747
      }
    },
    {
      "geometry": {
        "type": "Point",
        "coordinates": [
          -81.45722381751962,
          30.66933927554254
        ],
        "crs": null
      },
      "id": 439,
      "type": "Feature",
      "properties": {
        "fulladdress": "28 S 10th St",
        "created_user": "kmulcahy",
        "latitude": null,
        "globalid": "{EEEFE2CB-FB2D-4197-8765-4CCC6CE9835A}",
        "picture2023": null,
        "parcelnumber": "00-00-31-1800-0053-0040",
        "picture2022": null,
        "dbh": "2\"",
        "picture2021": null,
        "long": null,
        "picture2020": null,
        "dateofplanting": 1713326400000,
        "picture2019": null,
        "last_edited_user": "kmulcahy",
        "commonname": "Eastern Red Bud",
        "picture2018": null,
        "spieces": "Cercis canadensis",
        "last_edited_date": 1764107217000,
        "created_date": 1764107217000,
        "objectid": 439,
        "propertyowner": "COFB ROW",
        "lat": null,
        "height": "6 ft",
        "longitude": null
      }
    },
    {
      "geometry": {
        "type": "Point",
        "coordinates": [
          -81.45171839887611,
          30.64245996633479
        ],
        "crs": null
      },
      "id": 4,
      "type": "Feature",
      "properties": {
        "fulladdress": "Lake Park Drive right of way",
        "created_user": "kmulcahy",
        "latitude": 30.64245997,
        "globalid": "{72042146-77D5-4199-AA5B-52E40112FF7D}",
        "picture2023": null,
        "parcelnumber": null,
        "picture2022": null,
        "dbh": "2.5 Inches",
        "picture2021": "https://ncflpataxcards.s3.us-east-1.amazonaws.com/CityOfFernandinaBeach/TreeCommittee/4-2021.jpg",
        "long": -81.4517212,
        "picture2020": null,
        "dateofplanting": 1619064000000,
        "picture2019": null,
        "last_edited_user": "kmulcahy",
        "commonname": "Live Oak",
        "picture2018": null,
        "spieces": "Quercus Virginiana",
        "last_edited_date": 1764107217000,
        "created_date": 1764107217000,
        "objectid": 4,
        "propertyowner": null,
        "lat": 30.6424599,
        "height": "12 Feet",
        "longitude": -81.4517184
      }
    },
    {
      "geometry": {
        "type": "Point",
        "coordinates": [
          -81.4368381727073,
          30.637645891598893
        ],
        "crs": null
      },
      "id": 104,
      "type": "Feature",
      "properties": {
        "fulladdress": "Seaside Park",
        "created_user": "kmulcahy",
        "latitude": 30.63764589,
        "globalid": "{B6EBC533-9CE9-4B80-8096-C5909D259108}",
        "picture2023": null,
        "parcelnumber": "00-00-31-1360-0001-0000",
        "picture2022": null,
        "dbh": "1\"",
        "picture2021": null,
        "long": -81.4368362,
        "picture2020": null,
        "dateofplanting": 1635480000000,
        "picture2019": null,
        "last_edited_user": "kmulcahy",
        "commonname": "Wax Myrtle",
        "picture2018": null,
        "spieces": "Myrica cerifera",
        "last_edited_date": 1764107217000,
        "created_date": 1764107217000,
        "objectid": 104,
        "propertyowner": "City of Fernandina Beach",
        "lat": 30.6376457,
        "height": "2 ft",
        "longitude": -81.43683817
      }
    },
    {
      "geometry": {
        "type": "Point",
        "coordinates": [
          -81.44868471899136,
          30.64556945208525
        ],
        "crs": null
      },
      "id": 35,
      "type": "Feature",
      "properties": {
        "fulladdress": "School Street right of way",
        "created_user": "kmulcahy",
        "latitude": 30.64556945,
        "globalid": "{63646CED-B410-4A20-AAFB-370F086EC368}",
        "picture2023": null,
        "parcelnumber": null,
        "picture2022": null,
        "dbh": "2.5 Inches",
        "picture2021": "https://ncflpataxcards.s3.us-east-1.amazonaws.com/CityOfFernandinaBeach/TreeCommittee/35-2021.jpg",
        "long": -81.4486847,
        "picture2020": null,
        "dateofplanting": 1619064000000,
        "picture2019": null,
        "last_edited_user": "kmulcahy",
        "commonname": "Live Oak",
        "picture2018": null,
        "spieces": "Quercus Virginiana",
        "last_edited_date": 1764107217000,
        "created_date": 1764107217000,
        "objectid": 35,
        "propertyowner": null,
        "lat": 30.6455688,
        "height": "12 Feet",
        "longitude": -81.44868472
      }
    },
    {
      "geometry": {
        "type": "Point",
        "coordinates": [
          -81.45765265886322,
          30.622951529040876
        ],
        "crs": null
      },
      "id": 45,
      "type": "Feature",
      "properties": {
        "fulladdress": null,
        "created_user": "kmulcahy",
        "latitude": 30.62295153,
        "globalid": "{172D780A-6EC0-4244-AFC3-D4315CE17C77}",
        "picture2023": null,
        "parcelnumber": null,
        "picture2022": null,
        "dbh": "2.5",
        "picture2021": null,
        "long": -81.4576492,
        "picture2020": null,
        "dateofplanting": 1577854800000,
        "picture2019": null,
        "last_edited_user": "kmulcahy",
        "commonname": "Live Oak",
        "picture2018": null,
        "spieces": null,
        "last_edited_date": 1764107217000,
        "created_date": 1764107217000,
        "objectid": 45,
        "propertyowner": null,
        "lat": 30.6229515,
        "height": "8",
        "longitude": -81.45765266
      }
    },
    {
      "geometry": {
        "type": "Point",
        "coordinates": [
          -81.45812338685188,
          30.62295383732177
        ],
        "crs": null
      },
      "id": 50,
      "type": "Feature",
      "properties": {
        "fulladdress": null,
        "created_user": "kmulcahy",
        "latitude": 30.62295384,
        "globalid": "{EA6BA54F-F1E7-4E02-9D13-B996E4F1F9A0}",
        "picture2023": null,
        "parcelnumber": null,
        "picture2022": null,
        "dbh": "2.5",
        "picture2021": null,
        "long": -81.4581223,
        "picture2020": null,
        "dateofplanting": 1577854800000,
        "picture2019": null,
        "last_edited_user": "kmulcahy",
        "commonname": "Live Oak",
        "picture2018": null,
        "spieces": null,
        "last_edited_date": 1764107217000,
        "created_date": 1764107217000,
        "objectid": 50,
        "propertyowner": null,
        "lat": 30.6229534,
        "height": "8",
        "longitude": -81.45812339
      }
    },
    {
      "geometry": {
        "type": "Point",
        "coordinates": [
          -81.45924186753403,
          30.622973456161375
        ],
        "crs": null
      },
      "id": 63,
      "type": "Feature",
      "properties": {
        "fulladdress": null,
        "created_user": "kmulcahy",
        "latitude": 30.62297346,
        "globalid": "{1A1C219D-E415-47B5-A192-1E1F602DC4B9}",
        "picture2023": null,
        "parcelnumber": null,
        "picture2022": null,
        "dbh": "2.5",
        "picture2021": null,
        "long": -81.4592438,
        "picture2020": null,
        "dateofplanting": 1577854800000,
        "picture2019": null,
        "last_edited_user": "kmulcahy",
        "commonname": "Live Oak",
        "picture2018": null,
        "spieces": null,
        "last_edited_date": 1764107217000,
        "created_date": 1764107217000,
        "objectid": 63,
        "propertyowner": null,
        "lat": 30.6229744,
        "height": "8",
        "longitude": -81.45924187
      }
    },
    {
      "geometry": {
        "type": "Point",
        "coordinates": [
          -81.4594269402455,
          30.622967686233174
        ],
        "crs": null
      },
      "id": 67,
      "type": "Feature",
      "properties": {
        "fulladdress": null,
        "created_user": "kmulcahy",
        "latitude": 30.62296769,
        "globalid": "{34A3FD4C-3470-469A-9AB7-8F48106A92F0}",
        "picture2023": null,
        "parcelnumber": null,
        "picture2022": null,
        "dbh": "2.5",
        "picture2021": null,
        "long": -81.4594269,
        "picture2020": null,
        "dateofplanting": 1577854800000,
        "picture2019": null,
        "last_edited_user": "kmulcahy",
        "commonname": "Live Oak",
        "picture2018": null,
        "spieces": null,
        "last_edited_date": 1764107217000,
        "created_date": 1764107217000,
        "objectid": 67,
        "propertyowner": null,
        "lat": 30.6229668,
        "height": "8",
        "longitude": -81.45942694
      }
    },
    {
      "geometry": {
        "type": "Point",
        "coordinates": [
          -81.44729019859881,
          30.659147511018396
        ],
        "crs": null
      },
      "id": 86,
      "type": "Feature",
      "properties": {
        "fulladdress": "Soccer Fields",
        "created_user": "kmulcahy",
        "latitude": 30.65914751,
        "globalid": "{949B7F97-8DEC-4339-B9A7-84D19070DA82}",
        "picture2023": null,
        "parcelnumber": "00-00-31-1600-0153-0000",
        "picture2022": null,
        "dbh": "2\"",
        "picture2021": null,
        "long": -81.4472885,
        "picture2020": null,
        "dateofplanting": 1631505600000,
        "picture2019": null,
        "last_edited_user": "kmulcahy",
        "commonname": "Trident Maple",
        "picture2018": null,
        "spieces": "Acer buergerianum",
        "last_edited_date": 1764107217000,
        "created_date": 1764107217000,
        "objectid": 86,
        "propertyowner": "City of Fernandina Beach",
        "lat": 30.6591473,
        "height": "8 ft",
        "longitude": -81.4472902
      }
    },
    {
      "geometry": {
        "type": "Point",
        "coordinates": [
          -81.44770057686837,
          30.6591936562626
        ],
        "crs": null
      },
      "id": 89,
      "type": "Feature",
      "properties": {
        "fulladdress": "Soccer Fields",
        "created_user": "kmulcahy",
        "latitude": 30.65919366,
        "globalid": "{541C3A4E-65B5-45C2-BD31-B4ED457DDB23}",
        "picture2023": null,
        "parcelnumber": "00-00-31-1600-0153-0000",
        "picture2022": null,
        "dbh": "2\"",
        "picture2021": null,
        "long": -81.4477005,
        "picture2020": null,
        "dateofplanting": 1631505600000,
        "picture2019": null,
        "last_edited_user": "kmulcahy",
        "commonname": "Trident Maple",
        "picture2018": null,
        "spieces": "Acer buergerianum",
        "last_edited_date": 1764107217000,
        "created_date": 1764107217000,
        "objectid": 89,
        "propertyowner": "City of Fernandina Beach",
        "lat": 30.659193,
        "height": "8 ft",
        "longitude": -81.44770058
      }
    },
    {
      "geometry": {
        "type": "Point",
        "coordinates": [
          -81.44751550415688,
          30.65917058364326
        ],
        "crs": null
      },
      "id": 90,
      "type": "Feature",
      "properties": {
        "fulladdress": "Soccer Fields",
        "created_user": "kmulcahy",
        "latitude": 30.65917058,
        "globalid": "{8FB4A72A-76F7-4D5D-BC22-37599E9D1191}",
        "picture2023": null,
        "parcelnumber": "00-00-31-1600-0153-0000",
        "picture2022": null,
        "dbh": "2\"",
        "picture2021": null,
        "long": -81.4475174,
        "picture2020": null,
        "dateofplanting": 1631505600000,
        "picture2019": null,
        "last_edited_user": "kmulcahy",
        "commonname": "Bosque Elm",
        "picture2018": null,
        "spieces": "Ulmus parvifolia 'Bosque'",
        "last_edited_date": 1764107217000,
        "created_date": 1764107217000,
        "objectid": 90,
        "propertyowner": "City of Fernandina Beach",
        "lat": 30.6591702,
        "height": "8 ft",
        "longitude": -81.4475155
      }
    },
    {
      "geometry": {
        "type": "Point",
        "coordinates": [
          -81.44819410320062,
          30.65924903114479
        ],
        "crs": null
      },
      "id": 93,
      "type": "Feature",
      "properties": {
        "fulladdress": "Soccer Fields",
        "created_user": "kmulcahy",
        "latitude": 30.65924903,
        "globalid": "{701E9F1B-9D96-42BC-97EF-968060E692E4}",
        "picture2023": null,
        "parcelnumber": "00-00-31-1600-0153-0000",
        "picture2022": null,
        "dbh": "2\"",
        "picture2021": null,
        "long": -81.4481964,
        "picture2020": null,
        "dateofplanting": 1631505600000,
        "picture2019": null,
        "last_edited_user": "kmulcahy",
        "commonname": "Bosque Elm",
        "picture2018": null,
        "spieces": "Ulmus parvifolia 'Bosque'",
        "last_edited_date": 1764107217000,
        "created_date": 1764107217000,
        "objectid": 93,
        "propertyowner": "City of Fernandina Beach",
        "lat": 30.6592484,
        "height": "8 ft",
        "longitude": -81.4481941
      }
    },
    {
      "geometry": {
        "type": "Point",
        "coordinates": [
          -81.44680337729183,
          30.65781735537866
        ],
        "crs": null
      },
      "id": 96,
      "type": "Feature",
      "properties": {
        "fulladdress": "Indigo St ROW",
        "created_user": "kmulcahy",
        "latitude": 30.65781736,
        "globalid": "{05CD387E-326D-4A04-B892-F6ED0A6CFBE4}",
        "picture2023": null,
        "parcelnumber": "00-00-31-1180-0053-0000",
        "picture2022": null,
        "dbh": "2\"",
        "picture2021": null,
        "long": -81.4468002,
        "picture2020": null,
        "dateofplanting": 1631592000000,
        "picture2019": null,
        "last_edited_user": "kmulcahy",
        "commonname": "Eastern Red Cedar",
        "picture2018": null,
        "spieces": "Juniperus virginiana",
        "last_edited_date": 1764107217000,
        "created_date": 1764107217000,
        "objectid": 96,
        "propertyowner": "City of Fernandina Beach",
        "lat": 30.6578178,
        "height": "6 ft",
        "longitude": -81.44680338
      }
    },
    {
      "geometry": {
        "type": "Point",
        "coordinates": [
          -81.44632527413468,
          30.657770632228434
        ],
        "crs": null
      },
      "id": 102,
      "type": "Feature",
      "properties": {
        "fulladdress": "Indigo St ROW",
        "created_user": "kmulcahy",
        "latitude": 30.65777063,
        "globalid": "{07D9445D-0E8B-47A0-B223-70130340FDCE}",
        "picture2023": null,
        "parcelnumber": "00-00-31-1180-0053-0000",
        "picture2022": null,
        "dbh": "2\"",
        "picture2021": null,
        "long": -81.4463272,
        "picture2020": null,
        "dateofplanting": 1631592000000,
        "picture2019": null,
        "last_edited_user": "kmulcahy",
        "commonname": "East Palatka Holly",
        "picture2018": null,
        "spieces": "Ilex x attenuata",
        "last_edited_date": 1764107217000,
        "created_date": 1764107217000,
        "objectid": 102,
        "propertyowner": "City of Fernandina Beach",
        "lat": 30.6577702,
        "height": "8 ft",
        "longitude": -81.44632527
      }
    },
    {
      "geometry": {
        "type": "Point",
        "coordinates": [
          -81.43697094190966,
          30.637673585214543
        ],
        "crs": null
      },
      "id": 105,
      "type": "Feature",
      "properties": {
        "fulladdress": "Seaside Park",
        "created_user": "kmulcahy",
        "latitude": 30.63767359,
        "globalid": "{96FBB806-506D-4880-B1CD-D374E69EF080}",
        "picture2023": null,
        "parcelnumber": "00-00-31-1360-0001-0000",
        "picture2022": null,
        "dbh": "1\"",
        "picture2021": null,
        "long": -81.4369736,
        "picture2020": null,
        "dateofplanting": 1635480000000,
        "picture2019": null,
        "last_edited_user": "kmulcahy",
        "commonname": "Wax Myrtle",
        "picture2018": null,
        "spieces": "Myrica cerifera",
        "last_edited_date": 1764107217000,
        "created_date": 1764107217000,
        "objectid": 105,
        "propertyowner": "City of Fernandina Beach",
        "lat": 30.6376743,
        "height": "2 ft",
        "longitude": -81.43697094
      }
    },
    {
      "geometry": {
        "type": "Point",
        "coordinates": [
          -81.43685493616883,
          30.63765050668676
        ],
        "crs": null
      },
      "id": 107,
      "type": "Feature",
      "properties": {
        "fulladdress": "Seaside Park",
        "created_user": "kmulcahy",
        "latitude": 30.63765051,
        "globalid": "{EDAE83EF-45CE-4CB8-B629-C33572FF4B29}",
        "picture2023": null,
        "parcelnumber": "00-00-31-1360-0001-0000",
        "picture2022": null,
        "dbh": "1\"",
        "picture2021": null,
        "long": -81.4368515,
        "picture2020": null,
        "dateofplanting": 1635480000000,
        "picture2019": null,
        "last_edited_user": "kmulcahy",
        "commonname": "Wax Myrtle",
        "picture2018": null,
        "spieces": "Myrica cerifera",
        "last_edited_date": 1764107217000,
        "created_date": 1764107217000,
        "objectid": 107,
        "propertyowner": "city of Fernandina Beach",
        "lat": 30.6376514,
        "height": "2 ft",
        "longitude": -81.43685494
      }
    },
    {
      "geometry": {
        "type": "Point",
        "coordinates": [
          -81.45119469633684,
          30.68552558034926
        ],
        "crs": null
      },
      "id": 134,
      "type": "Feature",
      "properties": {
        "fulladdress": "Bosque Bello",
        "created_user": "kmulcahy",
        "latitude": 30.68552558,
        "globalid": "{E9E37BC9-D28E-47C3-832F-0FADE0FC7D8C}",
        "picture2023": null,
        "parcelnumber": "00-00-31-1800-0250-0010",
        "picture2022": null,
        "dbh": "2\"",
        "picture2021": null,
        "long": -81.4511948,
        "picture2020": null,
        "dateofplanting": 1636693200000,
        "picture2019": null,
        "last_edited_user": "kmulcahy",
        "commonname": "Live Oak",
        "picture2018": null,
        "spieces": "Quercus virginiana",
        "last_edited_date": 1764107217000,
        "created_date": 1764107217000,
        "objectid": 134,
        "propertyowner": "COFB",
        "lat": 30.6855259,
        "height": "8 ft",
        "longitude": -81.4511947
      }
    },
    {
      "geometry": {
        "type": "Point",
        "coordinates": [
          -81.45109277258638,
          30.684412615479264
        ],
        "crs": null
      },
      "id": 144,
      "type": "Feature",
      "properties": {
        "fulladdress": "Bosque Bello",
        "created_user": "kmulcahy",
        "latitude": 30.68441262,
        "globalid": "{FE56FD59-F003-4BCD-B638-F17EB8DE9C8F}",
        "picture2023": null,
        "parcelnumber": "00-00-31-1800-0250-0010",
        "picture2022": null,
        "dbh": "2\"",
        "picture2021": null,
        "long": -81.4510956,
        "picture2020": null,
        "dateofplanting": 1636693200000,
        "picture2019": null,
        "last_edited_user": "kmulcahy",
        "commonname": "Live Oak",
        "picture2018": null,
        "spieces": "Quercus virginiana",
        "last_edited_date": 1764107217000,
        "created_date": 1764107217000,
        "objectid": 144,
        "propertyowner": "COFB",
        "lat": 30.684412,
        "height": "8 ft",
        "longitude": -81.45109277
      }
    },
    {
      "geometry": {
        "type": "Point",
        "coordinates": [
          -81.45849423924894,
          30.658717060819576
        ],
        "crs": null
      },
      "id": 163,
      "type": "Feature",
      "properties": {
        "fulladdress": "Housing Authority",
        "created_user": "kmulcahy",
        "latitude": 30.65871706,
        "globalid": "{787834A7-892C-4626-8BE3-A2CD1C37C0AB}",
        "picture2023": null,
        "parcelnumber": "00-00-31-1800-0169-0030",
        "picture2022": null,
        "dbh": "2\"",
        "picture2021": null,
        "long": -81.4584961,
        "picture2020": null,
        "dateofplanting": 1637125200000,
        "picture2019": null,
        "last_edited_user": "kmulcahy",
        "commonname": "Southern Red Cedar",
        "picture2018": null,
        "spieces": "Juniperus bermudiana",
        "last_edited_date": 1764107217000,
        "created_date": 1764107217000,
        "objectid": 163,
        "propertyowner": "COFB",
        "lat": 30.6587162,
        "height": "8 ft",
        "longitude": -81.45849424
      }
    },
    {
      "geometry": {
        "type": "Point",
        "coordinates": [
          -81.45859884536883,
          30.65837096692611
        ],
        "crs": null
      },
      "id": 167,
      "type": "Feature",
      "properties": {
        "fulladdress": "Housing Authority",
        "created_user": "kmulcahy",
        "latitude": 30.65837097,
        "globalid": "{C6572AA8-01C8-4A81-A1F4-6C2CBBC0C134}",
        "picture2023": null,
        "parcelnumber": "00-00-31-1800-0169-0030",
        "picture2022": null,
        "dbh": "1\"",
        "picture2021": null,
        "long": -81.4585953,
        "picture2020": null,
        "dateofplanting": 1637125200000,
        "picture2019": null,
        "last_edited_user": "kmulcahy",
        "commonname": "citrus",
        "picture2018": null,
        "spieces": "citrus",
        "last_edited_date": 1764107217000,
        "created_date": 1764107217000,
        "objectid": 167,
        "propertyowner": "COFB",
        "lat": 30.658371,
        "height": "4 ft",
        "longitude": -81.45859885
      }
    },
    {
      "geometry": {
        "type": "Point",
        "coordinates": [
          -81.45896228486815,
          30.658139083254614
        ],
        "crs": null
      },
      "id": 168,
      "type": "Feature",
      "properties": {
        "fulladdress": "Housing Authority",
        "created_user": "kmulcahy",
        "latitude": 30.65813908,
        "globalid": "{2090ECB6-FB37-4748-815F-A4B541CB972A}",
        "picture2023": null,
        "parcelnumber": "00-00-31-1800-0169-0030",
        "picture2022": null,
        "dbh": "1.5\"",
        "picture2021": null,
        "long": -81.4589615,
        "picture2020": null,
        "dateofplanting": 1637125200000,
        "picture2019": null,
        "last_edited_user": "kmulcahy",
        "commonname": "East Palatka Holly",
        "picture2018": null,
        "spieces": "Ilex x attenuata",
        "last_edited_date": 1764107217000,
        "created_date": 1764107217000,
        "objectid": 168,
        "propertyowner": "COFB",
        "lat": 30.6581383,
        "height": "6 ft",
        "longitude": -81.45896228
      }
    },
    {
      "geometry": {
        "type": "Point",
        "coordinates": [
          -81.45812945856488,
          30.658051405851477
        ],
        "crs": null
      },
      "id": 174,
      "type": "Feature",
      "properties": {
        "fulladdress": "Housing Authority",
        "created_user": "kmulcahy",
        "latitude": 30.65805141,
        "globalid": "{76E99095-039C-4BB5-952C-2B9E6AC2554F}",
        "picture2023": null,
        "parcelnumber": "00-00-31-1800-0169-0030",
        "picture2022": null,
        "dbh": "3-1\" multi",
        "picture2021": null,
        "long": -81.4581299,
        "picture2020": null,
        "dateofplanting": 1637125200000,
        "picture2019": null,
        "last_edited_user": "kmulcahy",
        "commonname": "River Birch",
        "picture2018": null,
        "spieces": "Betula nigra",
        "last_edited_date": 1764107217000,
        "created_date": 1764107217000,
        "objectid": 174,
        "propertyowner": "COFB",
        "lat": 30.6580505,
        "height": "5 ft",
        "longitude": -81.45812946
      }
    },
    {
      "geometry": {
        "type": "Point",
        "coordinates": [
          -81.45808386097939,
          30.658396347171557
        ],
        "crs": null
      },
      "id": 175,
      "type": "Feature",
      "properties": {
        "fulladdress": "Housing Authority",
        "created_user": "kmulcahy",
        "latitude": 30.65839635,
        "globalid": "{B86C7B5E-2335-406B-B3D7-943CCC32D6FC}",
        "picture2023": null,
        "parcelnumber": "00-00-31-1800-0169-0030",
        "picture2022": null,
        "dbh": "3-1\" multi",
        "picture2021": null,
        "long": -81.4580841,
        "picture2020": null,
        "dateofplanting": 1637125200000,
        "picture2019": null,
        "last_edited_user": "kmulcahy",
        "commonname": "River Birch",
        "picture2018": null,
        "spieces": "Betula nigra",
        "last_edited_date": 1764107217000,
        "created_date": 1764107217000,
        "objectid": 175,
        "propertyowner": "COFB",
        "lat": 30.6583958,
        "height": "5 ft",
        "longitude": -81.45808386
      }
    },
    {
      "geometry": {
        "type": "Point",
        "coordinates": [
          -81.4578846703449,
          30.658435026455088
        ],
        "crs": null
      },
      "id": 181,
      "type": "Feature",
      "properties": {
        "fulladdress": "Housing Authority",
        "created_user": "kmulcahy",
        "latitude": 30.65843503,
        "globalid": "{08BC53A2-C26D-415A-A4EA-DD7A63390A2E}",
        "picture2023": null,
        "parcelnumber": "00-00-31-1800-0213-0042",
        "picture2022": null,
        "dbh": "1\"",
        "picture2021": null,
        "long": -81.4578857,
        "picture2020": null,
        "dateofplanting": 1637125200000,
        "picture2019": null,
        "last_edited_user": "kmulcahy",
        "commonname": "citrus",
        "picture2018": null,
        "spieces": "citrus",
        "last_edited_date": 1764107217000,
        "created_date": 1764107217000,
        "objectid": 181,
        "propertyowner": "COFB",
        "lat": 30.6584358,
        "height": "4 Ft",
        "longitude": -81.45788467
      }
    },
    {
      "geometry": {
        "type": "Point",
        "coordinates": [
          -81.4555748762723,
          30.66278752851092
        ],
        "crs": null
      },
      "id": 389,
      "type": "Feature",
      "properties": {
        "fulladdress": "1200 Elm St",
        "created_user": "kmulcahy",
        "latitude": null,
        "globalid": "{0716053D-CDC0-438F-B811-9D5A2FA2291E}",
        "picture2023": null,
        "parcelnumber": "00-00-31-1800-0231-03B0",
        "picture2022": null,
        "dbh": "1.5\"",
        "picture2021": null,
        "long": null,
        "picture2020": null,
        "dateofplanting": 1711598400000,
        "picture2019": null,
        "last_edited_user": "kmulcahy",
        "commonname": "Drake Elm",
        "picture2018": null,
        "spieces": "Ulmus parvifolia",
        "last_edited_date": 1764107217000,
        "created_date": 1764107217000,
        "objectid": 389,
        "propertyowner": "COFB",
        "lat": null,
        "height": "8 ft",
        "longitude": null
      }
    },
    {
      "geometry": {
        "type": "Point",
        "coordinates": [
          -81.44870751823326,
          30.645452918030273
        ],
        "crs": null
      },
      "id": 34,
      "type": "Feature",
      "properties": {
        "fulladdress": "School Street right of way",
        "created_user": "kmulcahy",
        "latitude": 30.64545292,
        "globalid": "{3F8B531B-7A8E-4D4B-BEBC-5B47DAEC059B}",
        "picture2023": null,
        "parcelnumber": null,
        "picture2022": null,
        "dbh": "2.5 Inches",
        "picture2021": "https://ncflpataxcards.s3.us-east-1.amazonaws.com/CityOfFernandinaBeach/TreeCommittee/34-2021.jpg",
        "long": -81.4487076,
        "picture2020": null,
        "dateofplanting": 1619064000000,
        "picture2019": null,
        "last_edited_user": "kmulcahy",
        "commonname": "Live Oak",
        "picture2018": null,
        "spieces": "Quercus Virginiana",
        "last_edited_date": 1764107217000,
        "created_date": 1764107217000,
        "objectid": 34,
        "propertyowner": null,
        "lat": 30.6454525,
        "height": "12 Feet",
        "longitude": -81.44870752
      }
    },
    {
      "geometry": {
        "type": "Point",
        "coordinates": [
          -81.45294014449343,
          30.645764504726188
        ],
        "crs": null
      },
      "id": 14,
      "type": "Feature",
      "properties": {
        "fulladdress": "Park Avenue right of way",
        "created_user": "kmulcahy",
        "latitude": 30.6457645,
        "globalid": "{560A37BC-852A-4E76-93E3-A07CF51CC6E2}",
        "picture2023": null,
        "parcelnumber": null,
        "picture2022": null,
        "dbh": "2.5 Inches",
        "picture2021": "https://ncflpataxcards.s3.us-east-1.amazonaws.com/CityOfFernandinaBeach/TreeCommittee/14-2021.jpg",
        "long": -81.4529419,
        "picture2020": null,
        "dateofplanting": 1619064000000,
        "picture2019": null,
        "last_edited_user": "kmulcahy",
        "commonname": "Live Oak",
        "picture2018": null,
        "spieces": "Quercus Virginiana",
        "last_edited_date": 1764107217000,
        "created_date": 1764107217000,
        "objectid": 14,
        "propertyowner": null,
        "lat": 30.6457653,
        "height": "12 Feet",
        "longitude": -81.45294014
      }
    },
    {
      "geometry": {
        "type": "Point",
        "coordinates": [
          -81.45313690608337,
          30.645784608156188
        ],
        "crs": null
      },
      "id": 16,
      "type": "Feature",
      "properties": {
        "fulladdress": "Park Avenue right of way",
        "created_user": "kmulcahy",
        "latitude": 30.64578461,
        "globalid": "{45CCCF01-FDF5-4E4B-BF4A-FE8D6159F1CC}",
        "picture2023": null,
        "parcelnumber": null,
        "picture2022": null,
        "dbh": "2.5 Inches",
        "picture2021": "https://ncflpataxcards.s3.us-east-1.amazonaws.com/CityOfFernandinaBeach/TreeCommittee/16-2021.jpg",
        "long": -81.4531403,
        "picture2020": null,
        "dateofplanting": 1619064000000,
        "picture2019": null,
        "last_edited_user": "kmulcahy",
        "commonname": "Live Oak",
        "picture2018": null,
        "spieces": "Quercus Virginiana",
        "last_edited_date": 1764107217000,
        "created_date": 1764107217000,
        "objectid": 16,
        "propertyowner": null,
        "lat": 30.6457844,
        "height": "12 Feet",
        "longitude": -81.45313691
      }
    },
    {
      "geometry": {
        "type": "Point",
        "coordinates": [
          -81.45316305783793,
          30.64566692126381
        ],
        "crs": null
      },
      "id": 32,
      "type": "Feature",
      "properties": {
        "fulladdress": "Park Avenue right of way",
        "created_user": "kmulcahy",
        "latitude": 30.64566692,
        "globalid": "{132473EB-A16C-4D79-8135-10B4E980150E}",
        "picture2023": null,
        "parcelnumber": null,
        "picture2022": null,
        "dbh": "2.5 Inches",
        "picture2021": "https://ncflpataxcards.s3.us-east-1.amazonaws.com/CityOfFernandinaBeach/TreeCommittee/32-2021.jpg",
        "long": -81.4531631,
        "picture2020": null,
        "dateofplanting": 1619064000000,
        "picture2019": null,
        "last_edited_user": "kmulcahy",
        "commonname": "Live Oak",
        "picture2018": null,
        "spieces": "Quercus Virginiana",
        "last_edited_date": 1764107217000,
        "created_date": 1764107217000,
        "objectid": 32,
        "propertyowner": null,
        "lat": 30.6456661,
        "height": "12 Feet",
        "longitude": -81.45316306
      }
    },
    {
      "geometry": {
        "type": "Point",
        "coordinates": [
          -81.45781225086164,
          30.62295268318135
        ],
        "crs": null
      },
      "id": 46,
      "type": "Feature",
      "properties": {
        "fulladdress": null,
        "created_user": "kmulcahy",
        "latitude": 30.62295268,
        "globalid": "{8792673F-352B-462F-A77A-0A999C1AE83C}",
        "picture2023": null,
        "parcelnumber": null,
        "picture2022": null,
        "dbh": "2.5",
        "picture2021": null,
        "long": -81.4578094,
        "picture2020": null,
        "dateofplanting": 1577854800000,
        "picture2019": null,
        "last_edited_user": "kmulcahy",
        "commonname": "Live Oak",
        "picture2018": null,
        "spieces": null,
        "last_edited_date": 1764107217000,
        "created_date": 1764107217000,
        "objectid": 46,
        "propertyowner": null,
        "lat": 30.6229534,
        "height": "8",
        "longitude": -81.45781225
      }
    },
    {
      "geometry": {
        "type": "Point",
        "coordinates": [
          -81.458282977952,
          30.622958453110467
        ],
        "crs": null
      },
      "id": 53,
      "type": "Feature",
      "properties": {
        "fulladdress": null,
        "created_user": "kmulcahy",
        "latitude": 30.62295845,
        "globalid": "{9C98518E-B9AC-4D3E-9494-086E58F593A1}",
        "picture2023": null,
        "parcelnumber": null,
        "picture2022": null,
        "dbh": "2.5",
        "picture2021": null,
        "long": -81.4582825,
        "picture2020": null,
        "dateofplanting": 1577854800000,
        "picture2019": null,
        "last_edited_user": "kmulcahy",
        "commonname": "Live Oak",
        "picture2018": null,
        "spieces": null,
        "last_edited_date": 1764107217000,
        "created_date": 1764107217000,
        "objectid": 53,
        "propertyowner": null,
        "lat": 30.6229591,
        "height": "8",
        "longitude": -81.45828298
      }
    },
    {
      "geometry": {
        "type": "Point",
        "coordinates": [
          -81.45907557140865,
          30.622971147880953
        ],
        "crs": null
      },
      "id": 62,
      "type": "Feature",
      "properties": {
        "fulladdress": null,
        "created_user": "kmulcahy",
        "latitude": 30.62297115,
        "globalid": "{EAAA3752-5FEF-4698-9C90-B9C2A7372C97}",
        "picture2023": null,
        "parcelnumber": null,
        "picture2022": null,
        "dbh": "2.5",
        "picture2021": null,
        "long": -81.4590759,
        "picture2020": null,
        "dateofplanting": 1577854800000,
        "picture2019": null,
        "last_edited_user": "kmulcahy",
        "commonname": "Live Oak",
        "picture2018": null,
        "spieces": null,
        "last_edited_date": 1764107217000,
        "created_date": 1764107217000,
        "objectid": 62,
        "propertyowner": null,
        "lat": 30.6229706,
        "height": "8",
        "longitude": -81.45907557
      }
    },
    {
      "geometry": {
        "type": "Point",
        "coordinates": [
          -81.45945644451268,
          30.622898441656492
        ],
        "crs": null
      },
      "id": 66,
      "type": "Feature",
      "properties": {
        "fulladdress": null,
        "created_user": "kmulcahy",
        "latitude": 30.62289844,
        "globalid": "{5EB349D7-F5BB-43D4-9386-2806243266EB}",
        "picture2023": null,
        "parcelnumber": null,
        "picture2022": null,
        "dbh": "2.5",
        "picture2021": null,
        "long": -81.4594574,
        "picture2020": null,
        "dateofplanting": 1577854800000,
        "picture2019": null,
        "last_edited_user": "kmulcahy",
        "commonname": "Live Oak",
        "picture2018": null,
        "spieces": null,
        "last_edited_date": 1764107217000,
        "created_date": 1764107217000,
        "objectid": 66,
        "propertyowner": null,
        "lat": 30.6228981,
        "height": "8",
        "longitude": -81.45945644
      }
    },
    {
      "geometry": {
        "type": "Point",
        "coordinates": [
          -81.45905545453616,
          30.622404497376024
        ],
        "crs": null
      },
      "id": 75,
      "type": "Feature",
      "properties": {
        "fulladdress": null,
        "created_user": "kmulcahy",
        "latitude": 30.6224045,
        "globalid": "{DE9C40AC-21CB-486E-A1CE-224F44794BD5}",
        "picture2023": null,
        "parcelnumber": null,
        "picture2022": null,
        "dbh": "2.5",
        "picture2021": null,
        "long": -81.459053,
        "picture2020": null,
        "dateofplanting": 1577854800000,
        "picture2019": null,
        "last_edited_user": "kmulcahy",
        "commonname": "Live Oak",
        "picture2018": null,
        "spieces": null,
        "last_edited_date": 1764107217000,
        "created_date": 1764107217000,
        "objectid": 75,
        "propertyowner": null,
        "lat": 30.6224041,
        "height": "8",
        "longitude": -81.45905545
      }
    },
    {
      "geometry": {
        "type": "Point",
        "coordinates": [
          -81.4479366110059,
          30.659216728876437
        ],
        "crs": null
      },
      "id": 91,
      "type": "Feature",
      "properties": {
        "fulladdress": "Soccer Fields",
        "created_user": "kmulcahy",
        "latitude": 30.65921673,
        "globalid": "{2EE449AE-E738-451C-875D-0A6D45AC2E03}",
        "picture2023": null,
        "parcelnumber": "00-00-31-1600-0153-0000",
        "picture2022": null,
        "dbh": "2\"",
        "picture2021": null,
        "long": -81.447937,
        "picture2020": null,
        "dateofplanting": 1631505600000,
        "picture2019": null,
        "last_edited_user": "kmulcahy",
        "commonname": "Bosque Elm",
        "picture2018": null,
        "spieces": "Ulmus parvifolia 'Bosque'",
        "last_edited_date": 1764107217000,
        "created_date": 1764107217000,
        "objectid": 91,
        "propertyowner": "City of Fernandina Beach",
        "lat": 30.6592159,
        "height": "8 ft",
        "longitude": -81.44793661
      }
    },
    {
      "geometry": {
        "type": "Point",
        "coordinates": [
          -81.43688846399017,
          30.637658584442665
        ],
        "crs": null
      },
      "id": 109,
      "type": "Feature",
      "properties": {
        "fulladdress": "Seaside Park",
        "created_user": "kmulcahy",
        "latitude": 30.63765858,
        "globalid": "{98F0210A-7104-4B0A-B860-699F2BF83357}",
        "picture2023": null,
        "parcelnumber": "00-00-31-1360-0001-0000",
        "picture2022": null,
        "dbh": "1\"",
        "picture2021": null,
        "long": -81.4368896,
        "picture2020": null,
        "dateofplanting": 1635480000000,
        "picture2019": null,
        "last_edited_user": "kmulcahy",
        "commonname": "Wax Myrtle",
        "picture2018": null,
        "spieces": "Myrica cerifera",
        "last_edited_date": 1764107217000,
        "created_date": 1764107217000,
        "objectid": 109,
        "propertyowner": "City of Fernandina Beach",
        "lat": 30.6376591,
        "height": "2 ft",
        "longitude": -81.43688846
      }
    },
    {
      "geometry": {
        "type": "Point",
        "coordinates": [
          -81.43693674394511,
          30.637668391985926
        ],
        "crs": null
      },
      "id": 111,
      "type": "Feature",
      "properties": {
        "fulladdress": "Seaside Park",
        "created_user": "kmulcahy",
        "latitude": 30.63766839,
        "globalid": "{E6C46843-07DE-433C-B214-62B2BF2CE232}",
        "picture2023": null,
        "parcelnumber": "00-00-31-1360-0001-0000",
        "picture2022": null,
        "dbh": "1\"",
        "picture2021": null,
        "long": -81.4369354,
        "picture2020": null,
        "dateofplanting": 1635480000000,
        "picture2019": null,
        "last_edited_user": "kmulcahy",
        "commonname": "Wax Myrtle",
        "picture2018": null,
        "spieces": "Myrica cerifera",
        "last_edited_date": 1764107217000,
        "created_date": 1764107217000,
        "objectid": 111,
        "propertyowner": "City of Fernandina Beach",
        "lat": 30.6376686,
        "height": "2 ft",
        "longitude": -81.43693674
      }
    },
    {
      "geometry": {
        "type": "Point",
        "coordinates": [
          -81.45517442348832,
          30.65676463898975
        ],
        "crs": null
      },
      "id": 118,
      "type": "Feature",
      "properties": {
        "fulladdress": "West side of S 13th St",
        "created_user": "kmulcahy",
        "latitude": 30.65676464,
        "globalid": "{36FF5C92-CEE5-4365-A9EE-793941A1900F}",
        "picture2023": null,
        "parcelnumber": "00-00-31-1800-0234-0060",
        "picture2022": null,
        "dbh": "1\"",
        "picture2021": null,
        "long": -81.4551773,
        "picture2020": null,
        "dateofplanting": 1636520400000,
        "picture2019": null,
        "last_edited_user": "kmulcahy",
        "commonname": "Winged Elm",
        "picture2018": null,
        "spieces": "Ulmus alata",
        "last_edited_date": 1764107217000,
        "created_date": 1764107217000,
        "objectid": 118,
        "propertyowner": "City of Fernandina Beach",
        "lat": 30.656765,
        "height": "4 ft",
        "longitude": -81.45517442
      }
    },
    {
      "geometry": {
        "type": "Point",
        "coordinates": [
          -81.45530585240427,
          30.655871695672623
        ],
        "crs": null
      },
      "id": 123,
      "type": "Feature",
      "properties": {
        "fulladdress": "West side of S 13th St",
        "created_user": "kmulcahy",
        "latitude": 30.6558717,
        "globalid": "{7E9BB1ED-1379-4DA4-BD85-CA328943CFF9}",
        "picture2023": null,
        "parcelnumber": "00-00-31-1800-0234-0060",
        "picture2022": null,
        "dbh": "1\"",
        "picture2021": null,
        "long": -81.455307,
        "picture2020": null,
        "dateofplanting": 1636520400000,
        "picture2019": null,
        "last_edited_user": "kmulcahy",
        "commonname": "Winged Elm",
        "picture2018": null,
        "spieces": "Ulmus alata",
        "last_edited_date": 1764107217000,
        "created_date": 1764107217000,
        "objectid": 123,
        "propertyowner": "City of Fernandina Beach",
        "lat": 30.6558723,
        "height": "4 ft",
        "longitude": -81.45530585
      }
    },
    {
      "geometry": {
        "type": "Point",
        "coordinates": [
          -81.45046915852286,
          30.685431007429596
        ],
        "crs": null
      },
      "id": 142,
      "type": "Feature",
      "properties": {
        "fulladdress": "Bosque Bello",
        "created_user": "kmulcahy",
        "latitude": 30.68543101,
        "globalid": "{5DEFD593-02AC-446F-A38C-0C5B68D74EDC}",
        "picture2023": null,
        "parcelnumber": "00-00-31-1800-0250-0010",
        "picture2022": null,
        "dbh": "2\"",
        "picture2021": null,
        "long": -81.45047,
        "picture2020": null,
        "dateofplanting": 1636693200000,
        "picture2019": null,
        "last_edited_user": "kmulcahy",
        "commonname": "Southern Magnolia",
        "picture2018": null,
        "spieces": "Magnolia grandiflora",
        "last_edited_date": 1764107217000,
        "created_date": 1764107217000,
        "objectid": 142,
        "propertyowner": "COFB",
        "lat": 30.6854305,
        "height": "6 ft",
        "longitude": -81.45046916
      }
    },
    {
      "geometry": {
        "type": "Point",
        "coordinates": [
          -81.45162787294998,
          30.684796676059154
        ],
        "crs": null
      },
      "id": 152,
      "type": "Feature",
      "properties": {
        "fulladdress": "Bosque Bello",
        "created_user": "kmulcahy",
        "latitude": 30.68479668,
        "globalid": "{08569BE9-C3F2-43A6-BC5A-DAC64A2D087E}",
        "picture2023": null,
        "parcelnumber": "00-00-31-1800-0250-0010",
        "picture2022": null,
        "dbh": "2\"",
        "picture2021": null,
        "long": -81.4516296,
        "picture2020": null,
        "dateofplanting": 1636693200000,
        "picture2019": null,
        "last_edited_user": "kmulcahy",
        "commonname": "Red Maple",
        "picture2018": null,
        "spieces": "Acer rubrum",
        "last_edited_date": 1764107217000,
        "created_date": 1764107217000,
        "objectid": 152,
        "propertyowner": "COFB",
        "lat": 30.6847973,
        "height": "9 ft",
        "longitude": -81.45162787
      }
    },
    {
      "geometry": {
        "type": "Point",
        "coordinates": [
          -81.45872088599175,
          30.658484024261803
        ],
        "crs": null
      },
      "id": 155,
      "type": "Feature",
      "properties": {
        "fulladdress": "Housing Authority",
        "created_user": "kmulcahy",
        "latitude": 30.65848402,
        "globalid": "{37F6B0A9-4063-46F1-AC6C-41E305D593AE}",
        "picture2023": null,
        "parcelnumber": "00-00-31-1800-0169-0030",
        "picture2022": null,
        "dbh": "2\"",
        "picture2021": null,
        "long": -81.4587173,
        "picture2020": null,
        "dateofplanting": 1637125200000,
        "picture2019": null,
        "last_edited_user": "kmulcahy",
        "commonname": "Hackberry",
        "picture2018": null,
        "spieces": "Celtis occidentalis",
        "last_edited_date": 1764107217000,
        "created_date": 1764107217000,
        "objectid": 155,
        "propertyowner": "COFB",
        "lat": 30.6584835,
        "height": "8 ft",
        "longitude": -81.45872089
      }
    },
    {
      "geometry": {
        "type": "Point",
        "coordinates": [
          -81.45850630901309,
          30.65827636741922
        ],
        "crs": null
      },
      "id": 157,
      "type": "Feature",
      "properties": {
        "fulladdress": "Housing Authority",
        "created_user": "kmulcahy",
        "latitude": 30.65827637,
        "globalid": "{89A864F8-DABE-4A61-8B6C-E21C2F6590B7}",
        "picture2023": null,
        "parcelnumber": "00-00-31-1800-0169-0030",
        "picture2022": null,
        "dbh": "2\"",
        "picture2021": null,
        "long": -81.4585037,
        "picture2020": null,
        "dateofplanting": 1637125200000,
        "picture2019": null,
        "last_edited_user": "kmulcahy",
        "commonname": "Hackberry",
        "picture2018": null,
        "spieces": "Celtis occidentalis",
        "last_edited_date": 1764107217000,
        "created_date": 1764107217000,
        "objectid": 157,
        "propertyowner": "COFB",
        "lat": 30.6582756,
        "height": "8 ft",
        "longitude": -81.45850631
      }
    },
    {
      "geometry": {
        "type": "Point",
        "coordinates": [
          -81.45864310176962,
          30.6587262897567
        ],
        "crs": null
      },
      "id": 158,
      "type": "Feature",
      "properties": {
        "fulladdress": "Housing Authority",
        "created_user": "kmulcahy",
        "latitude": 30.65872629,
        "globalid": "{85240752-0278-4909-9DFA-17C72603FD1D}",
        "picture2023": null,
        "parcelnumber": "00-00-31-1800-0169-0030",
        "picture2022": null,
        "dbh": "2\"",
        "picture2021": null,
        "long": -81.4586411,
        "picture2020": null,
        "dateofplanting": 1637125200000,
        "picture2019": null,
        "last_edited_user": "kmulcahy",
        "commonname": "Southern Red Cedar",
        "picture2018": null,
        "spieces": "Juniperus bermudiana",
        "last_edited_date": 1764107217000,
        "created_date": 1764107217000,
        "objectid": 158,
        "propertyowner": "COFB",
        "lat": 30.6587257,
        "height": "8 ft",
        "longitude": -81.4586431
      }
    },
    {
      "geometry": {
        "type": "Point",
        "coordinates": [
          -81.45856934110162,
          30.658390578583273
        ],
        "crs": null
      },
      "id": 166,
      "type": "Feature",
      "properties": {
        "fulladdress": "COFB",
        "created_user": "kmulcahy",
        "latitude": 30.65839058,
        "globalid": "{B470B75D-1455-4F4B-9229-87C4D81872FD}",
        "picture2023": null,
        "parcelnumber": "00-00-31-1800-0169-0030",
        "picture2022": null,
        "dbh": "1\" Housing Authority",
        "picture2021": null,
        "long": -81.4585724,
        "picture2020": null,
        "dateofplanting": 1637125200000,
        "picture2019": null,
        "last_edited_user": "kmulcahy",
        "commonname": "citrus",
        "picture2018": null,
        "spieces": "citrus",
        "last_edited_date": 1764107217000,
        "created_date": 1764107217000,
        "objectid": 166,
        "propertyowner": null,
        "lat": 30.65839,
        "height": "4 ft",
        "longitude": -81.45856934
      }
    },
    {
      "geometry": {
        "type": "Point",
        "coordinates": [
          -81.45032868986021,
          30.65948872844436
        ],
        "crs": null
      },
      "id": 188,
      "type": "Feature",
      "properties": {
        "fulladdress": "Hickory St ROW near soccer field",
        "created_user": "kmulcahy",
        "latitude": 30.65948873,
        "globalid": "{893FF4D8-193B-4C30-A315-EA041E723097}",
        "picture2023": null,
        "parcelnumber": "00-00-31-1600-0153-0000",
        "picture2022": null,
        "dbh": "1.5\"",
        "picture2021": null,
        "long": -81.450325,
        "picture2020": null,
        "dateofplanting": 1639976400000,
        "picture2019": null,
        "last_edited_user": "kmulcahy",
        "commonname": "Live Oak",
        "picture2018": null,
        "spieces": "Quercus Virginiana",
        "last_edited_date": 1764107217000,
        "created_date": 1764107217000,
        "objectid": 188,
        "propertyowner": "COFB",
        "lat": 30.6594887,
        "height": "9 ft",
        "longitude": -81.45032869
      }
    },
    {
      "geometry": {
        "type": "Point",
        "coordinates": [
          -81.4535315719203,
          30.645830271336695
        ],
        "crs": null
      },
      "id": 7,
      "type": "Feature",
      "properties": {
        "fulladdress": "Park Avenue right of way",
        "created_user": "kmulcahy",
        "latitude": 30.64583027,
        "globalid": "{257D9F26-52E1-4E7B-BBA4-769CE20B988F}",
        "picture2023": null,
        "parcelnumber": null,
        "picture2022": null,
        "dbh": "2.5 Inches",
        "picture2021": "https://ncflpataxcards.s3.us-east-1.amazonaws.com/CityOfFernandinaBeach/TreeCommittee/7-2021.jpg",
        "long": -81.4535294,
        "picture2020": null,
        "dateofplanting": 1619064000000,
        "picture2019": null,
        "last_edited_user": "kmulcahy",
        "commonname": "Live Oak",
        "picture2018": null,
        "spieces": "Quercus Virginiana",
        "last_edited_date": 1764107217000,
        "created_date": 1764107217000,
        "objectid": 7,
        "propertyowner": null,
        "lat": 30.6458302,
        "height": "12 Feet",
        "longitude": -81.45353157
      }
    },
    {
      "geometry": {
        "type": "Point",
        "coordinates": [
          -81.44673766373216,
          30.65781274048043
        ],
        "crs": null
      },
      "id": 99,
      "type": "Feature",
      "properties": {
        "fulladdress": "Indigo St ROW",
        "created_user": "kmulcahy",
        "latitude": 30.65781274,
        "globalid": "{159CFE0E-0FA7-4F5A-87B2-391D6F94A2A9}",
        "picture2023": null,
        "parcelnumber": "00-00-31-1180-0053-0000",
        "picture2022": null,
        "dbh": "2\"",
        "picture2021": null,
        "long": -81.4467392,
        "picture2020": null,
        "dateofplanting": 1631592000000,
        "picture2019": null,
        "last_edited_user": "kmulcahy",
        "commonname": "Eastern Red Cedar",
        "picture2018": null,
        "spieces": "Juniperus virginiana",
        "last_edited_date": 1764107217000,
        "created_date": 1764107217000,
        "objectid": 99,
        "propertyowner": "City of Fernandina Beach",
        "lat": 30.6578121,
        "height": "6 ft",
        "longitude": -81.44673766
      }
    },
    {
      "geometry": {
        "type": "Point",
        "coordinates": [
          -81.46589317984892,
          30.625551044430942
        ],
        "crs": null
      },
      "id": 358,
      "type": "Feature",
      "properties": {
        "fulladdress": "2890 Santa Maria Dr",
        "created_user": "kmulcahy",
        "latitude": null,
        "globalid": "{A21E159F-DDC6-4232-88AA-8E4319625EA2}",
        "picture2023": null,
        "parcelnumber": "00-00-31-087I-000A-0000",
        "picture2022": null,
        "dbh": "2\"",
        "picture2021": null,
        "long": null,
        "picture2020": null,
        "dateofplanting": 1700456400000,
        "picture2019": null,
        "last_edited_user": "kmulcahy",
        "commonname": "Bald Cyprus",
        "picture2018": null,
        "spieces": "Taxodium distichum",
        "last_edited_date": 1764107217000,
        "created_date": 1764107217000,
        "objectid": 358,
        "propertyowner": "Isle De Mai HOA",
        "lat": null,
        "height": "8 ft",
        "longitude": null
      }
    },
    {
      "geometry": {
        "type": "Point",
        "coordinates": [
          -81.45383897451221,
          30.645743648533866
        ],
        "crs": null
      },
      "id": 24,
      "type": "Feature",
      "properties": {
        "fulladdress": "Park Avenue right of way",
        "created_user": "kmulcahy",
        "latitude": 30.64574365,
        "globalid": "{9BB61B3D-7CD0-48C3-857E-8779218F848A}",
        "picture2023": null,
        "parcelnumber": null,
        "picture2022": null,
        "dbh": "2.5 Inches",
        "picture2021": "https://ncflpataxcards.s3.us-east-1.amazonaws.com/CityOfFernandinaBeach/TreeCommittee/24-2021.jpg",
        "long": -81.4538422,
        "picture2020": null,
        "dateofplanting": 1619064000000,
        "picture2019": null,
        "last_edited_user": "kmulcahy",
        "commonname": "Live Oak",
        "picture2018": null,
        "spieces": "Quercus Virginiana",
        "last_edited_date": 1764107217000,
        "created_date": 1764107217000,
        "objectid": 24,
        "propertyowner": null,
        "lat": 30.6457443,
        "height": "12 Feet",
        "longitude": -81.45383897
      }
    },
    {
      "geometry": {
        "type": "Point",
        "coordinates": [
          -81.45370888767928,
          30.645729226334286
        ],
        "crs": null
      },
      "id": 25,
      "type": "Feature",
      "properties": {
        "fulladdress": "Park Avenue right of way",
        "created_user": "kmulcahy",
        "latitude": 30.64572923,
        "globalid": "{AC69C6BE-E6B4-4D11-96E4-DEC7DD5821EA}",
        "picture2023": null,
        "parcelnumber": null,
        "picture2022": null,
        "dbh": "2.5 Inches",
        "picture2021": "https://ncflpataxcards.s3.us-east-1.amazonaws.com/CityOfFernandinaBeach/TreeCommittee/25-2021.jpg",
        "long": -81.4537125,
        "picture2020": null,
        "dateofplanting": 1619064000000,
        "picture2019": null,
        "last_edited_user": "kmulcahy",
        "commonname": "Live Oak",
        "picture2018": null,
        "spieces": "Quercus Virginiana",
        "last_edited_date": 1764107217000,
        "created_date": 1764107217000,
        "objectid": 25,
        "propertyowner": null,
        "lat": 30.6457291,
        "height": "12 Feet",
        "longitude": -81.45370889
      }
    },
    {
      "geometry": {
        "type": "Point",
        "coordinates": [
          -81.45327571016782,
          30.645681920020845
        ],
        "crs": null
      },
      "id": 33,
      "type": "Feature",
      "properties": {
        "fulladdress": "Park Avenue right of way",
        "created_user": "kmulcahy",
        "latitude": 30.64568192,
        "globalid": "{1AA1DDD9-4CE6-40F0-A459-DECC59BF5830}",
        "picture2023": null,
        "parcelnumber": null,
        "picture2022": null,
        "dbh": "2.5 Inches",
        "picture2021": "https://ncflpataxcards.s3.us-east-1.amazonaws.com/CityOfFernandinaBeach/TreeCommittee/33-2021.jpg",
        "long": -81.4532776,
        "picture2020": null,
        "dateofplanting": 1619064000000,
        "picture2019": null,
        "last_edited_user": "kmulcahy",
        "commonname": "Live Oak",
        "picture2018": null,
        "spieces": "Quercus Virginiana",
        "last_edited_date": 1764107217000,
        "created_date": 1764107217000,
        "objectid": 33,
        "propertyowner": null,
        "lat": 30.6456814,
        "height": "12 Feet",
        "longitude": -81.45327571
      }
    },
    {
      "geometry": {
        "type": "Point",
        "coordinates": [
          -81.44856536073786,
          30.6458602092883
        ],
        "crs": null
      },
      "id": 38,
      "type": "Feature",
      "properties": {
        "fulladdress": "School Street right of way",
        "created_user": "kmulcahy",
        "latitude": 30.64586021,
        "globalid": "{8C452AED-7DB5-4957-95D8-0B52AC8A01FC}",
        "picture2023": null,
        "parcelnumber": null,
        "picture2022": null,
        "dbh": "2.5 Inches",
        "picture2021": "https://ncflpataxcards.s3.us-east-1.amazonaws.com/CityOfFernandinaBeach/TreeCommittee/38-2021.jpg",
        "long": -81.4485626,
        "picture2020": null,
        "dateofplanting": 1619064000000,
        "picture2019": null,
        "last_edited_user": "kmulcahy",
        "commonname": "Live Oak",
        "picture2018": null,
        "spieces": "Quercus Virginiana",
        "last_edited_date": 1764107217000,
        "created_date": 1764107217000,
        "objectid": 38,
        "propertyowner": null,
        "lat": 30.6458607,
        "height": "12 Feet",
        "longitude": -81.44856536
      }
    },
    {
      "geometry": {
        "type": "Point",
        "coordinates": [
          -81.45775592379837,
          30.622837276023457
        ],
        "crs": null
      },
      "id": 47,
      "type": "Feature",
      "properties": {
        "fulladdress": null,
        "created_user": "kmulcahy",
        "latitude": 30.62283728,
        "globalid": "{82706915-95CD-4D9C-BD60-7F53880344DA}",
        "picture2023": null,
        "parcelnumber": null,
        "picture2022": null,
        "dbh": "2.5",
        "picture2021": null,
        "long": -81.457756,
        "picture2020": null,
        "dateofplanting": 1577854800000,
        "picture2019": null,
        "last_edited_user": "kmulcahy",
        "commonname": "Live Oak",
        "picture2018": null,
        "spieces": null,
        "last_edited_date": 1764107217000,
        "created_date": 1764107217000,
        "objectid": 47,
        "propertyowner": null,
        "lat": 30.6228371,
        "height": "8",
        "longitude": -81.45775592
      }
    },
    {
      "geometry": {
        "type": "Point",
        "coordinates": [
          -81.45796245456704,
          30.62295383732177
        ],
        "crs": null
      },
      "id": 49,
      "type": "Feature",
      "properties": {
        "fulladdress": null,
        "created_user": "kmulcahy",
        "latitude": 30.62295384,
        "globalid": "{07BBFC4F-ED3E-4D7D-B0E1-A3E1276D3C7C}",
        "picture2023": null,
        "parcelnumber": null,
        "picture2022": null,
        "dbh": "2.5",
        "picture2021": null,
        "long": -81.457962,
        "picture2020": null,
        "dateofplanting": 1577854800000,
        "picture2019": null,
        "last_edited_user": "kmulcahy",
        "commonname": "Live Oak",
        "picture2018": null,
        "spieces": null,
        "last_edited_date": 1764107217000,
        "created_date": 1764107217000,
        "objectid": 49,
        "propertyowner": null,
        "lat": 30.6229534,
        "height": "8",
        "longitude": -81.45796245
      }
    },
    {
      "geometry": {
        "type": "Point",
        "coordinates": [
          -81.4592324801393,
          30.62224985083086
        ],
        "crs": null
      },
      "id": 76,
      "type": "Feature",
      "properties": {
        "fulladdress": null,
        "created_user": "kmulcahy",
        "latitude": 30.62224985,
        "globalid": "{63D86B15-B5EC-4707-A68B-5899901C8AFD}",
        "picture2023": null,
        "parcelnumber": null,
        "picture2022": null,
        "dbh": "2.5",
        "picture2021": null,
        "long": -81.4592361,
        "picture2020": null,
        "dateofplanting": 1577854800000,
        "picture2019": null,
        "last_edited_user": "kmulcahy",
        "commonname": "Live Oak",
        "picture2018": null,
        "spieces": null,
        "last_edited_date": 1764107217000,
        "created_date": 1764107217000,
        "objectid": 76,
        "propertyowner": null,
        "lat": 30.6222496,
        "height": "8",
        "longitude": -81.45923248
      }
    },
    {
      "geometry": {
        "type": "Point",
        "coordinates": [
          -81.44842745496871,
          30.65927441115975
        ],
        "crs": null
      },
      "id": 94,
      "type": "Feature",
      "properties": {
        "fulladdress": "Soccer Fields",
        "created_user": "kmulcahy",
        "latitude": 30.65927441,
        "globalid": "{BDF850B4-FC3A-4470-9524-ACE3864A7E77}",
        "picture2023": null,
        "parcelnumber": "00-00-31-1600-0153-0000",
        "picture2022": null,
        "dbh": "2\"",
        "picture2021": null,
        "long": -81.4484253,
        "picture2020": null,
        "dateofplanting": 1631505600000,
        "picture2019": null,
        "last_edited_user": "kmulcahy",
        "commonname": "Bosque Elm",
        "picture2018": null,
        "spieces": "Ulmus parvifolia 'Bosque'",
        "last_edited_date": 1764107217000,
        "created_date": 1764107217000,
        "objectid": 94,
        "propertyowner": "City of Fernandina Beach",
        "lat": 30.6592751,
        "height": "8 ft",
        "longitude": -81.44842745
      }
    },
    {
      "geometry": {
        "type": "Point",
        "coordinates": [
          -81.4462662656003,
          30.657757942024357
        ],
        "crs": null
      },
      "id": 100,
      "type": "Feature",
      "properties": {
        "fulladdress": "Indigo St ROW",
        "created_user": "kmulcahy",
        "latitude": 30.65775794,
        "globalid": "{C122379D-0994-4E06-B926-617423BC67D9}",
        "picture2023": null,
        "parcelnumber": "00-00-31-1180-0053-0000",
        "picture2022": null,
        "dbh": "2\"",
        "picture2021": null,
        "long": -81.4462662,
        "picture2020": null,
        "dateofplanting": 1631592000000,
        "picture2019": null,
        "last_edited_user": "kmulcahy",
        "commonname": "East Palatka Holly",
        "picture2018": null,
        "spieces": "Ilex x attenuata",
        "last_edited_date": 1764107217000,
        "created_date": 1764107217000,
        "objectid": 100,
        "propertyowner": "City of Fernandina Beach",
        "lat": 30.6577587,
        "height": "8 ft",
        "longitude": -81.44626627
      }
    },
    {
      "geometry": {
        "type": "Point",
        "coordinates": [
          -81.45527903050652,
          30.656063206018693
        ],
        "crs": null
      },
      "id": 122,
      "type": "Feature",
      "properties": {
        "fulladdress": "West side of S 13th St",
        "created_user": "kmulcahy",
        "latitude": 30.65606321,
        "globalid": "{F9B3F8BE-C1B3-476B-BA26-3F2C77132707}",
        "picture2023": null,
        "parcelnumber": "00-00-31-1800-0234-0060",
        "picture2022": null,
        "dbh": "1\"",
        "picture2021": null,
        "long": -81.4552765,
        "picture2020": null,
        "dateofplanting": 1636520400000,
        "picture2019": null,
        "last_edited_user": "kmulcahy",
        "commonname": "Winged Elm",
        "picture2018": null,
        "spieces": "Ulmus alata",
        "last_edited_date": 1764107217000,
        "created_date": 1764107217000,
        "objectid": 122,
        "propertyowner": "City of Fernandina Beach",
        "lat": 30.6560631,
        "height": "4 ft",
        "longitude": -81.45527903
      }
    },
    {
      "geometry": {
        "type": "Point",
        "coordinates": [
          -81.45071994569231,
          30.685494440260147
        ],
        "crs": null
      },
      "id": 136,
      "type": "Feature",
      "properties": {
        "fulladdress": "Bosque Bello",
        "created_user": "kmulcahy",
        "latitude": 30.68549444,
        "globalid": "{E4887439-54B5-430E-8BAE-A80228B37779}",
        "picture2023": null,
        "parcelnumber": "00-00-31-1800-0250-0010",
        "picture2022": null,
        "dbh": "2\"",
        "picture2021": null,
        "long": -81.4507217,
        "picture2020": null,
        "dateofplanting": 1636693200000,
        "picture2019": null,
        "last_edited_user": "kmulcahy",
        "commonname": "Souther Red Cedar",
        "picture2018": null,
        "spieces": "Juniperus bermudiana",
        "last_edited_date": 1764107217000,
        "created_date": 1764107217000,
        "objectid": 136,
        "propertyowner": "COFB",
        "lat": 30.6854954,
        "height": "6 ft",
        "longitude": -81.45071995
      }
    },
    {
      "geometry": {
        "type": "Point",
        "coordinates": [
          -81.45022507817535,
          30.68565821280509
        ],
        "crs": null
      },
      "id": 137,
      "type": "Feature",
      "properties": {
        "fulladdress": "Bosque Bello",
        "created_user": "kmulcahy",
        "latitude": 30.68565821,
        "globalid": "{1BC11A96-EF29-4258-82D1-7E1C41596F2C}",
        "picture2023": null,
        "parcelnumber": "00-00-31-1800-0250-0010",
        "picture2022": null,
        "dbh": "2\"",
        "picture2021": null,
        "long": -81.4502258,
        "picture2020": null,
        "dateofplanting": 1636693200000,
        "picture2019": null,
        "last_edited_user": "kmulcahy",
        "commonname": "Live Oak",
        "picture2018": null,
        "spieces": "Quercus virginiana",
        "last_edited_date": 1764107217000,
        "created_date": 1764107217000,
        "objectid": 137,
        "propertyowner": "COFB",
        "lat": 30.6856575,
        "height": "8 ft",
        "longitude": -81.45022508
      }
    },
    {
      "geometry": {
        "type": "Point",
        "coordinates": [
          -81.45030286149915,
          30.68559708609528
        ],
        "crs": null
      },
      "id": 139,
      "type": "Feature",
      "properties": {
        "fulladdress": "Bosque Bello",
        "created_user": "kmulcahy",
        "latitude": 30.68559709,
        "globalid": "{746372FD-C9D5-4387-B392-1CA334F8AE90}",
        "picture2023": null,
        "parcelnumber": "00-00-31-1800-0250-0010",
        "picture2022": null,
        "dbh": "2\"",
        "picture2021": null,
        "long": -81.4503021,
        "picture2020": null,
        "dateofplanting": 1636693200000,
        "picture2019": null,
        "last_edited_user": "kmulcahy",
        "commonname": "Red Maple",
        "picture2018": null,
        "spieces": "Acer rubrum",
        "last_edited_date": 1764107217000,
        "created_date": 1764107217000,
        "objectid": 139,
        "propertyowner": "COFB",
        "lat": 30.6855965,
        "height": "9 ft",
        "longitude": -81.45030286
      }
    },
    {
      "geometry": {
        "type": "Point",
        "coordinates": [
          -81.45027201604725,
          30.68550712682128
        ],
        "crs": null
      },
      "id": 140,
      "type": "Feature",
      "properties": {
        "fulladdress": "Bosque Bello",
        "created_user": "kmulcahy",
        "latitude": 30.68550713,
        "globalid": "{EE04046D-12DE-4E72-BD9D-75778DDA20EA}",
        "picture2023": null,
        "parcelnumber": "00-00-31-1800-0250-0010",
        "picture2022": null,
        "dbh": "2\"",
        "picture2021": null,
        "long": -81.4502716,
        "picture2020": null,
        "dateofplanting": 1636693200000,
        "picture2019": null,
        "last_edited_user": "kmulcahy",
        "commonname": "Southern Magnolia",
        "picture2018": null,
        "spieces": "Magnolia grandiflora",
        "last_edited_date": 1764107217000,
        "created_date": 1764107217000,
        "objectid": 140,
        "propertyowner": "COFB",
        "lat": 30.6855068,
        "height": "6 ft",
        "longitude": -81.45027202
      }
    },
    {
      "geometry": {
        "type": "Point",
        "coordinates": [
          -81.45036455240297,
          30.685470220527257
        ],
        "crs": null
      },
      "id": 141,
      "type": "Feature",
      "properties": {
        "fulladdress": "Bosque Bello",
        "created_user": "kmulcahy",
        "latitude": 30.68547022,
        "globalid": "{0193C381-9E59-43BA-B3C8-A64A572B2048}",
        "picture2023": null,
        "parcelnumber": "00-00-31-1800-0250-0010",
        "picture2022": null,
        "dbh": "2\"",
        "picture2021": null,
        "long": -81.4503632,
        "picture2020": null,
        "dateofplanting": 1636693200000,
        "picture2019": null,
        "last_edited_user": "kmulcahy",
        "commonname": "Southern Magnolia",
        "picture2018": null,
        "spieces": "Magnolia grandiflora",
        "last_edited_date": 1764107217000,
        "created_date": 1764107217000,
        "objectid": 141,
        "propertyowner": "COFB",
        "lat": 30.6854706,
        "height": "6 ft",
        "longitude": -81.45036455
      }
    },
    {
      "geometry": {
        "type": "Point",
        "coordinates": [
          -81.45148437516818,
          30.684326115325785
        ],
        "crs": null
      },
      "id": 150,
      "type": "Feature",
      "properties": {
        "fulladdress": "Bosque Bello",
        "created_user": "kmulcahy",
        "latitude": 30.68432612,
        "globalid": "{15E598AF-7A63-4218-A758-34AABD17BBC1}",
        "picture2023": null,
        "parcelnumber": "00-00-31-1800-0250-0010",
        "picture2022": null,
        "dbh": "2\"",
        "picture2021": null,
        "long": -81.4514847,
        "picture2020": null,
        "dateofplanting": 1636693200000,
        "picture2019": null,
        "last_edited_user": "kmulcahy",
        "commonname": "Southern Magnolia",
        "picture2018": null,
        "spieces": "Magnolia grandiflora",
        "last_edited_date": 1764107217000,
        "created_date": 1764107217000,
        "objectid": 150,
        "propertyowner": "COFB",
        "lat": 30.6843262,
        "height": "6 ft",
        "longitude": -81.45148438
      }
    },
    {
      "geometry": {
        "type": "Point",
        "coordinates": [
          -81.45876111883838,
          30.658248679703487
        ],
        "crs": null
      },
      "id": 154,
      "type": "Feature",
      "properties": {
        "fulladdress": "Housing Authority",
        "created_user": "kmulcahy",
        "latitude": 30.65824868,
        "globalid": "{1A04D1FF-99A4-45F5-894A-A24C3FE9AA6A}",
        "picture2023": null,
        "parcelnumber": "00-00-31-1800-0169-0030",
        "picture2022": null,
        "dbh": "2\"",
        "picture2021": null,
        "long": -81.4587631,
        "picture2020": null,
        "dateofplanting": 1637125200000,
        "picture2019": null,
        "last_edited_user": "kmulcahy",
        "commonname": "Drake Elm",
        "picture2018": null,
        "spieces": "Ulmus parvifolia",
        "last_edited_date": 1764107217000,
        "created_date": 1764107217000,
        "objectid": 154,
        "propertyowner": "COFB",
        "lat": 30.6582489,
        "height": "8 ft",
        "longitude": -81.45876112
      }
    },
    {
      "geometry": {
        "type": "Point",
        "coordinates": [
          -81.45866724219626,
          30.65872859718406
        ],
        "crs": null
      },
      "id": 159,
      "type": "Feature",
      "properties": {
        "fulladdress": "Housing Authority",
        "created_user": "kmulcahy",
        "latitude": 30.6587286,
        "globalid": "{8050B435-D028-4D97-8F8C-DEF6ACBB47EB}",
        "picture2023": null,
        "parcelnumber": "00-00-31-1800-0169-0030",
        "picture2022": null,
        "dbh": "2\"",
        "picture2021": null,
        "long": -81.4586639,
        "picture2020": null,
        "dateofplanting": 1637125200000,
        "picture2019": null,
        "last_edited_user": "kmulcahy",
        "commonname": "Southern Red Cedar",
        "picture2018": null,
        "spieces": "Juniperus bermudiana",
        "last_edited_date": 1764107217000,
        "created_date": 1764107217000,
        "objectid": 159,
        "propertyowner": "COFB",
        "lat": 30.6587276,
        "height": "8 ft",
        "longitude": -81.45866724
      }
    },
    {
      "geometry": {
        "type": "Point",
        "coordinates": [
          -81.45859348152825,
          30.65841711254104
        ],
        "crs": null
      },
      "id": 164,
      "type": "Feature",
      "properties": {
        "fulladdress": "Housing Authority",
        "created_user": "kmulcahy",
        "latitude": 30.65841711,
        "globalid": "{A10E90F6-ABAD-4F74-AEE3-C603683325E5}",
        "picture2023": null,
        "parcelnumber": "00-00-31-1800-0169-0030",
        "picture2022": null,
        "dbh": "1\"",
        "picture2021": null,
        "long": -81.4585953,
        "picture2020": null,
        "dateofplanting": 1637125200000,
        "picture2019": null,
        "last_edited_user": "kmulcahy",
        "commonname": "citrus",
        "picture2018": null,
        "spieces": "citrus",
        "last_edited_date": 1764107217000,
        "created_date": 1764107217000,
        "objectid": 164,
        "propertyowner": "COFB",
        "lat": 30.6584167,
        "height": "4 ft",
        "longitude": -81.45859348
      }
    },
    {
      "geometry": {
        "type": "Point",
        "coordinates": [
          -81.45784112181656,
          30.658657071547452
        ],
        "crs": null
      },
      "id": 177,
      "type": "Feature",
      "properties": {
        "fulladdress": "Housing Authority",
        "created_user": "kmulcahy",
        "latitude": 30.65865707,
        "globalid": "{E34A36F3-E91C-485E-A9E5-715A0CD894F8}",
        "picture2023": null,
        "parcelnumber": "00-00-31-1800-0169-0030",
        "picture2022": null,
        "dbh": "2\"",
        "picture2021": null,
        "long": -81.45784,
        "picture2020": null,
        "dateofplanting": 1637125200000,
        "picture2019": null,
        "last_edited_user": "kmulcahy",
        "commonname": "Drake Elm",
        "picture2018": null,
        "spieces": "Ulmus parvifolia",
        "last_edited_date": 1764107217000,
        "created_date": 1764107217000,
        "objectid": 177,
        "propertyowner": "COFB",
        "lat": 30.6586571,
        "height": "8 ft",
        "longitude": -81.45784112
      }
    },
    {
      "geometry": {
        "type": "Point",
        "coordinates": [
          -81.44587152879647,
          30.610966759135167
        ],
        "crs": null
      },
      "id": 244,
      "type": "Feature",
      "properties": {
        "fulladdress": "Top Tracer",
        "created_user": "kmulcahy",
        "latitude": 30.61096676,
        "globalid": "{53F3E58A-FD0E-409A-B578-C170C9AC9209}",
        "picture2023": null,
        "parcelnumber": "08-2N-28-0000-0001-0000",
        "picture2022": null,
        "dbh": "15\"",
        "picture2021": null,
        "long": -81.4458694,
        "picture2020": null,
        "dateofplanting": 1650254400000,
        "picture2019": null,
        "last_edited_user": "kmulcahy",
        "commonname": "Cabbage Palm",
        "picture2018": null,
        "spieces": "Sabal pametto",
        "last_edited_date": 1764107217000,
        "created_date": 1764107217000,
        "objectid": 244,
        "propertyowner": "COFB",
        "lat": 30.6109676,
        "height": "18 ft",
        "longitude": -81.44587153
      }
    },
    {
      "geometry": {
        "type": "Point",
        "coordinates": [
          -81.46145680669918,
          30.655799486337017
        ],
        "crs": null
      },
      "id": 375,
      "type": "Feature",
      "properties": {
        "fulladdress": "1129 S 8th St",
        "created_user": "kmulcahy",
        "latitude": null,
        "globalid": "{834C930F-9187-409D-AEC2-F6166112FC59}",
        "picture2023": null,
        "parcelnumber": "00-00-31-1800-0302-0000",
        "picture2022": null,
        "dbh": "2\"",
        "picture2021": null,
        "long": null,
        "picture2020": null,
        "dateofplanting": 1705640400000,
        "picture2019": null,
        "last_edited_user": "kmulcahy",
        "commonname": "Lime",
        "picture2018": null,
        "spieces": "Citrus aurantiifolia",
        "last_edited_date": 1764107217000,
        "created_date": 1764107217000,
        "objectid": 375,
        "propertyowner": "COFB",
        "lat": null,
        "height": "6 ft",
        "longitude": null
      }
    },
    {
      "geometry": {
        "type": "Point",
        "coordinates": [
          -81.45246031926588,
          30.648082949363996
        ],
        "crs": null
      },
      "id": 20,
      "type": "Feature",
      "properties": {
        "fulladdress": "Northpark Drive right of way",
        "created_user": "kmulcahy",
        "latitude": 30.64808295,
        "globalid": "{E533331B-5059-4D03-912A-5C2837BE0407}",
        "picture2023": null,
        "parcelnumber": null,
        "picture2022": null,
        "dbh": "2.5 Inches",
        "picture2021": "https://ncflpataxcards.s3.us-east-1.amazonaws.com/CityOfFernandinaBeach/TreeCommittee/20-2021.jpg",
        "long": -81.4524612,
        "picture2020": null,
        "dateofplanting": 1619064000000,
        "picture2019": null,
        "last_edited_user": "kmulcahy",
        "commonname": "Live Oak",
        "picture2018": null,
        "spieces": "Quercus Virginiana",
        "last_edited_date": 1764107217000,
        "created_date": 1764107217000,
        "objectid": 20,
        "propertyowner": null,
        "lat": 30.6480827,
        "height": "12 Feet",
        "longitude": -81.45246032
      }
    },
    {
      "geometry": {
        "type": "Point",
        "coordinates": [
          -81.4526272864328,
          30.645603461509968
        ],
        "crs": null
      },
      "id": 27,
      "type": "Feature",
      "properties": {
        "fulladdress": "Park Avenue right of way",
        "created_user": "kmulcahy",
        "latitude": 30.64560346,
        "globalid": "{49806727-945E-471C-8013-5C160962F043}",
        "picture2023": null,
        "parcelnumber": null,
        "picture2022": null,
        "dbh": "2.5 Inches",
        "picture2021": "https://ncflpataxcards.s3.us-east-1.amazonaws.com/CityOfFernandinaBeach/TreeCommittee/27-2021.jpg",
        "long": -81.4526291,
        "picture2020": null,
        "dateofplanting": 1619064000000,
        "picture2019": null,
        "last_edited_user": "kmulcahy",
        "commonname": "Live Oak",
        "picture2018": null,
        "spieces": "Quercus Virginiana",
        "last_edited_date": 1764107217000,
        "created_date": 1764107217000,
        "objectid": 27,
        "propertyowner": null,
        "lat": 30.6456032,
        "height": "12 Feet",
        "longitude": -81.45262729
      }
    },
    {
      "geometry": {
        "type": "Point",
        "coordinates": [
          -81.45837685549246,
          30.62284073767584
        ],
        "crs": null
      },
      "id": 55,
      "type": "Feature",
      "properties": {
        "fulladdress": null,
        "created_user": "kmulcahy",
        "latitude": 30.62284074,
        "globalid": "{8A6D7A82-3957-4BA9-AB79-060F457AD7D0}",
        "picture2023": null,
        "parcelnumber": null,
        "picture2022": null,
        "dbh": "2.5",
        "picture2021": null,
        "long": -81.458374,
        "picture2020": null,
        "dateofplanting": 1577854800000,
        "picture2019": null,
        "last_edited_user": "kmulcahy",
        "commonname": "Live Oak",
        "picture2018": null,
        "spieces": null,
        "last_edited_date": 1764107217000,
        "created_date": 1764107217000,
        "objectid": 55,
        "propertyowner": null,
        "lat": 30.6228409,
        "height": "8",
        "longitude": -81.45837686
      }
    },
    {
      "geometry": {
        "type": "Point",
        "coordinates": [
          -81.45875907067952,
          30.622964223812268
        ],
        "crs": null
      },
      "id": 58,
      "type": "Feature",
      "properties": {
        "fulladdress": null,
        "created_user": "kmulcahy",
        "latitude": 30.62296422,
        "globalid": "{EE22C7BE-4ED5-4F83-9A8D-307C14812323}",
        "picture2023": null,
        "parcelnumber": null,
        "picture2022": null,
        "dbh": "2.5",
        "picture2021": null,
        "long": -81.4587555,
        "picture2020": null,
        "dateofplanting": 1577854800000,
        "picture2019": null,
        "last_edited_user": "kmulcahy",
        "commonname": "Live Oak",
        "picture2018": null,
        "spieces": null,
        "last_edited_date": 1764107217000,
        "created_date": 1764107217000,
        "objectid": 58,
        "propertyowner": null,
        "lat": 30.6229649,
        "height": "8",
        "longitude": -81.45875907
      }
    },
    {
      "geometry": {
        "type": "Point",
        "coordinates": [
          -81.45924186753403,
          30.622894979233063
        ],
        "crs": null
      },
      "id": 64,
      "type": "Feature",
      "properties": {
        "fulladdress": null,
        "created_user": "kmulcahy",
        "latitude": 30.62289498,
        "globalid": "{5169274E-8EA9-4716-BF95-9B1DC757C47F}",
        "picture2023": null,
        "parcelnumber": null,
        "picture2022": null,
        "dbh": "2.5",
        "picture2021": null,
        "long": -81.4592438,
        "picture2020": null,
        "dateofplanting": 1577854800000,
        "picture2019": null,
        "last_edited_user": "kmulcahy",
        "commonname": "Live Oak",
        "picture2018": null,
        "spieces": null,
        "last_edited_date": 1764107217000,
        "created_date": 1764107217000,
        "objectid": 64,
        "propertyowner": null,
        "lat": 30.6228943,
        "height": "8",
        "longitude": -81.45924187
      }
    },
    {
      "geometry": {
        "type": "Point",
        "coordinates": [
          -81.43690321612375,
          30.637658584442665
        ],
        "crs": null
      },
      "id": 106,
      "type": "Feature",
      "properties": {
        "fulladdress": "Seaside Park",
        "created_user": "kmulcahy",
        "latitude": 30.63765858,
        "globalid": "{D31316FB-891B-46B4-A90D-50108011C19C}",
        "picture2023": null,
        "parcelnumber": "00-00-31-1360-0001-0000",
        "picture2022": null,
        "dbh": "1\"",
        "picture2021": null,
        "long": -81.4369049,
        "picture2020": null,
        "dateofplanting": 1635480000000,
        "picture2019": null,
        "last_edited_user": "kmulcahy",
        "commonname": "Wax Myrtle",
        "picture2018": null,
        "spieces": "Myrica cerifera",
        "last_edited_date": 1764107217000,
        "created_date": 1764107217000,
        "objectid": 106,
        "propertyowner": "City of Fernandina Beach",
        "lat": 30.6376591,
        "height": "2 ft",
        "longitude": -81.43690322
      }
    },
    {
      "geometry": {
        "type": "Point",
        "coordinates": [
          -81.43691997958527,
          30.63766377689886
        ],
        "crs": null
      },
      "id": 110,
      "type": "Feature",
      "properties": {
        "fulladdress": "Seaside Park",
        "created_user": "kmulcahy",
        "latitude": 30.63766378,
        "globalid": "{3F101284-DF08-4D5E-A3A4-843F0D1A9ECD}",
        "picture2023": null,
        "parcelnumber": "00-00-31-1360-0001-0000",
        "picture2022": null,
        "dbh": "1\"",
        "picture2021": null,
        "long": -81.4369202,
        "picture2020": null,
        "dateofplanting": 1635480000000,
        "picture2019": null,
        "last_edited_user": "kmulcahy",
        "commonname": "Wax Myrtle",
        "picture2018": null,
        "spieces": "Myrica cerifera",
        "last_edited_date": 1764107217000,
        "created_date": 1764107217000,
        "objectid": 110,
        "propertyowner": "City of Fernandina Beach",
        "lat": 30.6376629,
        "height": "2 ft",
        "longitude": -81.43691998
      }
    },
    {
      "geometry": {
        "type": "Point",
        "coordinates": [
          -81.46082650916995,
          30.669726046290606
        ],
        "crs": null
      },
      "id": 129,
      "type": "Feature",
      "properties": {
        "fulladdress": "Ah St ROW",
        "created_user": "kmulcahy",
        "latitude": 30.66972605,
        "globalid": "{E70D460F-E4A8-4DC9-8594-C5587F31DBD0}",
        "picture2023": null,
        "parcelnumber": "00-00-31-1800-0029-0070",
        "picture2022": null,
        "dbh": "2\"",
        "picture2021": null,
        "long": -81.4608231,
        "picture2020": null,
        "dateofplanting": 1631505600000,
        "picture2019": null,
        "last_edited_user": "kmulcahy",
        "commonname": "Crepe Myrtle Pink",
        "picture2018": null,
        "spieces": "Lagerstroemia indica",
        "last_edited_date": 1764107217000,
        "created_date": 1764107217000,
        "objectid": 129,
        "propertyowner": "City of Fernandina Beach",
        "lat": 30.6697254,
        "height": "8 ft",
        "longitude": -81.46082651
      }
    },
    {
      "geometry": {
        "type": "Point",
        "coordinates": [
          -81.46078225276918,
          30.669720855556193
        ],
        "crs": null
      },
      "id": 130,
      "type": "Feature",
      "properties": {
        "fulladdress": "Ash St ROW",
        "created_user": "kmulcahy",
        "latitude": 30.66972086,
        "globalid": "{9BC19711-93FA-4F6C-9A89-DF95FF1D01CC}",
        "picture2023": null,
        "parcelnumber": "00-00-31-1800-0029-0070",
        "picture2022": null,
        "dbh": "2\"",
        "picture2021": null,
        "long": -81.4607849,
        "picture2020": null,
        "dateofplanting": 1631505600000,
        "picture2019": null,
        "last_edited_user": "kmulcahy",
        "commonname": "Crepe Myrtle Pink",
        "picture2018": null,
        "spieces": "Lagerstroemia indica",
        "last_edited_date": 1764107217000,
        "created_date": 1764107217000,
        "objectid": 130,
        "propertyowner": "City of Fernandina Beach",
        "lat": 30.6697216,
        "height": "8 ft",
        "longitude": -81.46078225
      }
    },
    {
      "geometry": {
        "type": "Point",
        "coordinates": [
          -81.45091976963906,
          30.684387242067736
        ],
        "crs": null
      },
      "id": 143,
      "type": "Feature",
      "properties": {
        "fulladdress": "Bosque Bello",
        "created_user": "kmulcahy",
        "latitude": 30.68438724,
        "globalid": "{A2AB1A3C-E165-4E92-B279-4FEB15853CBD}",
        "picture2023": null,
        "parcelnumber": "00-00-31-1800-0250-0010",
        "picture2022": null,
        "dbh": "2\"",
        "picture2021": null,
        "long": -81.4509201,
        "picture2020": null,
        "dateofplanting": 1636693200000,
        "picture2019": null,
        "last_edited_user": "kmulcahy",
        "commonname": "Live Oak",
        "picture2018": null,
        "spieces": "Quercus virginiana",
        "last_edited_date": 1764107217000,
        "created_date": 1764107217000,
        "objectid": 143,
        "propertyowner": "COFB",
        "lat": 30.6843872,
        "height": "8 ft",
        "longitude": -81.45091977
      }
    },
    {
      "geometry": {
        "type": "Point",
        "coordinates": [
          -81.45110752471997,
          30.684253454457142
        ],
        "crs": null
      },
      "id": 145,
      "type": "Feature",
      "properties": {
        "fulladdress": "Bosque Bello",
        "created_user": "kmulcahy",
        "latitude": 30.68425345,
        "globalid": "{48CCA811-B978-4671-8118-4C350A227384}",
        "picture2023": null,
        "parcelnumber": "00-00-31-1800-0250-0010",
        "picture2022": null,
        "dbh": "2\"",
        "picture2021": null,
        "long": -81.4511108,
        "picture2020": null,
        "dateofplanting": 1636693200000,
        "picture2019": null,
        "last_edited_user": "kmulcahy",
        "commonname": "Red Maple",
        "picture2018": null,
        "spieces": "Acer rubrum",
        "last_edited_date": 1764107217000,
        "created_date": 1764107217000,
        "objectid": 145,
        "propertyowner": "COFB",
        "lat": 30.6842537,
        "height": "9 ft",
        "longitude": -81.45110752
      }
    },
    {
      "geometry": {
        "type": "Point",
        "coordinates": [
          -81.45118396775737,
          30.684489889079853
        ],
        "crs": null
      },
      "id": 148,
      "type": "Feature",
      "properties": {
        "fulladdress": "Bosque Bello",
        "created_user": "kmulcahy",
        "latitude": 30.68448989,
        "globalid": "{F30E97E5-8696-40F7-8D31-6635BE10943C}",
        "picture2023": null,
        "parcelnumber": "00-00-31-1800-0250-0010",
        "picture2022": null,
        "dbh": "2\"",
        "picture2021": null,
        "long": -81.4511871,
        "picture2020": null,
        "dateofplanting": 1636693200000,
        "picture2019": null,
        "last_edited_user": "kmulcahy",
        "commonname": "Southern Red Cedar",
        "picture2018": null,
        "spieces": "Juniperus bermudiana",
        "last_edited_date": 1764107217000,
        "created_date": 1764107217000,
        "objectid": 148,
        "propertyowner": "COFB",
        "lat": 30.6844902,
        "height": "6 ft",
        "longitude": -81.45118397
      }
    },
    {
      "geometry": {
        "type": "Point",
        "coordinates": [
          -81.45788869389908,
          30.658452331438184
        ],
        "crs": null
      },
      "id": 178,
      "type": "Feature",
      "properties": {
        "fulladdress": "Housing Authority",
        "created_user": "kmulcahy",
        "latitude": 30.65845233,
        "globalid": "{685C0E6C-C4FB-4D26-B3C2-CEAAF3D3662F}",
        "picture2023": null,
        "parcelnumber": "00-00-31-1800-0213-0042",
        "picture2022": null,
        "dbh": "1\"",
        "picture2021": null,
        "long": -81.4578857,
        "picture2020": null,
        "dateofplanting": 1637125200000,
        "picture2019": null,
        "last_edited_user": "kmulcahy",
        "commonname": "citrus",
        "picture2018": null,
        "spieces": "citrus",
        "last_edited_date": 1764107217000,
        "created_date": 1764107217000,
        "objectid": 178,
        "propertyowner": "FOFB",
        "lat": 30.658453,
        "height": "4 ft",
        "longitude": -81.45788869
      }
    },
    {
      "geometry": {
        "type": "Point",
        "coordinates": [
          -81.45086513140855,
          30.659546410565284
        ],
        "crs": null
      },
      "id": 193,
      "type": "Feature",
      "properties": {
        "fulladdress": "Hickory St ROW near soccer field",
        "created_user": "kmulcahy",
        "latitude": 30.65954641,
        "globalid": "{37D273CB-BB1E-4492-A0D3-EB7406D072DA}",
        "picture2023": null,
        "parcelnumber": "00-00-31-1600-0153-0000",
        "picture2022": null,
        "dbh": "2\"",
        "picture2021": null,
        "long": -81.4508667,
        "picture2020": null,
        "dateofplanting": 1639976400000,
        "picture2019": null,
        "last_edited_user": "kmulcahy",
        "commonname": "Red Maple",
        "picture2018": null,
        "spieces": "Acer Rubrum",
        "last_edited_date": 1764107217000,
        "created_date": 1764107217000,
        "objectid": 193,
        "propertyowner": "COFB",
        "lat": 30.6595459,
        "height": "10 ft",
        "longitude": -81.45086513
      }
    },
    {
      "geometry": {
        "type": "Point",
        "coordinates": [
          -81.43083395731576,
          30.667690968031575
        ],
        "crs": null
      },
      "id": 213,
      "type": "Feature",
      "properties": {
        "fulladdress": "Main beach parking lot",
        "created_user": "kmulcahy",
        "latitude": 30.66769097,
        "globalid": "{CBFA2610-F697-48A0-9082-4F2F256F91BC}",
        "picture2023": null,
        "parcelnumber": "12-3N-29-0000-0003-0000",
        "picture2022": null,
        "dbh": "10\"",
        "picture2021": null,
        "long": -81.4308319,
        "picture2020": null,
        "dateofplanting": 1647835200000,
        "picture2019": null,
        "last_edited_user": "kmulcahy",
        "commonname": "Sabal Palm",
        "picture2018": null,
        "spieces": "sabal palmetto",
        "last_edited_date": 1764107217000,
        "created_date": 1764107217000,
        "objectid": 213,
        "propertyowner": "COFB",
        "lat": 30.6676903,
        "height": "12 ft",
        "longitude": -81.43083396
      }
    },
    {
      "geometry": {
        "type": "Point",
        "coordinates": [
          -81.44583464846247,
          30.61099388363054
        ],
        "crs": null
      },
      "id": 245,
      "type": "Feature",
      "properties": {
        "fulladdress": "Top Tracer",
        "created_user": "kmulcahy",
        "latitude": 30.61099388,
        "globalid": "{EE4EDF62-219E-4FF7-8A1E-EBAAD8CB7877}",
        "picture2023": null,
        "parcelnumber": "08-2N-28-0000-0001-0000",
        "picture2022": null,
        "dbh": "40\"",
        "picture2021": null,
        "long": -81.4458313,
        "picture2020": null,
        "dateofplanting": 1650254400000,
        "picture2019": null,
        "last_edited_user": "kmulcahy",
        "commonname": "Canary Date Palm",
        "picture2018": null,
        "spieces": "Phoenix canariensis",
        "last_edited_date": 1764107217000,
        "created_date": 1764107217000,
        "objectid": 245,
        "propertyowner": "COFB",
        "lat": 30.6109943,
        "height": "15 ft",
        "longitude": -81.44583465
      }
    },
    {
      "geometry": {
        "type": "Point",
        "coordinates": [
          -81.45803668864717,
          30.65719956135001
        ],
        "crs": null
      },
      "id": 284,
      "type": "Feature",
      "properties": {
        "fulladdress": "1003 S 11th St",
        "created_user": "kmulcahy",
        "latitude": 30.65719956,
        "globalid": "{B2C88A58-ADFF-40F6-861D-EE4A0CBCF335}",
        "picture2023": null,
        "parcelnumber": "00-00-31-1800-0212-0012",
        "picture2022": null,
        "dbh": "1.5\"",
        "picture2021": null,
        "long": -81.4580383,
        "picture2020": null,
        "dateofplanting": 1667534400000,
        "picture2019": null,
        "last_edited_user": "kmulcahy",
        "commonname": "Lime",
        "picture2018": null,
        "spieces": "Citrus limon",
        "last_edited_date": 1764107217000,
        "created_date": 1764107217000,
        "objectid": 284,
        "propertyowner": "COFB",
        "lat": 30.6571999,
        "height": "5 ft",
        "longitude": -81.45803669
      }
    },
    {
      "geometry": {
        "type": "Point",
        "coordinates": [
          -81.4556059382182,
          30.662786024032563
        ],
        "crs": null
      },
      "id": 337,
      "type": "Feature",
      "properties": {
        "fulladdress": "1200 Elm St",
        "created_user": "kmulcahy",
        "latitude": 30.66278602,
        "globalid": "{466030A9-66CB-47BF-AB5D-F2C796B6E5D1}",
        "picture2023": null,
        "parcelnumber": "00-00-31-1800-0231-03B0",
        "picture2022": null,
        "dbh": "10 inches",
        "picture2021": null,
        "long": -81.4556046,
        "picture2020": null,
        "dateofplanting": 1679976000000,
        "picture2019": null,
        "last_edited_user": "kmulcahy",
        "commonname": "Sabal Palm",
        "picture2018": null,
        "spieces": "Sabal palmetto",
        "last_edited_date": 1764107217000,
        "created_date": 1764107217000,
        "objectid": 337,
        "propertyowner": "COFB",
        "lat": 30.6627865,
        "height": "12 ft",
        "longitude": -81.45560594
      }
    },
    {
      "geometry": {
        "type": "Point",
        "coordinates": [
          -81.45391877006227,
          30.645752878709487
        ],
        "crs": null
      },
      "id": 23,
      "type": "Feature",
      "properties": {
        "fulladdress": "Park Avenue right of way",
        "created_user": "kmulcahy",
        "latitude": 30.64575288,
        "globalid": "{D691CCA3-E16C-4F3B-AF79-1FA659D0FCB9}",
        "picture2023": null,
        "parcelnumber": null,
        "picture2022": null,
        "dbh": "2.5 Inches",
        "picture2021": "https://ncflpataxcards.s3.us-east-1.amazonaws.com/CityOfFernandinaBeach/TreeCommittee/23-2021.jpg",
        "long": -81.4539185,
        "picture2020": null,
        "dateofplanting": 1619064000000,
        "picture2019": null,
        "last_edited_user": "kmulcahy",
        "commonname": "Live Oak",
        "picture2018": null,
        "spieces": "Quercus Virginiana",
        "last_edited_date": 1764107217000,
        "created_date": 1764107217000,
        "objectid": 23,
        "propertyowner": null,
        "lat": 30.645752,
        "height": "12 Feet",
        "longitude": -81.45391877
      }
    },
    {
      "geometry": {
        "type": "Point",
        "coordinates": [
          -81.46587038150533,
          30.624759370016104
        ],
        "crs": null
      },
      "id": 359,
      "type": "Feature",
      "properties": {
        "fulladdress": "2890 Santa Maria Dr",
        "created_user": "kmulcahy",
        "latitude": null,
        "globalid": "{07CCD1B4-5DEB-44E9-8A05-F25CF8967BE1}",
        "picture2023": null,
        "parcelnumber": "00-00-31-087I-000A-0000",
        "picture2022": null,
        "dbh": "2\"",
        "picture2021": null,
        "long": null,
        "picture2020": null,
        "dateofplanting": 1700456400000,
        "picture2019": null,
        "last_edited_user": "kmulcahy",
        "commonname": "Bald Cyprus",
        "picture2018": null,
        "spieces": "Taxodium distichum",
        "last_edited_date": 1764107217000,
        "created_date": 1764107217000,
        "objectid": 359,
        "propertyowner": "Isle De Mai HOA",
        "lat": null,
        "height": "8 ft",
        "longitude": null
      }
    },
    {
      "geometry": {
        "type": "Point",
        "coordinates": [
          -81.45229139556828,
          30.659683116266265
        ],
        "crs": null
      },
      "id": 256,
      "type": "Feature",
      "properties": {
        "fulladdress": "820 S 14th St",
        "created_user": "kmulcahy",
        "latitude": 30.65968312,
        "globalid": "{88F99255-7CBC-4502-83C2-5AF8C6EB0C2B}",
        "picture2023": null,
        "parcelnumber": "00-00-31-1800-0264-0010",
        "picture2022": null,
        "dbh": "1.5\"",
        "picture2021": null,
        "long": -81.4522934,
        "picture2020": null,
        "dateofplanting": 1655697600000,
        "picture2019": null,
        "last_edited_user": "kmulcahy",
        "commonname": "East Palatka Holly",
        "picture2018": null,
        "spieces": "Ilex x attenuata",
        "last_edited_date": 1764107217000,
        "created_date": 1764107217000,
        "objectid": 256,
        "propertyowner": "COFB",
        "lat": 30.6596832,
        "height": "6 ft",
        "longitude": -81.4522914
      }
    },
    {
      "geometry": {
        "type": "Point",
        "coordinates": [
          -81.45254754657829,
          30.659715417605984
        ],
        "crs": null
      },
      "id": 257,
      "type": "Feature",
      "properties": {
        "fulladdress": "820 S 14th St",
        "created_user": "kmulcahy",
        "latitude": 30.65971542,
        "globalid": "{E68FC9BF-7F71-46F9-871D-45C2B36B6310}",
        "picture2023": null,
        "parcelnumber": "00-00-31-1800-0264-0010",
        "picture2022": null,
        "dbh": "1.5\"",
        "picture2021": null,
        "long": -81.4525452,
        "picture2020": null,
        "dateofplanting": 1655697600000,
        "picture2019": null,
        "last_edited_user": "kmulcahy",
        "commonname": "East Palatka Holly",
        "picture2018": null,
        "spieces": "Ilex x attenuata",
        "last_edited_date": 1764107217000,
        "created_date": 1764107217000,
        "objectid": 257,
        "propertyowner": "COFB",
        "lat": 30.6597157,
        "height": "6 ft",
        "longitude": -81.45254755
      }
    },
    {
      "geometry": {
        "type": "Point",
        "coordinates": [
          -81.45840549288539,
          30.657772929632785
        ],
        "crs": null
      },
      "id": 275,
      "type": "Feature",
      "properties": {
        "fulladdress": "1002 S 11th St",
        "created_user": "kmulcahy",
        "latitude": 30.65777293,
        "globalid": "{51E77D2B-CAC6-4917-96E7-FF0DFC79A196}",
        "picture2023": null,
        "parcelnumber": "00-00-31-1800-0170-0170",
        "picture2022": null,
        "dbh": "1.5\"",
        "picture2021": null,
        "long": -81.4584045,
        "picture2020": null,
        "dateofplanting": 1667534400000,
        "picture2019": null,
        "last_edited_user": "kmulcahy",
        "commonname": "River Birch",
        "picture2018": null,
        "spieces": "Betula nigra",
        "last_edited_date": 1764107217000,
        "created_date": 1764107217000,
        "objectid": 275,
        "propertyowner": "COFB",
        "lat": 30.6577721,
        "height": "6 ft",
        "longitude": -81.45840549
      }
    },
    {
      "geometry": {
        "type": "Point",
        "coordinates": [
          -81.45088940119257,
          30.684445053016812
        ],
        "crs": null
      },
      "id": 473,
      "type": "Feature",
      "properties": {
        "fulladdress": "1321 N 14th St",
        "created_user": "kmulcahy",
        "latitude": null,
        "globalid": "{88892123-27E4-4E8D-93C5-A13E7B8962E3}",
        "picture2023": null,
        "parcelnumber": "00-00-31-1800-0225-0400",
        "picture2022": null,
        "dbh": "1.5\"",
        "picture2021": null,
        "long": null,
        "picture2020": null,
        "dateofplanting": 1736917200000,
        "picture2019": null,
        "last_edited_user": "kmulcahy",
        "commonname": "Brodie Red Cedar",
        "picture2018": null,
        "spieces": "Juniperus virginiana \"Brodie\"",
        "last_edited_date": 1764107217000,
        "created_date": 1764107217000,
        "objectid": 473,
        "propertyowner": "COFB",
        "lat": null,
        "height": "5 ft",
        "longitude": null
      }
    },
    {
      "geometry": {
        "type": "Point",
        "coordinates": [
          -81.45424263967166,
          30.66090344891435
        ],
        "crs": null
      },
      "id": 328,
      "type": "Feature",
      "properties": {
        "fulladdress": "S 13th St",
        "created_user": "kmulcahy",
        "latitude": 30.66090345,
        "globalid": "{672F0313-E0C1-4A9B-9E19-390F32F7D5CC}",
        "picture2023": null,
        "parcelnumber": "00-00-31-1501-0TRD-0000",
        "picture2022": null,
        "dbh": "2 inches",
        "picture2021": null,
        "long": -81.4542389,
        "picture2020": null,
        "dateofplanting": 1679976000000,
        "picture2019": null,
        "last_edited_user": "kmulcahy",
        "commonname": "Hickory",
        "picture2018": null,
        "spieces": "Carya juglandeae",
        "last_edited_date": 1764107217000,
        "created_date": 1764107217000,
        "objectid": 328,
        "propertyowner": "Hickory Ridge HOA",
        "lat": 30.6609039,
        "height": "8 ft",
        "longitude": -81.45424264
      }
    },
    {
      "geometry": {
        "type": "Point",
        "coordinates": [
          -81.45627668598632,
          30.670266117583957
        ],
        "crs": null
      },
      "id": 80,
      "type": "Feature",
      "properties": {
        "fulladdress": "South 11th and Alantic",
        "created_user": "kmulcahy",
        "latitude": 30.67026612,
        "globalid": "{99CC04E5-9056-4539-9DB1-A0B0BFAEE4E0}",
        "picture2023": null,
        "parcelnumber": "00-00-31-1800-0217-0000-CP",
        "picture2022": null,
        "dbh": ">1\"",
        "picture2021": null,
        "long": -81.4562759,
        "picture2020": null,
        "dateofplanting": 1637298000000,
        "picture2019": null,
        "last_edited_user": "kmulcahy",
        "commonname": "winged elm",
        "picture2018": null,
        "spieces": "ulmus alata",
        "last_edited_date": 1764107217000,
        "created_date": 1764107217000,
        "objectid": 80,
        "propertyowner": "City of Fernandina Beach",
        "lat": 30.6702652,
        "height": "3 ft",
        "longitude": -81.45627669
      }
    },
    {
      "geometry": {
        "type": "Point",
        "coordinates": [
          -81.43695015489399,
          30.637672431249623
        ],
        "crs": null
      },
      "id": 112,
      "type": "Feature",
      "properties": {
        "fulladdress": "Seaside Park",
        "created_user": "kmulcahy",
        "latitude": 30.63767243,
        "globalid": "{82BEB056-5A38-4344-9DCD-0AD5870C1BB4}",
        "picture2023": null,
        "parcelnumber": "00-00-31-1360-0001-0000",
        "picture2022": null,
        "dbh": "1\"",
        "picture2021": null,
        "long": -81.4369507,
        "picture2020": null,
        "dateofplanting": 1635480000000,
        "picture2019": null,
        "last_edited_user": "kmulcahy",
        "commonname": "Wax Myrtle",
        "picture2018": null,
        "spieces": "Myrica cerifera",
        "last_edited_date": 1764107217000,
        "created_date": 1764107217000,
        "objectid": 112,
        "propertyowner": "City of Fernandina Beach",
        "lat": 30.6376724,
        "height": "2 ft",
        "longitude": -81.43695015
      }
    },
    {
      "geometry": {
        "type": "Point",
        "coordinates": [
          -81.46227310579785,
          30.669616428860596
        ],
        "crs": null
      },
      "id": 184,
      "type": "Feature",
      "properties": {
        "fulladdress": "406 Ash St at S 4th St ROW",
        "created_user": "kmulcahy",
        "latitude": 30.66961643,
        "globalid": "{91AAE413-3D22-437D-8607-9C347705E6C7}",
        "picture2023": null,
        "parcelnumber": "00-00-31-1800-0025-0010",
        "picture2022": null,
        "dbh": "1\"",
        "picture2021": null,
        "long": -81.4622726,
        "picture2020": null,
        "dateofplanting": 1639026000000,
        "picture2019": null,
        "last_edited_user": "kmulcahy",
        "commonname": "East Palatka Holly",
        "picture2018": null,
        "spieces": "Ilex x attenuata",
        "last_edited_date": 1764107217000,
        "created_date": 1764107217000,
        "objectid": 184,
        "propertyowner": "COFB",
        "lat": 30.6696167,
        "height": "8 ft",
        "longitude": -81.46227311
      }
    },
    {
      "geometry": {
        "type": "Point",
        "coordinates": [
          -81.44773499312353,
          30.65434914544138
        ],
        "crs": null
      },
      "id": 219,
      "type": "Feature",
      "properties": {
        "fulladdress": "S 19th St between Jasmine and Lime",
        "created_user": "kmulcahy",
        "latitude": 30.65434915,
        "globalid": "{0F8B41D6-9AC1-4E72-BC57-1555F1EDE920}",
        "picture2023": null,
        "parcelnumber": "S 19th St ROW",
        "picture2022": null,
        "dbh": "1\"",
        "picture2021": null,
        "long": -81.4477386,
        "picture2020": null,
        "dateofplanting": 1649390400000,
        "picture2019": null,
        "last_edited_user": "kmulcahy",
        "commonname": "Red Maple",
        "picture2018": null,
        "spieces": "Acer Rubrum",
        "last_edited_date": 1764107217000,
        "created_date": 1764107217000,
        "objectid": 219,
        "propertyowner": "COFB",
        "lat": 30.6543484,
        "height": "6 ft",
        "longitude": -81.44773499
      }
    },
    {
      "geometry": {
        "type": "Point",
        "coordinates": [
          -81.45807289883797,
          30.656945754679757
        ],
        "crs": null
      },
      "id": 281,
      "type": "Feature",
      "properties": {
        "fulladdress": "1003 S 11th St",
        "created_user": "kmulcahy",
        "latitude": 30.65694575,
        "globalid": "{F35AD742-2E04-4468-8C32-AA6413CF9853}",
        "picture2023": null,
        "parcelnumber": "00-00-31-1800-0212-0012",
        "picture2022": null,
        "dbh": "1.5\"",
        "picture2021": null,
        "long": -81.4580765,
        "picture2020": null,
        "dateofplanting": 1667534400000,
        "picture2019": null,
        "last_edited_user": "kmulcahy",
        "commonname": "Pecan",
        "picture2018": null,
        "spieces": "Carya illinoinensis",
        "last_edited_date": 1764107217000,
        "created_date": 1764107217000,
        "objectid": 281,
        "propertyowner": "COFB",
        "lat": 30.6569462,
        "height": "5 ft",
        "longitude": -81.4580729
      }
    },
    {
      "geometry": {
        "type": "Point",
        "coordinates": [
          -81.44847583553498,
          30.662831910225197
        ],
        "crs": null
      },
      "id": 1,
      "type": "Feature",
      "properties": {
        "fulladdress": "502 S 17th St, Fernandina Beach, Florida, 32034",
        "created_user": "kmulcahy",
        "latitude": 30.66283191,
        "globalid": "{7F0C8D06-733C-4A14-AFCC-3A53A8958AF0}",
        "picture2023": null,
        "parcelnumber": "00-00-31-150F-0008-0130",
        "picture2022": null,
        "dbh": "2 1/2 inches at the time of planting.",
        "picture2021": "https://ncflpataxcards.s3.us-east-1.amazonaws.com/CityOfFernandinaBeach/TreeCommittee/00-00-31-150F-0008-0130-2021.jpg",
        "long": -81.4484787,
        "picture2020": "https://ncflpataxcards.s3.us-east-1.amazonaws.com/CityOfFernandinaBeach/TreeCommittee/00-00-31-150F-0008-0130-2020jpg",
        "dateofplanting": 1527307200000,
        "picture2019": "https://ncflpataxcards.s3.us-east-1.amazonaws.com/CityOfFernandinaBeach/TreeCommittee/00-00-31-150F-0008-0130-2019.jpg",
        "last_edited_user": "kmulcahy",
        "commonname": "Live Oak",
        "picture2018": "https://ncflpataxcards.s3.us-east-1.amazonaws.com/CityOfFernandinaBeach/TreeCommittee/00-00-31-150F-0008-0130-2018.jpg",
        "spieces": "Quercus Virginiana",
        "last_edited_date": 1764107217000,
        "created_date": 1764107217000,
        "objectid": 1,
        "propertyowner": "PLATT JACOB M",
        "lat": 30.6628323,
        "height": "12 feet at the time of planting.",
        "longitude": -81.44847584
      }
    },
    {
      "geometry": {
        "type": "Point",
        "coordinates": [
          -81.45162049778149,
          30.642522274244218
        ],
        "crs": null
      },
      "id": 3,
      "type": "Feature",
      "properties": {
        "fulladdress": "Lake Park Drive right of way",
        "created_user": "kmulcahy",
        "latitude": 30.64252227,
        "globalid": "{6B5808F0-5FA1-4524-A720-803388C17DC3}",
        "picture2023": null,
        "parcelnumber": null,
        "picture2022": null,
        "dbh": "2.5 Inches",
        "picture2021": "https://ncflpataxcards.s3.us-east-1.amazonaws.com/CityOfFernandinaBeach/TreeCommittee/3-2021.jpg",
        "long": -81.451622,
        "picture2020": null,
        "dateofplanting": 1619064000000,
        "picture2019": null,
        "last_edited_user": "kmulcahy",
        "commonname": "Live Oak",
        "picture2018": null,
        "spieces": "Quercus Virginiana",
        "last_edited_date": 1764107217000,
        "created_date": 1764107217000,
        "objectid": 3,
        "propertyowner": null,
        "lat": 30.6425228,
        "height": "12 Feet",
        "longitude": -81.4516205
      }
    },
    {
      "geometry": {
        "type": "Point",
        "coordinates": [
          -81.45305979290275,
          30.64565307560124
        ],
        "crs": null
      },
      "id": 31,
      "type": "Feature",
      "properties": {
        "fulladdress": "Park Avenue right of way",
        "created_user": "kmulcahy",
        "latitude": 30.64565308,
        "globalid": "{5F4CD9FC-5D87-447B-A074-38D82155935C}",
        "picture2023": null,
        "parcelnumber": null,
        "picture2022": null,
        "dbh": "2.5 Inches",
        "picture2021": "https://ncflpataxcards.s3.us-east-1.amazonaws.com/CityOfFernandinaBeach/TreeCommittee/31-2021.jpg",
        "long": -81.4530563,
        "picture2020": null,
        "dateofplanting": 1619064000000,
        "picture2019": null,
        "last_edited_user": "kmulcahy",
        "commonname": "Live Oak",
        "picture2018": null,
        "spieces": "Quercus Virginiana",
        "last_edited_date": 1764107217000,
        "created_date": 1764107217000,
        "objectid": 31,
        "propertyowner": null,
        "lat": 30.6456528,
        "height": "12 Feet",
        "longitude": -81.45305979
      }
    },
    {
      "geometry": {
        "type": "Point",
        "coordinates": [
          -81.45621966362704,
          30.670300825300547
        ],
        "crs": null
      },
      "id": 79,
      "type": "Feature",
      "properties": {
        "fulladdress": "South 11th and Atlantic",
        "created_user": "kmulcahy",
        "latitude": 30.67030083,
        "globalid": "{FAEAD34B-D55C-4759-90F8-80266CC5D7D0}",
        "picture2023": null,
        "parcelnumber": "00-00-31-1800-0217-00CP",
        "picture2022": null,
        "dbh": "less than an Inch",
        "picture2021": null,
        "long": -81.4562225,
        "picture2020": null,
        "dateofplanting": 1637298000000,
        "picture2019": null,
        "last_edited_user": "kmulcahy",
        "commonname": "Winged Elm",
        "picture2018": null,
        "spieces": "Ulmus Alata",
        "last_edited_date": 1764107217000,
        "created_date": 1764107217000,
        "objectid": 79,
        "propertyowner": "COFB",
        "lat": 30.6703014,
        "height": "3 Feet",
        "longitude": -81.45621966
      }
    },
    {
      "geometry": {
        "type": "Point",
        "coordinates": [
          -81.4606729520536,
          30.669813713102013
        ],
        "crs": null
      },
      "id": 126,
      "type": "Feature",
      "properties": {
        "fulladdress": "S 6th St and Ash ROW",
        "created_user": "kmulcahy",
        "latitude": 30.66981371,
        "globalid": "{3DCAF14E-177B-4C95-917C-B70742897C7B}",
        "picture2023": null,
        "parcelnumber": "00-00-31-1800-0029-0070",
        "picture2022": null,
        "dbh": "1.5\"",
        "picture2021": null,
        "long": -81.4606705,
        "picture2020": null,
        "dateofplanting": 1631505600000,
        "picture2019": null,
        "last_edited_user": "kmulcahy",
        "commonname": "Weeping Bottle Brush",
        "picture2018": null,
        "spieces": "Melaleuca viminalis",
        "last_edited_date": 1764107217000,
        "created_date": 1764107217000,
        "objectid": 126,
        "propertyowner": "City of Fernandina Beach",
        "lat": 30.6698132,
        "height": "6 ft",
        "longitude": -81.46067295
      }
    },
    {
      "geometry": {
        "type": "Point",
        "coordinates": [
          -81.44270316899274,
          30.67316987795787
        ],
        "crs": null
      },
      "id": 182,
      "type": "Feature",
      "properties": {
        "fulladdress": "Light house west of drive way",
        "created_user": "kmulcahy",
        "latitude": 30.67316988,
        "globalid": "{F603D325-9132-49FF-8D20-2FAA32BF52BB}",
        "picture2023": null,
        "parcelnumber": "11-3N-29-0000-0005-0000",
        "picture2022": null,
        "dbh": "2\"",
        "picture2021": null,
        "long": -81.4427032,
        "picture2020": null,
        "dateofplanting": 1639026000000,
        "picture2019": null,
        "last_edited_user": "kmulcahy",
        "commonname": "Ash",
        "picture2018": null,
        "spieces": "Fraxus",
        "last_edited_date": 1764107217000,
        "created_date": 1764107217000,
        "objectid": 182,
        "propertyowner": "COFB",
        "lat": 30.6731701,
        "height": "9 ft",
        "longitude": -81.44270317
      }
    },
    {
      "geometry": {
        "type": "Point",
        "coordinates": [
          -81.44803674261735,
          30.659334141179556
        ],
        "crs": null
      },
      "id": 187,
      "type": "Feature",
      "properties": {
        "fulladdress": "FBHS ROW near baseball field",
        "created_user": "kmulcahy",
        "latitude": 30.65933414,
        "globalid": "{41284E61-88F7-4BE9-B262-565D3A84D024}",
        "picture2023": null,
        "parcelnumber": "00-00-31-1180-0017-0000",
        "picture2022": null,
        "dbh": "1.5\"",
        "picture2021": null,
        "long": -81.4480362,
        "picture2020": null,
        "dateofplanting": 1639976400000,
        "picture2019": null,
        "last_edited_user": "kmulcahy",
        "commonname": "Live Oak",
        "picture2018": null,
        "spieces": "Quercus Viginiana",
        "last_edited_date": 1764107217000,
        "created_date": 1764107217000,
        "objectid": 187,
        "propertyowner": "COFB",
        "lat": 30.6593342,
        "height": "9 ft",
        "longitude": -81.44803674
      }
    },
    {
      "geometry": {
        "type": "Point",
        "coordinates": [
          -81.44762167154876,
          30.659295743534717
        ],
        "crs": null
      },
      "id": 301,
      "type": "Feature",
      "properties": {
        "fulladdress": "435 Citrona",
        "created_user": "kmulcahy",
        "latitude": 30.65929574,
        "globalid": "{F78B9F56-0755-49C8-A32A-C9BD253D2A63}",
        "picture2023": null,
        "parcelnumber": "00-00-31-1180-0017-0000",
        "picture2022": null,
        "dbh": "2\"",
        "picture2021": null,
        "long": -81.4476242,
        "picture2020": null,
        "dateofplanting": 1672894800000,
        "picture2019": null,
        "last_edited_user": "kmulcahy",
        "commonname": "Live Oak",
        "picture2018": null,
        "spieces": "Quercus virginiana",
        "last_edited_date": 1764107217000,
        "created_date": 1764107217000,
        "objectid": 301,
        "propertyowner": "COFB",
        "lat": 30.659296,
        "height": "6 ft",
        "longitude": -81.44762167
      }
    },
    {
      "geometry": {
        "type": "Point",
        "coordinates": [
          -81.46593088932794,
          30.668994679256677
        ],
        "crs": null
      },
      "id": 347,
      "type": "Feature",
      "properties": {
        "fulladdress": "Front St waterfront park",
        "created_user": "kmulcahy",
        "latitude": 30.66899468,
        "globalid": "{DBF259C2-4F22-4970-B214-09C475B919EE}",
        "picture2023": null,
        "parcelnumber": "00-00-31-1760-0031-0020",
        "picture2022": null,
        "dbh": "10\"",
        "picture2021": null,
        "long": -81.4659271,
        "picture2020": null,
        "dateofplanting": 1682654400000,
        "picture2019": null,
        "last_edited_user": "kmulcahy",
        "commonname": "Cabbage Palm",
        "picture2018": null,
        "spieces": "Sabal palmetto",
        "last_edited_date": 1764107217000,
        "created_date": 1764107217000,
        "objectid": 347,
        "propertyowner": "COFB",
        "lat": 30.6689949,
        "height": "10 ft",
        "longitude": -81.46593089
      }
    },
    {
      "geometry": {
        "type": "Point",
        "coordinates": [
          -81.442538515886,
          30.64051779171474
        ],
        "crs": null
      },
      "id": 364,
      "type": "Feature",
      "properties": {
        "fulladdress": "1855 Amelia Oaks Dr",
        "created_user": "kmulcahy",
        "latitude": null,
        "globalid": "{A04ED8CF-525C-4E75-87AB-BF495D81ADA4}",
        "picture2023": null,
        "parcelnumber": "29-3N-28-0100-000A-0000",
        "picture2022": null,
        "dbh": "1.5\"",
        "picture2021": null,
        "long": null,
        "picture2020": null,
        "dateofplanting": 1700456400000,
        "picture2019": null,
        "last_edited_user": "kmulcahy",
        "commonname": "Cassia",
        "picture2018": null,
        "spieces": "Cassia fistula",
        "last_edited_date": 1764107217000,
        "created_date": 1764107217000,
        "objectid": 364,
        "propertyowner": "Amelia Oaks HOA",
        "lat": null,
        "height": "6 ft",
        "longitude": null
      }
    },
    {
      "geometry": {
        "type": "Point",
        "coordinates": [
          -81.4524784167256,
          30.65969675668885
        ],
        "crs": null
      },
      "id": 324,
      "type": "Feature",
      "properties": {
        "fulladdress": "820 S 14th St",
        "created_user": "kmulcahy",
        "latitude": 30.65969676,
        "globalid": "{746C9D1A-55F9-41B7-A08A-5685EB2EDB12}",
        "picture2023": null,
        "parcelnumber": "00-00-31-1800-0264-0090",
        "picture2022": null,
        "dbh": "2 inches",
        "picture2021": null,
        "long": -81.4524765,
        "picture2020": null,
        "dateofplanting": 1679976000000,
        "picture2019": null,
        "last_edited_user": "kmulcahy",
        "commonname": "Eastern Red Bud",
        "picture2018": null,
        "spieces": "Cercis canadensis",
        "last_edited_date": 1764107217000,
        "created_date": 1764107217000,
        "objectid": 324,
        "propertyowner": "COFB",
        "lat": 30.6596966,
        "height": "8 ft",
        "longitude": -81.45247842
      }
    },
    {
      "geometry": {
        "type": "Point",
        "coordinates": [
          -81.45349938528366,
          30.645457593801215
        ],
        "crs": null
      },
      "id": 6,
      "type": "Feature",
      "properties": {
        "fulladdress": "Park Lane right of way",
        "created_user": "kmulcahy",
        "latitude": 30.64545759,
        "globalid": "{2B324F36-3025-4CBA-B2EF-3EC91B4965F0}",
        "picture2023": null,
        "parcelnumber": null,
        "picture2022": null,
        "dbh": "2.5 Inches",
        "picture2021": "https://ncflpataxcards.s3.us-east-1.amazonaws.com/CityOfFernandinaBeach/TreeCommittee/6-2021.jpg",
        "long": -81.4534988,
        "picture2020": null,
        "dateofplanting": 1619064000000,
        "picture2019": null,
        "last_edited_user": "kmulcahy",
        "commonname": "Live Oak",
        "picture2018": null,
        "spieces": "Quercus Virginiana",
        "last_edited_date": 1764107217000,
        "created_date": 1764107217000,
        "objectid": 6,
        "propertyowner": null,
        "lat": 30.6454582,
        "height": "12 Feet",
        "longitude": -81.45349939
      }
    },
    {
      "geometry": {
        "type": "Point",
        "coordinates": [
          -81.45234565470977,
          30.6480696805814
        ],
        "crs": null
      },
      "id": 22,
      "type": "Feature",
      "properties": {
        "fulladdress": "Northpark Drive right of way",
        "created_user": "kmulcahy",
        "latitude": 30.64806968,
        "globalid": "{833FC18C-18CE-4501-8659-C971FB8F9BA9}",
        "picture2023": null,
        "parcelnumber": null,
        "picture2022": null,
        "dbh": "2.5 Inches",
        "picture2021": "https://ncflpataxcards.s3.us-east-1.amazonaws.com/CityOfFernandinaBeach/TreeCommittee/22-2021.jpg",
        "long": -81.4523468,
        "picture2020": null,
        "dateofplanting": 1619064000000,
        "picture2019": null,
        "last_edited_user": "kmulcahy",
        "commonname": "Live Oak",
        "picture2018": null,
        "spieces": "Quercus Virginiana",
        "last_edited_date": 1764107217000,
        "created_date": 1764107217000,
        "objectid": 22,
        "propertyowner": null,
        "lat": 30.6480694,
        "height": "12 Feet",
        "longitude": -81.45234565
      }
    },
    {
      "geometry": {
        "type": "Point",
        "coordinates": [
          -81.45273256359421,
          30.645616730630973
        ],
        "crs": null
      },
      "id": 28,
      "type": "Feature",
      "properties": {
        "fulladdress": "Park Avenue right of way",
        "created_user": "kmulcahy",
        "latitude": 30.64561673,
        "globalid": "{707D5180-43F4-4BF2-8BAB-B16EB0BAC25F}",
        "picture2023": null,
        "parcelnumber": null,
        "picture2022": null,
        "dbh": "2.5 Inches",
        "picture2021": "https://ncflpataxcards.s3.us-east-1.amazonaws.com/CityOfFernandinaBeach/TreeCommittee/28-2021.jpg",
        "long": -81.4527359,
        "picture2020": null,
        "dateofplanting": 1619064000000,
        "picture2019": null,
        "last_edited_user": "kmulcahy",
        "commonname": "Live Oak",
        "picture2018": null,
        "spieces": "Quercus Virginiana",
        "last_edited_date": 1764107217000,
        "created_date": 1764107217000,
        "objectid": 28,
        "propertyowner": null,
        "lat": 30.6456165,
        "height": "12 Feet",
        "longitude": -81.45273256
      }
    },
    {
      "geometry": {
        "type": "Point",
        "coordinates": [
          -81.46587440505948,
          30.62467512393632
        ],
        "crs": null
      },
      "id": 360,
      "type": "Feature",
      "properties": {
        "fulladdress": "2890 Santa Maria Dr",
        "created_user": "kmulcahy",
        "latitude": null,
        "globalid": "{A2B6972E-CEE5-4C36-AC5A-CF3CF8BC2987}",
        "picture2023": null,
        "parcelnumber": "00-00-31-087I-000A-0000",
        "picture2022": null,
        "dbh": "2\"",
        "picture2021": null,
        "long": null,
        "picture2020": null,
        "dateofplanting": 1700456400000,
        "picture2019": null,
        "last_edited_user": "kmulcahy",
        "commonname": "Bald Cyprus",
        "picture2018": null,
        "spieces": "Taxodium distichum",
        "last_edited_date": 1764107217000,
        "created_date": 1764107217000,
        "objectid": 360,
        "propertyowner": "Isle De Mai HOA",
        "lat": null,
        "height": "8 ft",
        "longitude": null
      }
    },
    {
      "geometry": {
        "type": "Point",
        "coordinates": [
          -81.44284703598213,
          30.678131451286767
        ],
        "crs": null
      },
      "id": 374,
      "type": "Feature",
      "properties": {
        "fulladdress": "Sunrise Park",
        "created_user": "kmulcahy",
        "latitude": null,
        "globalid": "{C5E2E8A6-AF70-4A09-8F88-CF931583F05B}",
        "picture2023": null,
        "parcelnumber": "00-00-31-1600-0087-0000",
        "picture2022": null,
        "dbh": "2\"",
        "picture2021": null,
        "long": null,
        "picture2020": null,
        "dateofplanting": 1700456400000,
        "picture2019": null,
        "last_edited_user": "kmulcahy",
        "commonname": "Live Oak",
        "picture2018": null,
        "spieces": "Quercus virginia",
        "last_edited_date": 1764107217000,
        "created_date": 1764107217000,
        "objectid": 374,
        "propertyowner": "COFB",
        "lat": null,
        "height": "8 ft",
        "longitude": null
      }
    },
    {
      "geometry": {
        "type": "Point",
        "coordinates": [
          -81.45154941948294,
          30.642599581348705
        ],
        "crs": null
      },
      "id": 2,
      "type": "Feature",
      "properties": {
        "fulladdress": "Lake Park Drive right of way",
        "created_user": "kmulcahy",
        "latitude": 30.64259958,
        "globalid": "{0A4170AF-306F-4924-8EC4-F56EF501083E}",
        "picture2023": null,
        "parcelnumber": null,
        "picture2022": null,
        "dbh": "2.5 inches",
        "picture2021": "https://ncflpataxcards.s3.us-east-1.amazonaws.com/CityOfFernandinaBeach/TreeCommittee/2-2021.jpg",
        "long": -81.4515457,
        "picture2020": null,
        "dateofplanting": -55814641438000,
        "picture2019": null,
        "last_edited_user": "kmulcahy",
        "commonname": "Like Oak",
        "picture2018": null,
        "spieces": "Quercus Virginiana",
        "last_edited_date": 1764107217000,
        "created_date": 1764107217000,
        "objectid": 2,
        "propertyowner": null,
        "lat": 30.6425991,
        "height": "12 feet",
        "longitude": -81.45154942
      }
    },
    {
      "geometry": {
        "type": "Point",
        "coordinates": [
          -81.45388696431132,
          30.645869500508052
        ],
        "crs": null
      },
      "id": 9,
      "type": "Feature",
      "properties": {
        "fulladdress": "Park Avenue right of way",
        "created_user": "kmulcahy",
        "latitude": 30.6458695,
        "globalid": "{9BF35F82-7E66-4596-9063-47D4684BF503}",
        "picture2023": null,
        "parcelnumber": null,
        "picture2022": null,
        "dbh": "2.5 Inches",
        "picture2021": "https://ncflpataxcards.s3.us-east-1.amazonaws.com/CityOfFernandinaBeach/TreeCommittee/9-2021.jpg",
        "long": -81.4538879,
        "picture2020": null,
        "dateofplanting": 1619064000000,
        "picture2019": null,
        "last_edited_user": "kmulcahy",
        "commonname": "Live Oak",
        "picture2018": null,
        "spieces": "Quercus Virginiana",
        "last_edited_date": 1764107217000,
        "created_date": 1764107217000,
        "objectid": 9,
        "propertyowner": null,
        "lat": 30.6458702,
        "height": "12 Feet",
        "longitude": -81.45388696
      }
    },
    {
      "geometry": {
        "type": "Point",
        "coordinates": [
          -81.4540720370228,
          30.645890268568248
        ],
        "crs": null
      },
      "id": 10,
      "type": "Feature",
      "properties": {
        "fulladdress": "Park Avenue right of way",
        "created_user": "kmulcahy",
        "latitude": 30.64589027,
        "globalid": "{ECA252FB-2E9F-40A8-9E75-52248A366D83}",
        "picture2023": null,
        "parcelnumber": null,
        "picture2022": null,
        "dbh": "2.5 Inches",
        "picture2021": "https://ncflpataxcards.s3.us-east-1.amazonaws.com/CityOfFernandinaBeach/TreeCommittee/10-2021.jpg",
        "long": -81.454071,
        "picture2020": null,
        "dateofplanting": 1619064000000,
        "picture2019": null,
        "last_edited_user": "kmulcahy",
        "commonname": "Live Oak",
        "picture2018": null,
        "spieces": "Quercus Virginiana",
        "last_edited_date": 1764107217000,
        "created_date": 1764107217000,
        "objectid": 10,
        "propertyowner": null,
        "lat": 30.6458912,
        "height": "12 Feet",
        "longitude": -81.45407204
      }
    },
    {
      "geometry": {
        "type": "Point",
        "coordinates": [
          -81.4527178114606,
          30.64811525457988
        ],
        "crs": null
      },
      "id": 18,
      "type": "Feature",
      "properties": {
        "fulladdress": "Northpark Drive right of way",
        "created_user": "kmulcahy",
        "latitude": 30.64811525,
        "globalid": "{4B50072D-F3C1-405B-84A5-48DCB4E4DE59}",
        "picture2023": null,
        "parcelnumber": null,
        "picture2022": null,
        "dbh": "2.5 Inches",
        "picture2021": "https://ncflpataxcards.s3.us-east-1.amazonaws.com/CityOfFernandinaBeach/TreeCommittee/18-2021.jpg",
        "long": -81.4527206,
        "picture2020": null,
        "dateofplanting": 1619064000000,
        "picture2019": null,
        "last_edited_user": "kmulcahy",
        "commonname": "Live Oak",
        "picture2018": null,
        "spieces": "Quercus Virginiana",
        "last_edited_date": 1764107217000,
        "created_date": 1764107217000,
        "objectid": 18,
        "propertyowner": null,
        "lat": 30.6481152,
        "height": "12 Feet",
        "longitude": -81.45271781
      }
    },
    {
      "geometry": {
        "type": "Point",
        "coordinates": [
          -81.44891561746041,
          30.659322863756532
        ],
        "crs": null
      },
      "id": 92,
      "type": "Feature",
      "properties": {
        "fulladdress": "Soccer Fields",
        "created_user": "kmulcahy",
        "latitude": 30.65932286,
        "globalid": "{F679644F-7660-450B-86B9-243534385916}",
        "picture2023": null,
        "parcelnumber": "00-00-31-1600-0153-0000",
        "picture2022": null,
        "dbh": "2\"",
        "picture2021": null,
        "long": -81.4489136,
        "picture2020": null,
        "dateofplanting": 1631505600000,
        "picture2019": null,
        "last_edited_user": "kmulcahy",
        "commonname": "Bosque Elm",
        "picture2018": null,
        "spieces": "Ulmus parvilfolia 'Bosque'",
        "last_edited_date": 1764107217000,
        "created_date": 1764107217000,
        "objectid": 92,
        "propertyowner": "City of Fernandina Beach",
        "lat": 30.6593227,
        "height": "8 ft",
        "longitude": -81.44891562
      }
    },
    {
      "geometry": {
        "type": "Point",
        "coordinates": [
          -81.43706808123291,
          30.637933190641096
        ],
        "crs": null
      },
      "id": 216,
      "type": "Feature",
      "properties": {
        "fulladdress": "seaside beach park",
        "created_user": "kmulcahy",
        "latitude": 30.63793319,
        "globalid": "{CE2B1981-2DF6-46E0-B77E-FA09632A6CD1}",
        "picture2023": null,
        "parcelnumber": "00-00-31-1360-0001-0000",
        "picture2022": null,
        "dbh": "10\"",
        "picture2021": null,
        "long": -81.4370651,
        "picture2020": null,
        "dateofplanting": 1647835200000,
        "picture2019": null,
        "last_edited_user": "kmulcahy",
        "commonname": "cabbage palm",
        "picture2018": null,
        "spieces": "sabal palmetto",
        "last_edited_date": 1764107217000,
        "created_date": 1764107217000,
        "objectid": 216,
        "propertyowner": "COFB",
        "lat": 30.6379337,
        "height": "12 ft",
        "longitude": -81.43706808
      }
    },
    {
      "geometry": {
        "type": "Point",
        "coordinates": [
          -81.43696414615454,
          30.638380323139963
        ],
        "crs": null
      },
      "id": 218,
      "type": "Feature",
      "properties": {
        "fulladdress": "Seaside Beach Park",
        "created_user": "kmulcahy",
        "latitude": 30.63838032,
        "globalid": "{C6B6B2C3-959B-4F45-B0F4-7B903DAF0729}",
        "picture2023": null,
        "parcelnumber": "00-00-31-1360-0001-0000",
        "picture2022": null,
        "dbh": "10\"",
        "picture2021": null,
        "long": -81.4369659,
        "picture2020": null,
        "dateofplanting": 1647835200000,
        "picture2019": null,
        "last_edited_user": "kmulcahy",
        "commonname": "cabbage palm",
        "picture2018": null,
        "spieces": "sabal palmetto",
        "last_edited_date": 1764107217000,
        "created_date": 1764107217000,
        "objectid": 218,
        "propertyowner": "COFB",
        "lat": 30.6383801,
        "height": "12 ft",
        "longitude": -81.43696415
      }
    },
    {
      "geometry": {
        "type": "Point",
        "coordinates": [
          -81.44612164492438,
          30.610918954165026
        ],
        "crs": null
      },
      "id": 232,
      "type": "Feature",
      "properties": {
        "fulladdress": "Top Tracer",
        "created_user": "kmulcahy",
        "latitude": 30.61091895,
        "globalid": "{C671B670-CFC0-4177-9A60-73BED605D45D}",
        "picture2023": null,
        "parcelnumber": "08-2N-28-0000-0001-0000",
        "picture2022": null,
        "dbh": "2\"",
        "picture2021": null,
        "long": -81.4461212,
        "picture2020": null,
        "dateofplanting": 1650254400000,
        "picture2019": null,
        "last_edited_user": "kmulcahy",
        "commonname": "Little Gem Magnolia",
        "picture2018": null,
        "spieces": "Magnolia grandiflora \"Little Gem\"",
        "last_edited_date": 1764107217000,
        "created_date": 1764107217000,
        "objectid": 232,
        "propertyowner": "COFB",
        "lat": 30.610918,
        "height": "8 ft",
        "longitude": -81.44612164
      }
    },
    {
      "geometry": {
        "type": "Point",
        "coordinates": [
          -81.4480776465055,
          30.68433220992422
        ],
        "crs": null
      },
      "id": 262,
      "type": "Feature",
      "properties": {
        "fulladdress": "1109 N 15th St",
        "created_user": "kmulcahy",
        "latitude": 30.68433221,
        "globalid": "{E714F8BE-3FA8-4B1F-8F71-E46778873976}",
        "picture2023": null,
        "parcelnumber": "00-00-31-1240-0002-0260",
        "picture2022": null,
        "dbh": "2.5\"",
        "picture2021": null,
        "long": -81.4480743,
        "picture2020": null,
        "dateofplanting": 1664769600000,
        "picture2019": null,
        "last_edited_user": "kmulcahy",
        "commonname": "Pond Cyprus",
        "picture2018": null,
        "spieces": "Taxodium ascendens",
        "last_edited_date": 1764107217000,
        "created_date": 1764107217000,
        "objectid": 262,
        "propertyowner": "City of Fernandina Beach",
        "lat": 30.6843319,
        "height": "12 ft",
        "longitude": -81.44807765
      }
    },
    {
      "geometry": {
        "type": "Point",
        "coordinates": [
          -81.45005175273285,
          30.65957261656317
        ],
        "crs": null
      },
      "id": 300,
      "type": "Feature",
      "properties": {
        "fulladdress": "435 Citrona",
        "created_user": "kmulcahy",
        "latitude": 30.65957262,
        "globalid": "{AEA5E43B-58F4-45B6-B9D6-642DEB8DD74D}",
        "picture2023": null,
        "parcelnumber": "00-00-31-1180-0017-0000",
        "picture2022": null,
        "dbh": "2\"",
        "picture2021": null,
        "long": -81.4500504,
        "picture2020": null,
        "dateofplanting": 1672894800000,
        "picture2019": null,
        "last_edited_user": "kmulcahy",
        "commonname": "East Palatka Holly",
        "picture2018": null,
        "spieces": "Ilex X attenuata",
        "last_edited_date": 1764107217000,
        "created_date": 1764107217000,
        "objectid": 300,
        "propertyowner": "COFB",
        "lat": 30.6595726,
        "height": "6 ft",
        "longitude": -81.45005175
      }
    },
    {
      "geometry": {
        "type": "Point",
        "coordinates": [
          -81.45160736980193,
          30.659601582014346
        ],
        "crs": null
      },
      "id": 317,
      "type": "Feature",
      "properties": {
        "fulladdress": "820 S 14th St",
        "created_user": "kmulcahy",
        "latitude": 30.65960158,
        "globalid": "{A8F8DC94-3EFF-4738-9556-C46A83408589}",
        "picture2023": null,
        "parcelnumber": "00-00-31-1800-0264-0090",
        "picture2022": null,
        "dbh": "2 inches",
        "picture2021": null,
        "long": -81.4516068,
        "picture2020": null,
        "dateofplanting": 1679976000000,
        "picture2019": null,
        "last_edited_user": "kmulcahy",
        "commonname": "Eastern Red Bud",
        "picture2018": null,
        "spieces": "Cercis canadensis",
        "last_edited_date": 1764107217000,
        "created_date": 1764107217000,
        "objectid": 317,
        "propertyowner": "COFB",
        "lat": 30.6596012,
        "height": "8 ft",
        "longitude": -81.45160737
      }
    },
    {
      "geometry": {
        "type": "Point",
        "coordinates": [
          -81.45173477426542,
          30.659617155847652
        ],
        "crs": null
      },
      "id": 318,
      "type": "Feature",
      "properties": {
        "fulladdress": "820 S 14th St",
        "created_user": "kmulcahy",
        "latitude": 30.65961716,
        "globalid": "{3CB2EE3A-3BFD-406B-BF95-F96C274266BD}",
        "picture2023": null,
        "parcelnumber": "00-00-31-1800-0264-0090",
        "picture2022": null,
        "dbh": "2 inches",
        "picture2021": null,
        "long": -81.4517365,
        "picture2020": null,
        "dateofplanting": 1679976000000,
        "picture2019": null,
        "last_edited_user": "kmulcahy",
        "commonname": "Eastern Red Bud",
        "picture2018": null,
        "spieces": "Cercis canadensis",
        "last_edited_date": 1764107217000,
        "created_date": 1764107217000,
        "objectid": 318,
        "propertyowner": "COFB",
        "lat": 30.6596165,
        "height": "8 ft",
        "longitude": -81.45173477
      }
    },
    {
      "geometry": {
        "type": "Point",
        "coordinates": [
          -81.45186150858571,
          30.65963157597557
        ],
        "crs": null
      },
      "id": 319,
      "type": "Feature",
      "properties": {
        "fulladdress": "820 S 14th St",
        "created_user": "kmulcahy",
        "latitude": 30.65963158,
        "globalid": "{68B77E27-3BC3-426F-9745-461F72ED5AA8}",
        "picture2023": null,
        "parcelnumber": "00-00-31-1800-0264-0090",
        "picture2022": null,
        "dbh": "2 inches",
        "picture2021": null,
        "long": -81.4518585,
        "picture2020": null,
        "dateofplanting": 1679976000000,
        "picture2019": null,
        "last_edited_user": "kmulcahy",
        "commonname": "Eastern Red Bud",
        "picture2018": null,
        "spieces": "Ceris canadensis",
        "last_edited_date": 1764107217000,
        "created_date": 1764107217000,
        "objectid": 319,
        "propertyowner": "COFB",
        "lat": 30.6596317,
        "height": "8 ft",
        "longitude": -81.45186151
      }
    },
    {
      "geometry": {
        "type": "Point",
        "coordinates": [
          -81.46578455107318,
          30.624957865898693
        ],
        "crs": null
      },
      "id": 362,
      "type": "Feature",
      "properties": {
        "fulladdress": "2890 Santa Maria Dr",
        "created_user": "kmulcahy",
        "latitude": null,
        "globalid": "{729C004E-1534-459D-B23D-229BB6CF2B01}",
        "picture2023": null,
        "parcelnumber": "00-00-31-087I-000A-0000",
        "picture2022": null,
        "dbh": "2\"",
        "picture2021": null,
        "long": null,
        "picture2020": null,
        "dateofplanting": 1700456400000,
        "picture2019": null,
        "last_edited_user": "kmulcahy",
        "commonname": "Weeping Willow",
        "picture2018": null,
        "spieces": "Salix babylonica",
        "last_edited_date": 1764107217000,
        "created_date": 1764107217000,
        "objectid": 362,
        "propertyowner": "Isle De Mai HOA",
        "lat": null,
        "height": "8 ft",
        "longitude": null
      }
    },
    {
      "geometry": {
        "type": "Point",
        "coordinates": [
          -81.43921398397013,
          30.650406345484296
        ],
        "crs": null
      },
      "id": 368,
      "type": "Feature",
      "properties": {
        "fulladdress": "Cult de Sac end of Jean Lafitte",
        "created_user": "kmulcahy",
        "latitude": null,
        "globalid": "{CAF2B6BC-004B-4DB0-897F-FC8CBCD47FB2}",
        "picture2023": null,
        "parcelnumber": "00-00-31-1676-0017-0000",
        "picture2022": null,
        "dbh": "2\"",
        "picture2021": null,
        "long": null,
        "picture2020": null,
        "dateofplanting": 1700456400000,
        "picture2019": null,
        "last_edited_user": "kmulcahy",
        "commonname": "Southern Magnolia",
        "picture2018": null,
        "spieces": "Magnolia grandiflora",
        "last_edited_date": 1764107217000,
        "created_date": 1764107217000,
        "objectid": 368,
        "propertyowner": "COFB",
        "lat": null,
        "height": "8 ft",
        "longitude": null
      }
    },
    {
      "geometry": {
        "type": "Point",
        "coordinates": [
          -81.4391965494671,
          30.6502996242936
        ],
        "crs": null
      },
      "id": 369,
      "type": "Feature",
      "properties": {
        "fulladdress": "Cult de Sac at the end of Jean Lafitte",
        "created_user": "kmulcahy",
        "latitude": null,
        "globalid": "{D9992DEC-7EC8-4E7B-BF38-5557E3FD07A0}",
        "picture2023": null,
        "parcelnumber": "00-00-31-1676-0017-0000",
        "picture2022": null,
        "dbh": "2\"",
        "picture2021": null,
        "long": null,
        "picture2020": null,
        "dateofplanting": 1700456400000,
        "picture2019": null,
        "last_edited_user": "kmulcahy",
        "commonname": "Live Oak",
        "picture2018": null,
        "spieces": "Quercus virginia",
        "last_edited_date": 1764107217000,
        "created_date": 1764107217000,
        "objectid": 369,
        "propertyowner": "COFB",
        "lat": null,
        "height": "8 ft",
        "longitude": null
      }
    },
    {
      "geometry": {
        "type": "Point",
        "coordinates": [
          -81.44250632924937,
          30.640656832181065
        ],
        "crs": null
      },
      "id": 365,
      "type": "Feature",
      "properties": {
        "fulladdress": "1855 Amelia Oaks Dr",
        "created_user": "kmulcahy",
        "latitude": null,
        "globalid": "{EE6CCA9F-887B-4192-8942-1ED70E8DA783}",
        "picture2023": null,
        "parcelnumber": "29-3N-28-0100-000A-0000",
        "picture2022": null,
        "dbh": "1\"",
        "picture2021": null,
        "long": null,
        "picture2020": null,
        "dateofplanting": 1700456400000,
        "picture2019": null,
        "last_edited_user": "kmulcahy",
        "commonname": "Crepe Myrtle",
        "picture2018": null,
        "spieces": "Lagerstroemia",
        "last_edited_date": 1764107217000,
        "created_date": 1764107217000,
        "objectid": 365,
        "propertyowner": "Amelia Oaks HOA",
        "lat": null,
        "height": "6 ft",
        "longitude": null
      }
    },
    {
      "geometry": {
        "type": "Point",
        "coordinates": [
          -81.44252912849129,
          30.640562215341717
        ],
        "crs": null
      },
      "id": 366,
      "type": "Feature",
      "properties": {
        "fulladdress": "1855 Amelia Oaks Dr",
        "created_user": "kmulcahy",
        "latitude": null,
        "globalid": "{2B030D35-7B10-42BC-9147-A450B88B5BA5}",
        "picture2023": null,
        "parcelnumber": "29-3N-28-0100-000A-0000",
        "picture2022": null,
        "dbh": "1\"",
        "picture2021": null,
        "long": null,
        "picture2020": null,
        "dateofplanting": 1700456400000,
        "picture2019": null,
        "last_edited_user": "kmulcahy",
        "commonname": "Crepe Myrtle",
        "picture2018": null,
        "spieces": "Lagerstoemia",
        "last_edited_date": 1764107217000,
        "created_date": 1764107217000,
        "objectid": 366,
        "propertyowner": "Amelia Oaks HOA",
        "lat": null,
        "height": "6 ft",
        "longitude": null
      }
    },
    {
      "geometry": {
        "type": "Point",
        "coordinates": [
          -81.46580198467791,
          30.625297155472413
        ],
        "crs": null
      },
      "id": 361,
      "type": "Feature",
      "properties": {
        "fulladdress": "2890 Santa Maria Dr",
        "created_user": "kmulcahy",
        "latitude": null,
        "globalid": "{895A76DB-0AD8-4D0A-AF2F-FF079B0FD286}",
        "picture2023": null,
        "parcelnumber": "00-00-31-087I-000A-0000",
        "picture2022": null,
        "dbh": "2\"",
        "picture2021": null,
        "long": null,
        "picture2020": null,
        "dateofplanting": 1700456400000,
        "picture2019": null,
        "last_edited_user": "kmulcahy",
        "commonname": "Weeping Willow",
        "picture2018": null,
        "spieces": "Salix babylonica",
        "last_edited_date": 1764107217000,
        "created_date": 1764107217000,
        "objectid": 361,
        "propertyowner": "Isle De Mai HOA",
        "lat": null,
        "height": "8 ft",
        "longitude": null
      }
    },
    {
      "geometry": {
        "type": "Point",
        "coordinates": [
          -81.43913284723537,
          30.6502961628508
        ],
        "crs": null
      },
      "id": 367,
      "type": "Feature",
      "properties": {
        "fulladdress": "Cult de Sac end of Jean Lafitte",
        "created_user": "kmulcahy",
        "latitude": null,
        "globalid": "{2FBC927B-6406-41EC-9A96-946CC350AFAF}",
        "picture2023": null,
        "parcelnumber": "00-00-31-1676-0017-0000",
        "picture2022": null,
        "dbh": "2\"",
        "picture2021": null,
        "long": null,
        "picture2020": null,
        "dateofplanting": 1700456400000,
        "picture2019": null,
        "last_edited_user": "kmulcahy",
        "commonname": "Southern Magnolia",
        "picture2018": null,
        "spieces": "Magnolia grandiflora",
        "last_edited_date": 1764107217000,
        "created_date": 1764107217000,
        "objectid": 367,
        "propertyowner": "COFB",
        "lat": null,
        "height": "8 ft",
        "longitude": null
      }
    },
    {
      "geometry": {
        "type": "Point",
        "coordinates": [
          -81.45484516129228,
          30.66962304052514
        ],
        "crs": null
      },
      "id": 459,
      "type": "Feature",
      "properties": {
        "fulladdress": "1200 Atlantic Ave",
        "created_user": "kmulcahy",
        "latitude": null,
        "globalid": "{B287E424-FE4B-40A2-B370-28FA4E8F962A}",
        "picture2023": null,
        "parcelnumber": "00-00-31-1800-0217-00CP",
        "picture2022": null,
        "dbh": "3\"",
        "picture2021": null,
        "long": null,
        "picture2020": null,
        "dateofplanting": 1727841600000,
        "picture2019": null,
        "last_edited_user": "kmulcahy",
        "commonname": "Loblolly Pine",
        "picture2018": null,
        "spieces": "pinus taeda",
        "last_edited_date": 1764107217000,
        "created_date": 1764107217000,
        "objectid": 459,
        "propertyowner": "COFB",
        "lat": null,
        "height": "8 ft",
        "longitude": null
      }
    },
    {
      "geometry": {
        "type": "Point",
        "coordinates": [
          -81.43917844482087,
          30.650269050143045
        ],
        "crs": null
      },
      "id": 370,
      "type": "Feature",
      "properties": {
        "fulladdress": "Cult de Sac end of Jean Lafitte",
        "created_user": "kmulcahy",
        "latitude": null,
        "globalid": "{CA5EF0FA-7B9D-478D-A3C2-0C67E96C7DA8}",
        "picture2023": null,
        "parcelnumber": "00-00-31-1676-0017-0000",
        "picture2022": null,
        "dbh": "2\"",
        "picture2021": null,
        "long": null,
        "picture2020": null,
        "dateofplanting": 1700456400000,
        "picture2019": null,
        "last_edited_user": "kmulcahy",
        "commonname": "Live Oak",
        "picture2018": null,
        "spieces": "Quercus virginia",
        "last_edited_date": 1764107217000,
        "created_date": 1764107217000,
        "objectid": 370,
        "propertyowner": "COFB",
        "lat": null,
        "height": "8 ft",
        "longitude": null
      }
    },
    {
      "geometry": {
        "type": "Point",
        "coordinates": [
          -81.43927701605867,
          30.650395385419575
        ],
        "crs": null
      },
      "id": 371,
      "type": "Feature",
      "properties": {
        "fulladdress": "Cult de Sac end of Jean Lafitte",
        "created_user": "kmulcahy",
        "latitude": null,
        "globalid": "{40DBF64D-47DF-448A-8320-6180D504F2A9}",
        "picture2023": null,
        "parcelnumber": "00-00-31-1676-0017-0000",
        "picture2022": null,
        "dbh": "2\"",
        "picture2021": null,
        "long": null,
        "picture2020": null,
        "dateofplanting": 1700456400000,
        "picture2019": null,
        "last_edited_user": "kmulcahy",
        "commonname": "Weeping Yauon Holly",
        "picture2018": null,
        "spieces": "Ilex vomitoria",
        "last_edited_date": 1764107217000,
        "created_date": 1764107217000,
        "objectid": 371,
        "propertyowner": "COFB",
        "lat": null,
        "height": "6 ft",
        "longitude": null
      }
    },
    {
      "geometry": {
        "type": "Point",
        "coordinates": [
          -81.46138170484646,
          30.655905624196556
        ],
        "crs": null
      },
      "id": 379,
      "type": "Feature",
      "properties": {
        "fulladdress": "1129 S 8th St",
        "created_user": "kmulcahy",
        "latitude": null,
        "globalid": "{11A3B384-6D8E-4B34-9170-86BD5AFBBA53}",
        "picture2023": null,
        "parcelnumber": "00-00-31-1800-0302-0000",
        "picture2022": null,
        "dbh": "0",
        "picture2021": null,
        "long": null,
        "picture2020": null,
        "dateofplanting": 1705640400000,
        "picture2019": null,
        "last_edited_user": "kmulcahy",
        "commonname": "Chaste Tree",
        "picture2018": null,
        "spieces": "Vitex agnus-cactus",
        "last_edited_date": 1764107217000,
        "created_date": 1764107217000,
        "objectid": 379,
        "propertyowner": "COFB",
        "lat": null,
        "height": "2.5 ft",
        "longitude": null
      }
    },
    {
      "geometry": {
        "type": "Point",
        "coordinates": [
          -81.4613401308151,
          30.655843325683456
        ],
        "crs": null
      },
      "id": 378,
      "type": "Feature",
      "properties": {
        "fulladdress": "1129 S 8th St",
        "created_user": "kmulcahy",
        "latitude": null,
        "globalid": "{CF960438-7D35-4B86-A98F-F929E5EB0539}",
        "picture2023": null,
        "parcelnumber": "00-00-31-1800-0302-0000",
        "picture2022": null,
        "dbh": "0",
        "picture2021": null,
        "long": null,
        "picture2020": null,
        "dateofplanting": 1705640400000,
        "picture2019": null,
        "last_edited_user": "kmulcahy",
        "commonname": "Chaste Tree",
        "picture2018": null,
        "spieces": "Vitex agnus-cactus",
        "last_edited_date": 1764107217000,
        "created_date": 1764107217000,
        "objectid": 378,
        "propertyowner": "COFB",
        "lat": null,
        "height": "2.5 ft",
        "longitude": null
      }
    },
    {
      "geometry": {
        "type": "Point",
        "coordinates": [
          -81.46152117997242,
          30.655861784878375
        ],
        "crs": null
      },
      "id": 381,
      "type": "Feature",
      "properties": {
        "fulladdress": "1129 S 8th St",
        "created_user": "kmulcahy",
        "latitude": null,
        "globalid": "{C8B6CCA7-2CA7-4A0B-95B2-605092D63F08}",
        "picture2023": null,
        "parcelnumber": "00-00-31-1800-0302-0000",
        "picture2022": null,
        "dbh": "0",
        "picture2021": null,
        "long": null,
        "picture2020": null,
        "dateofplanting": 1705640400000,
        "picture2019": null,
        "last_edited_user": "kmulcahy",
        "commonname": "Chaste Tree",
        "picture2018": null,
        "spieces": "Vitex agnus-cactus",
        "last_edited_date": 1764107217000,
        "created_date": 1764107217000,
        "objectid": 381,
        "propertyowner": "COFB",
        "lat": null,
        "height": "2.5 ft",
        "longitude": null
      }
    },
    {
      "geometry": {
        "type": "Point",
        "coordinates": [
          -81.46137097626703,
          30.655782180878997
        ],
        "crs": null
      },
      "id": 376,
      "type": "Feature",
      "properties": {
        "fulladdress": "1129 S 8th St",
        "created_user": "kmulcahy",
        "latitude": null,
        "globalid": "{9A8E7554-573E-4103-BD1A-375F2515A686}",
        "picture2023": null,
        "parcelnumber": "00-00-31-1800-0302-0000",
        "picture2022": null,
        "dbh": "2\"",
        "picture2021": null,
        "long": null,
        "picture2020": null,
        "dateofplanting": 1705640400000,
        "picture2019": null,
        "last_edited_user": "kmulcahy",
        "commonname": "Lime",
        "picture2018": null,
        "spieces": "Citrus aurantiifolia",
        "last_edited_date": 1764107217000,
        "created_date": 1764107217000,
        "objectid": 376,
        "propertyowner": "COFB",
        "lat": null,
        "height": "6 ft",
        "longitude": null
      }
    },
    {
      "geometry": {
        "type": "Point",
        "coordinates": [
          -81.43926025259715,
          30.650353273163894
        ],
        "crs": null
      },
      "id": 372,
      "type": "Feature",
      "properties": {
        "fulladdress": "Cult de Sac end of Jean Lafitte",
        "created_user": "kmulcahy",
        "latitude": null,
        "globalid": "{83C6EAB1-7BEB-4C2C-A7A6-B54966188848}",
        "picture2023": null,
        "parcelnumber": "00-00-31-1676-0017-0000",
        "picture2022": null,
        "dbh": "2\"",
        "picture2021": null,
        "long": null,
        "picture2020": null,
        "dateofplanting": 1700456400000,
        "picture2019": null,
        "last_edited_user": "kmulcahy",
        "commonname": "Weeping Yaupon Holly",
        "picture2018": null,
        "spieces": "Ilex vomitoria",
        "last_edited_date": 1764107217000,
        "created_date": 1764107217000,
        "objectid": 372,
        "propertyowner": "COFB",
        "lat": null,
        "height": "6 ft",
        "longitude": null
      }
    },
    {
      "geometry": {
        "type": "Point",
        "coordinates": [
          -81.46150240428467,
          30.65591485417496
        ],
        "crs": null
      },
      "id": 382,
      "type": "Feature",
      "properties": {
        "fulladdress": "1129 S 8th St",
        "created_user": "kmulcahy",
        "latitude": null,
        "globalid": "{53249125-A3F8-46B6-AE3D-5BECC6BFBF7A}",
        "picture2023": null,
        "parcelnumber": "00-00-31-1800-0302-0000",
        "picture2022": null,
        "dbh": "0",
        "picture2021": null,
        "long": null,
        "picture2020": null,
        "dateofplanting": 1705640400000,
        "picture2019": null,
        "last_edited_user": "kmulcahy",
        "commonname": "Chaste Tree",
        "picture2018": null,
        "spieces": "Vitex agnus-cactus",
        "last_edited_date": 1764107217000,
        "created_date": 1764107217000,
        "objectid": 382,
        "propertyowner": "COFB",
        "lat": null,
        "height": "2.5 ft",
        "longitude": null
      }
    },
    {
      "geometry": {
        "type": "Point",
        "coordinates": [
          -81.44080395171737,
          30.66940894429006
        ],
        "crs": null
      },
      "id": 397,
      "type": "Feature",
      "properties": {
        "fulladdress": "2201 Atlantic Ave",
        "created_user": "kmulcahy",
        "latitude": null,
        "globalid": "{94A50019-794B-46F1-B590-61534DE5DFB1}",
        "picture2023": null,
        "parcelnumber": "00-00-31-1600-0135-0000",
        "picture2022": null,
        "dbh": "2\"",
        "picture2021": null,
        "long": null,
        "picture2020": null,
        "dateofplanting": 1711512000000,
        "picture2019": null,
        "last_edited_user": "kmulcahy",
        "commonname": "Red Maple",
        "picture2018": null,
        "spieces": "Acer rubrum",
        "last_edited_date": 1764107217000,
        "created_date": 1764107217000,
        "objectid": 397,
        "propertyowner": "COFB",
        "lat": null,
        "height": "8 ft",
        "longitude": null
      }
    },
    {
      "geometry": {
        "type": "Point",
        "coordinates": [
          -81.45096400448028,
          30.685397217513927
        ],
        "crs": null
      },
      "id": 384,
      "type": "Feature",
      "properties": {
        "fulladdress": "1321 N 14th St",
        "created_user": "kmulcahy",
        "latitude": null,
        "globalid": "{48661D71-EE0C-43A8-926A-72E34529CAB7}",
        "picture2023": null,
        "parcelnumber": "00-00-31-1800-0250-0010",
        "picture2022": null,
        "dbh": "0",
        "picture2021": null,
        "long": null,
        "picture2020": null,
        "dateofplanting": 1705381200000,
        "picture2019": null,
        "last_edited_user": "kmulcahy",
        "commonname": "Nellie Stevens Holly",
        "picture2018": null,
        "spieces": "Ilex X 'Nellie R Stevens'",
        "last_edited_date": 1764107217000,
        "created_date": 1764107217000,
        "objectid": 384,
        "propertyowner": "COFB",
        "lat": null,
        "height": "4 ft",
        "longitude": null
      }
    },
    {
      "geometry": {
        "type": "Point",
        "coordinates": [
          -81.44817182498156,
          30.610202244021202
        ],
        "crs": null
      },
      "id": 408,
      "type": "Feature",
      "properties": {
        "fulladdress": "2800 Bill Milton",
        "created_user": "kmulcahy",
        "latitude": null,
        "globalid": "{9D3A0AB2-7F56-4BDA-91D3-2A0DF7EBBDDE}",
        "picture2023": null,
        "parcelnumber": "08-2N-28-0000-0001-0000",
        "picture2022": null,
        "dbh": "2\"",
        "picture2021": null,
        "long": null,
        "picture2020": null,
        "dateofplanting": 1711512000000,
        "picture2019": null,
        "last_edited_user": "kmulcahy",
        "commonname": "Orange",
        "picture2018": null,
        "spieces": "Citrus X sinensis",
        "last_edited_date": 1764107217000,
        "created_date": 1764107217000,
        "objectid": 408,
        "propertyowner": "COFB",
        "lat": null,
        "height": "5 ft",
        "longitude": null
      }
    },
    {
      "geometry": {
        "type": "Point",
        "coordinates": [
          -81.45571435139824,
          30.662914423872913
        ],
        "crs": null
      },
      "id": 390,
      "type": "Feature",
      "properties": {
        "fulladdress": "1200 Elm St",
        "created_user": "kmulcahy",
        "latitude": null,
        "globalid": "{C3338964-66BE-4016-97CD-F69EA1ACF981}",
        "picture2023": null,
        "parcelnumber": "00-00-31-1800-0231-03B0",
        "picture2022": null,
        "dbh": "1.5\"",
        "picture2021": null,
        "long": null,
        "picture2020": null,
        "dateofplanting": 1711598400000,
        "picture2019": null,
        "last_edited_user": "kmulcahy",
        "commonname": "Drake Elm",
        "picture2018": null,
        "spieces": "Ulmus parvifolio",
        "last_edited_date": 1764107217000,
        "created_date": 1764107217000,
        "objectid": 390,
        "propertyowner": "COFB",
        "lat": null,
        "height": "8 ft",
        "longitude": null
      }
    },
    {
      "geometry": {
        "type": "Point",
        "coordinates": [
          -81.45142668625894,
          30.68454029283358
        ],
        "crs": null
      },
      "id": 386,
      "type": "Feature",
      "properties": {
        "fulladdress": "1321 N 14th St",
        "created_user": "kmulcahy",
        "latitude": null,
        "globalid": "{F00BB029-5A08-4BD2-BE0F-D13D638794BC}",
        "picture2023": null,
        "parcelnumber": "00-00-31-1800-0225-0400",
        "picture2022": null,
        "dbh": "2\"",
        "picture2021": null,
        "long": null,
        "picture2020": null,
        "dateofplanting": 1705381200000,
        "picture2019": null,
        "last_edited_user": "kmulcahy",
        "commonname": "Weeping Willow",
        "picture2018": null,
        "spieces": "Salix babylonica",
        "last_edited_date": 1764107217000,
        "created_date": 1764107217000,
        "objectid": 386,
        "propertyowner": "COFB",
        "lat": null,
        "height": "8 ft",
        "longitude": null
      }
    },
    {
      "geometry": {
        "type": "Point",
        "coordinates": [
          -81.45129391615828,
          30.684588732759824
        ],
        "crs": null
      },
      "id": 387,
      "type": "Feature",
      "properties": {
        "fulladdress": "1321 N 14th St",
        "created_user": "kmulcahy",
        "latitude": null,
        "globalid": "{1E5916CD-7C06-4CC9-8F89-51C7569E202A}",
        "picture2023": null,
        "parcelnumber": "00-00-31-1800-0225-0400",
        "picture2022": null,
        "dbh": "2\"",
        "picture2021": null,
        "long": null,
        "picture2020": null,
        "dateofplanting": 1705381200000,
        "picture2019": null,
        "last_edited_user": "kmulcahy",
        "commonname": "Weeping Willow",
        "picture2018": null,
        "spieces": "Salix babylonica",
        "last_edited_date": 1764107217000,
        "created_date": 1764107217000,
        "objectid": 387,
        "propertyowner": "COFB",
        "lat": null,
        "height": "8 ft",
        "longitude": null
      }
    },
    {
      "geometry": {
        "type": "Point",
        "coordinates": [
          -81.45111823173984,
          30.68461179930923
        ],
        "crs": null
      },
      "id": 388,
      "type": "Feature",
      "properties": {
        "fulladdress": "1321 N 14th St",
        "created_user": "kmulcahy",
        "latitude": null,
        "globalid": "{DF216689-FAD1-475C-9BF4-99E3AAB1C8BF}",
        "picture2023": null,
        "parcelnumber": "00-00-31-1800-0225-0400",
        "picture2022": null,
        "dbh": "2\"",
        "picture2021": null,
        "long": null,
        "picture2020": null,
        "dateofplanting": 1705381200000,
        "picture2019": null,
        "last_edited_user": "kmulcahy",
        "commonname": "Weeping Willow",
        "picture2018": null,
        "spieces": "Salix babylonica",
        "last_edited_date": 1764107217000,
        "created_date": 1764107217000,
        "objectid": 388,
        "propertyowner": "COFB",
        "lat": null,
        "height": "8 ft",
        "longitude": null
      }
    },
    {
      "geometry": {
        "type": "Point",
        "coordinates": [
          -81.42953062670432,
          30.68249932303826
        ],
        "crs": null
      },
      "id": 402,
      "type": "Feature",
      "properties": {
        "fulladdress": "1230 N Fletcher Ave",
        "created_user": "kmulcahy",
        "latitude": null,
        "globalid": "{68D407BD-429E-4799-AA9B-4BB9CC253F2B}",
        "picture2023": null,
        "parcelnumber": "09-3N-29-0000-0013-0000",
        "picture2022": null,
        "dbh": "8\"",
        "picture2021": null,
        "long": null,
        "picture2020": null,
        "dateofplanting": 1711512000000,
        "picture2019": null,
        "last_edited_user": "kmulcahy",
        "commonname": "Cabbage Palm",
        "picture2018": null,
        "spieces": "Sabal palmetto",
        "last_edited_date": 1764107217000,
        "created_date": 1764107217000,
        "objectid": 402,
        "propertyowner": "COFB ROW",
        "lat": null,
        "height": "12 ft",
        "longitude": null
      }
    },
    {
      "geometry": {
        "type": "Point",
        "coordinates": [
          -81.46142462006253,
          30.655963308455807
        ],
        "crs": null
      },
      "id": 380,
      "type": "Feature",
      "properties": {
        "fulladdress": "1129 S 8th St",
        "created_user": "kmulcahy",
        "latitude": null,
        "globalid": "{EB5DAF6D-67A0-4C2B-B647-5C259651DB25}",
        "picture2023": null,
        "parcelnumber": "00-00-31-1800-0302-0000",
        "picture2022": null,
        "dbh": "0",
        "picture2021": null,
        "long": null,
        "picture2020": null,
        "dateofplanting": 1705640400000,
        "picture2019": null,
        "last_edited_user": "kmulcahy",
        "commonname": "Chaste Tree",
        "picture2018": null,
        "spieces": "Vitex agnus-cactus",
        "last_edited_date": 1764107217000,
        "created_date": 1764107217000,
        "objectid": 380,
        "propertyowner": "COFB",
        "lat": null,
        "height": "2.5 ft",
        "longitude": null
      }
    },
    {
      "geometry": {
        "type": "Point",
        "coordinates": [
          -81.42953196788903,
          30.682596205686735
        ],
        "crs": null
      },
      "id": 399,
      "type": "Feature",
      "properties": {
        "fulladdress": "1230 N Fletcher Ave",
        "created_user": "kmulcahy",
        "latitude": null,
        "globalid": "{47B8ECC9-9F30-4551-9609-E9CDF929386A}",
        "picture2023": null,
        "parcelnumber": "09-3N-29-0000-0013-0000",
        "picture2022": null,
        "dbh": "8\"",
        "picture2021": null,
        "long": null,
        "picture2020": null,
        "dateofplanting": 1711512000000,
        "picture2019": null,
        "last_edited_user": "kmulcahy",
        "commonname": "Cabbage Palm",
        "picture2018": null,
        "spieces": "Sabal palmetto",
        "last_edited_date": 1764107217000,
        "created_date": 1764107217000,
        "objectid": 399,
        "propertyowner": "COFB ROW",
        "lat": null,
        "height": "12 ft",
        "longitude": null
      }
    },
    {
      "geometry": {
        "type": "Point",
        "coordinates": [
          -81.4555292786868,
          30.662782914622678
        ],
        "crs": null
      },
      "id": 395,
      "type": "Feature",
      "properties": {
        "fulladdress": "1200 Elm St",
        "created_user": "kmulcahy",
        "latitude": null,
        "globalid": "{09AAB954-80A9-4804-9858-DA74D465623F}",
        "picture2023": null,
        "parcelnumber": "00-00-31-1800-0231-03B0",
        "picture2022": null,
        "dbh": "1.5\"",
        "picture2021": null,
        "long": null,
        "picture2020": null,
        "dateofplanting": 1711598400000,
        "picture2019": null,
        "last_edited_user": "kmulcahy",
        "commonname": "Indian Hawthorn",
        "picture2018": null,
        "spieces": "Rhaphiolepis indica",
        "last_edited_date": 1764107217000,
        "created_date": 1764107217000,
        "objectid": 395,
        "propertyowner": "COFB",
        "lat": null,
        "height": "5 ft",
        "longitude": null
      }
    },
    {
      "geometry": {
        "type": "Point",
        "coordinates": [
          -81.4295131922013,
          30.682569678368974
        ],
        "crs": null
      },
      "id": 400,
      "type": "Feature",
      "properties": {
        "fulladdress": "1230 N Fletcher Ave",
        "created_user": "kmulcahy",
        "latitude": null,
        "globalid": "{0BC7140A-182C-46E0-B1A3-1BC6B9A2839D}",
        "picture2023": null,
        "parcelnumber": "09-3N-29-0000-0013-0000",
        "picture2022": null,
        "dbh": "8\"",
        "picture2021": null,
        "long": null,
        "picture2020": null,
        "dateofplanting": 1711512000000,
        "picture2019": null,
        "last_edited_user": "kmulcahy",
        "commonname": "Cabbage Palm",
        "picture2018": null,
        "spieces": "Sabal palmetto",
        "last_edited_date": 1764107217000,
        "created_date": 1764107217000,
        "objectid": 400,
        "propertyowner": "COFB ROW",
        "lat": null,
        "height": "12 ft",
        "longitude": null
      }
    },
    {
      "geometry": {
        "type": "Point",
        "coordinates": [
          -81.44774803666145,
          30.61089939241364
        ],
        "crs": null
      },
      "id": 411,
      "type": "Feature",
      "properties": {
        "fulladdress": "2800 Bill Melton",
        "created_user": "kmulcahy",
        "latitude": null,
        "globalid": "{509F90AE-933A-492F-89D8-38DE893B1714}",
        "picture2023": null,
        "parcelnumber": "08-2N-28-0000-0001-0000",
        "picture2022": null,
        "dbh": "1.5\"",
        "picture2021": null,
        "long": null,
        "picture2020": null,
        "dateofplanting": 1711512000000,
        "picture2019": null,
        "last_edited_user": "kmulcahy",
        "commonname": "Fig",
        "picture2018": null,
        "spieces": "Ficus carica",
        "last_edited_date": 1764107217000,
        "created_date": 1764107217000,
        "objectid": 411,
        "propertyowner": "COFB",
        "lat": null,
        "height": "4 ft",
        "longitude": null
      }
    },
    {
      "geometry": {
        "type": "Point",
        "coordinates": [
          -81.42954806120736,
          30.68247048960612
        ],
        "crs": null
      },
      "id": 403,
      "type": "Feature",
      "properties": {
        "fulladdress": "8\"",
        "created_user": "kmulcahy",
        "latitude": null,
        "globalid": "{C887D585-31B0-4261-B1E1-9F459DCD726F}",
        "picture2023": null,
        "parcelnumber": "09-3N-29-0000-0013-0000",
        "picture2022": null,
        "dbh": "12 ft",
        "picture2021": null,
        "long": null,
        "picture2020": null,
        "dateofplanting": 1711512000000,
        "picture2019": null,
        "last_edited_user": "kmulcahy",
        "commonname": "Sabal palmetto",
        "picture2018": null,
        "spieces": "3/27/2024",
        "last_edited_date": 1764107217000,
        "created_date": 1764107217000,
        "objectid": 403,
        "propertyowner": "COFB ROW",
        "lat": null,
        "height": "Cabbage Palm",
        "longitude": null
      }
    },
    {
      "geometry": {
        "type": "Point",
        "coordinates": [
          -81.4630916129555,
          30.670112129370473
        ],
        "crs": null
      },
      "id": 406,
      "type": "Feature",
      "properties": {
        "fulladdress": "30 S 3rd St",
        "created_user": "kmulcahy",
        "latitude": null,
        "globalid": "{C1AD4CD4-B387-4468-BEEC-DF61F5ECD66A}",
        "picture2023": null,
        "parcelnumber": "00-00-31-1800-0013-0100",
        "picture2022": null,
        "dbh": "8\"",
        "picture2021": null,
        "long": null,
        "picture2020": null,
        "dateofplanting": 1711512000000,
        "picture2019": null,
        "last_edited_user": "kmulcahy",
        "commonname": "Cabbage Palm",
        "picture2018": null,
        "spieces": "Sabal palmetto",
        "last_edited_date": 1764107217000,
        "created_date": 1764107217000,
        "objectid": 406,
        "propertyowner": "COFB ROW",
        "lat": null,
        "height": "10 ft",
        "longitude": null
      }
    },
    {
      "geometry": {
        "type": "Point",
        "coordinates": [
          -81.4480591726517,
          30.610202244021202
        ],
        "crs": null
      },
      "id": 409,
      "type": "Feature",
      "properties": {
        "fulladdress": "2800 Bill Melton",
        "created_user": "kmulcahy",
        "latitude": null,
        "globalid": "{9F8F6741-BD36-40C7-B33B-1B21170501DF}",
        "picture2023": null,
        "parcelnumber": "08-2N-28-0000-0001-0000",
        "picture2022": null,
        "dbh": "2\"",
        "picture2021": null,
        "long": null,
        "picture2020": null,
        "dateofplanting": 1711512000000,
        "picture2019": null,
        "last_edited_user": "kmulcahy",
        "commonname": "Orange",
        "picture2018": null,
        "spieces": "Citrus X sinensis",
        "last_edited_date": 1764107217000,
        "created_date": 1764107217000,
        "objectid": 409,
        "propertyowner": "COFB",
        "lat": null,
        "height": "5 ft",
        "longitude": null
      }
    },
    {
      "geometry": {
        "type": "Point",
        "coordinates": [
          -81.45795987640217,
          30.668012143801274
        ],
        "crs": null
      },
      "id": 462,
      "type": "Feature",
      "properties": {
        "fulladdress": "202 S 9th St",
        "created_user": "kmulcahy",
        "latitude": null,
        "globalid": "{DEAEADB8-7C86-4439-A3E3-4F457B519536}",
        "picture2023": null,
        "parcelnumber": "00-00-31-1800-0048-0010",
        "picture2022": null,
        "dbh": "2.5\"",
        "picture2021": null,
        "long": null,
        "picture2020": null,
        "dateofplanting": 1733202000000,
        "picture2019": null,
        "last_edited_user": "kmulcahy",
        "commonname": "Live Oak",
        "picture2018": null,
        "spieces": "Quercus virginiana",
        "last_edited_date": 1764107217000,
        "created_date": 1764107217000,
        "objectid": 462,
        "propertyowner": "COFB",
        "lat": null,
        "height": "7 ft",
        "longitude": null
      }
    },
    {
      "geometry": {
        "type": "Point",
        "coordinates": [
          -81.44725450943088,
          30.611194870925555
        ],
        "crs": null
      },
      "id": 412,
      "type": "Feature",
      "properties": {
        "fulladdress": "2800 Bill Melton",
        "created_user": "kmulcahy",
        "latitude": null,
        "globalid": "{052606B0-B6A1-4648-B19E-19580F75E986}",
        "picture2023": null,
        "parcelnumber": "08-2N-28-0000-0001-0000",
        "picture2022": null,
        "dbh": "1.5\"",
        "picture2021": null,
        "long": null,
        "picture2020": null,
        "dateofplanting": 1711512000000,
        "picture2019": null,
        "last_edited_user": "kmulcahy",
        "commonname": "Fig",
        "picture2018": null,
        "spieces": "Ficus carica",
        "last_edited_date": 1764107217000,
        "created_date": 1764107217000,
        "objectid": 412,
        "propertyowner": "COFB",
        "lat": null,
        "height": "4 ft",
        "longitude": null
      }
    },
    {
      "geometry": {
        "type": "Point",
        "coordinates": [
          -81.44731888270414,
          30.611264123873408
        ],
        "crs": null
      },
      "id": 413,
      "type": "Feature",
      "properties": {
        "fulladdress": "2800 Bill Melton",
        "created_user": "kmulcahy",
        "latitude": null,
        "globalid": "{5A4AC047-0797-4195-AD08-CAD28A97F906}",
        "picture2023": null,
        "parcelnumber": "08-2N-28-0000-0001-0000",
        "picture2022": null,
        "dbh": "1.5\"",
        "picture2021": null,
        "long": null,
        "picture2020": null,
        "dateofplanting": 1711512000000,
        "picture2019": null,
        "last_edited_user": "kmulcahy",
        "commonname": "Fig",
        "picture2018": null,
        "spieces": "Ficus carica",
        "last_edited_date": 1764107217000,
        "created_date": 1764107217000,
        "objectid": 413,
        "propertyowner": "COFB",
        "lat": null,
        "height": "4 ft",
        "longitude": null
      }
    },
    {
      "geometry": {
        "type": "Point",
        "coordinates": [
          -81.44068249410105,
          30.668885250300345
        ],
        "crs": null
      },
      "id": 373,
      "type": "Feature",
      "properties": {
        "fulladdress": "Egans Creek Park",
        "created_user": "kmulcahy",
        "latitude": null,
        "globalid": "{50946878-6541-48C6-A946-EBC79838BF9C}",
        "picture2023": null,
        "parcelnumber": "00-00-31-1600-0135-0000",
        "picture2022": null,
        "dbh": "2\"",
        "picture2021": null,
        "long": null,
        "picture2020": null,
        "dateofplanting": 1700456400000,
        "picture2019": null,
        "last_edited_user": "kmulcahy",
        "commonname": "Southern Magnolia",
        "picture2018": null,
        "spieces": "Magnolia grandiflora",
        "last_edited_date": 1764107217000,
        "created_date": 1764107217000,
        "objectid": 373,
        "propertyowner": "COFB",
        "lat": null,
        "height": "8 ft",
        "longitude": null
      }
    },
    {
      "geometry": {
        "type": "Point",
        "coordinates": [
          -81.45104312988714,
          30.685405291280055
        ],
        "crs": null
      },
      "id": 385,
      "type": "Feature",
      "properties": {
        "fulladdress": "1321 N 14th St",
        "created_user": "kmulcahy",
        "latitude": null,
        "globalid": "{78F6D755-E057-434E-9882-838B55826054}",
        "picture2023": null,
        "parcelnumber": "00-00-31-1800-0250-0010",
        "picture2022": null,
        "dbh": "0",
        "picture2021": null,
        "long": null,
        "picture2020": null,
        "dateofplanting": 1705381200000,
        "picture2019": null,
        "last_edited_user": "kmulcahy",
        "commonname": "Nellie Stevens Holly",
        "picture2018": null,
        "spieces": "Ilex x 'Nellie R Stevens'",
        "last_edited_date": 1764107217000,
        "created_date": 1764107217000,
        "objectid": 385,
        "propertyowner": "COFB",
        "lat": null,
        "height": "4 ft",
        "longitude": null
      }
    },
    {
      "geometry": {
        "type": "Point",
        "coordinates": [
          -81.4482791134709,
          30.611310291962393
        ],
        "crs": null
      },
      "id": 416,
      "type": "Feature",
      "properties": {
        "fulladdress": "2800 Bill Melton",
        "created_user": "kmulcahy",
        "latitude": null,
        "globalid": "{EC0D2444-8914-4944-B7F5-8881E652ED0A}",
        "picture2023": null,
        "parcelnumber": "08-2N-28-0000-0001-0000",
        "picture2022": null,
        "dbh": "2\"",
        "picture2021": null,
        "long": null,
        "picture2020": null,
        "dateofplanting": 1711512000000,
        "picture2019": null,
        "last_edited_user": "kmulcahy",
        "commonname": "Tangerine",
        "picture2018": null,
        "spieces": "Citrus reticulata",
        "last_edited_date": 1764107217000,
        "created_date": 1764107217000,
        "objectid": 416,
        "propertyowner": "COFB",
        "lat": null,
        "height": "4 ft",
        "longitude": null
      }
    },
    {
      "geometry": {
        "type": "Point",
        "coordinates": [
          -81.44251438893409,
          30.640622339504283
        ],
        "crs": null
      },
      "id": 404,
      "type": "Feature",
      "properties": {
        "fulladdress": "1855 Amelia Oaks Dr",
        "created_user": "kmulcahy",
        "latitude": null,
        "globalid": "{48891FBD-4536-4F36-9F33-58AB58D61E67}",
        "picture2023": null,
        "parcelnumber": "29-3N-28-0100-000A-0000",
        "picture2022": null,
        "dbh": "2\"",
        "picture2021": null,
        "long": null,
        "picture2020": null,
        "dateofplanting": 1711512000000,
        "picture2019": null,
        "last_edited_user": "kmulcahy",
        "commonname": "Bottlebrush",
        "picture2018": null,
        "spieces": "Callistemon citrinus",
        "last_edited_date": 1764107217000,
        "created_date": 1764107217000,
        "objectid": 404,
        "propertyowner": "Amelia Oaks HOA",
        "lat": null,
        "height": "6 ft",
        "longitude": null
      }
    },
    {
      "geometry": {
        "type": "Point",
        "coordinates": [
          -81.429506487176,
          30.682616965855363
        ],
        "crs": null
      },
      "id": 398,
      "type": "Feature",
      "properties": {
        "fulladdress": "1230 N Fletcher Ave",
        "created_user": "kmulcahy",
        "latitude": null,
        "globalid": "{F681FB04-4185-4571-BD36-8DF7A45D6A97}",
        "picture2023": null,
        "parcelnumber": "09-3N-29-0000-0013-0000",
        "picture2022": null,
        "dbh": "8\"",
        "picture2021": null,
        "long": null,
        "picture2020": null,
        "dateofplanting": 1711512000000,
        "picture2019": null,
        "last_edited_user": "kmulcahy",
        "commonname": "Cabbage Palm",
        "picture2018": null,
        "spieces": "Sabal palmetto",
        "last_edited_date": 1764107217000,
        "created_date": 1764107217000,
        "objectid": 398,
        "propertyowner": "COFB ROW",
        "lat": null,
        "height": "12 ft",
        "longitude": null
      }
    },
    {
      "geometry": {
        "type": "Point",
        "coordinates": [
          -81.46143534864197,
          30.655874475331387
        ],
        "crs": null
      },
      "id": 377,
      "type": "Feature",
      "properties": {
        "fulladdress": "1129 S 8th St",
        "created_user": "kmulcahy",
        "latitude": null,
        "globalid": "{9B128140-EACB-4AC8-B758-23446BE647C6}",
        "picture2023": null,
        "parcelnumber": "00-00-31-1800-0302-0000",
        "picture2022": null,
        "dbh": "2\"",
        "picture2021": null,
        "long": null,
        "picture2020": null,
        "dateofplanting": 1705640400000,
        "picture2019": null,
        "last_edited_user": "kmulcahy",
        "commonname": "Bottlebrush",
        "picture2018": null,
        "spieces": "Callistemon",
        "last_edited_date": 1764107217000,
        "created_date": 1764107217000,
        "objectid": 377,
        "propertyowner": "COFB",
        "lat": null,
        "height": "6 ft",
        "longitude": null
      }
    },
    {
      "geometry": {
        "type": "Point",
        "coordinates": [
          -81.4647773815362,
          30.66979837425526
        ],
        "crs": null
      },
      "id": 407,
      "type": "Feature",
      "properties": {
        "fulladdress": "0 S 2nd St",
        "created_user": "kmulcahy",
        "latitude": null,
        "globalid": "{9BBFC887-BAA9-4BE5-AB88-C7504CCDD620}",
        "picture2023": null,
        "parcelnumber": "00-00-31-1800-0271-0010",
        "picture2022": null,
        "dbh": "8\"",
        "picture2021": null,
        "long": null,
        "picture2020": null,
        "dateofplanting": 1711512000000,
        "picture2019": null,
        "last_edited_user": "kmulcahy",
        "commonname": "Cabbage Palm",
        "picture2018": null,
        "spieces": "Sabal palmetto",
        "last_edited_date": 1764107217000,
        "created_date": 1764107217000,
        "objectid": 407,
        "propertyowner": "COFB lot E",
        "lat": null,
        "height": "10 ft",
        "longitude": null
      }
    },
    {
      "geometry": {
        "type": "Point",
        "coordinates": [
          -81.45532006644702,
          30.66274138498258
        ],
        "crs": null
      },
      "id": 391,
      "type": "Feature",
      "properties": {
        "fulladdress": "1200 Elm St",
        "created_user": "kmulcahy",
        "latitude": null,
        "globalid": "{DC65C7E2-8021-42EB-8EE5-8B0892BB3BBC}",
        "picture2023": null,
        "parcelnumber": "00-00-31-1800-0231-03B0",
        "picture2022": null,
        "dbh": "1.5\"",
        "picture2021": null,
        "long": null,
        "picture2020": null,
        "dateofplanting": 1711598400000,
        "picture2019": null,
        "last_edited_user": "kmulcahy",
        "commonname": "Indian Hawthorn",
        "picture2018": null,
        "spieces": "Rhaphiolepis indica",
        "last_edited_date": 1764107217000,
        "created_date": 1764107217000,
        "objectid": 391,
        "propertyowner": "COFB",
        "lat": null,
        "height": "5 ft",
        "longitude": null
      }
    },
    {
      "geometry": {
        "type": "Point",
        "coordinates": [
          -81.45123088496803,
          30.685706309165912
        ],
        "crs": null
      },
      "id": 423,
      "type": "Feature",
      "properties": {
        "fulladdress": "1321 N 14th St",
        "created_user": "kmulcahy",
        "latitude": null,
        "globalid": "{629190CF-360B-4E0E-A98E-F064CAFE10CA}",
        "picture2023": null,
        "parcelnumber": "00-00-31-1800-0250-0010",
        "picture2022": null,
        "dbh": "2\"",
        "picture2021": null,
        "long": null,
        "picture2020": null,
        "dateofplanting": 1711425600000,
        "picture2019": null,
        "last_edited_user": "kmulcahy",
        "commonname": "Live Oak",
        "picture2018": null,
        "spieces": "Quercus virginia",
        "last_edited_date": 1764107217000,
        "created_date": 1764107217000,
        "objectid": 423,
        "propertyowner": "COFB",
        "lat": null,
        "height": "6 ft",
        "longitude": null
      }
    },
    {
      "geometry": {
        "type": "Point",
        "coordinates": [
          -81.45054826237015,
          30.68580664799517
        ],
        "crs": null
      },
      "id": 419,
      "type": "Feature",
      "properties": {
        "fulladdress": "1321 N 14th St",
        "created_user": "kmulcahy",
        "latitude": null,
        "globalid": "{8261B32E-1475-4B38-BD90-ECA611EE6E83}",
        "picture2023": null,
        "parcelnumber": "00-00-31-1800-0250-0010",
        "picture2022": null,
        "dbh": "2\"",
        "picture2021": null,
        "long": null,
        "picture2020": null,
        "dateofplanting": 1711425600000,
        "picture2019": null,
        "last_edited_user": "kmulcahy",
        "commonname": "Live Oak",
        "picture2018": null,
        "spieces": "Quercus virginia",
        "last_edited_date": 1764107217000,
        "created_date": 1764107217000,
        "objectid": 419,
        "propertyowner": "COFB",
        "lat": null,
        "height": "6 ft",
        "longitude": null
      }
    },
    {
      "geometry": {
        "type": "Point",
        "coordinates": [
          -81.46149301599164,
          30.655965615949068
        ],
        "crs": null
      },
      "id": 383,
      "type": "Feature",
      "properties": {
        "fulladdress": "1129 S 8th St",
        "created_user": "kmulcahy",
        "latitude": null,
        "globalid": "{644ADE59-D47B-41B9-BFC9-44C4C2FB434F}",
        "picture2023": null,
        "parcelnumber": "00-00-31-1800-0302-0000",
        "picture2022": null,
        "dbh": "0",
        "picture2021": null,
        "long": null,
        "picture2020": null,
        "dateofplanting": 1705640400000,
        "picture2019": null,
        "last_edited_user": "kmulcahy",
        "commonname": "Chaste Tree",
        "picture2018": null,
        "spieces": "Vitex agnus-cactus",
        "last_edited_date": 1764107217000,
        "created_date": 1764107217000,
        "objectid": 383,
        "propertyowner": "COFB",
        "lat": null,
        "height": "2.5 ft",
        "longitude": null
      }
    },
    {
      "geometry": {
        "type": "Point",
        "coordinates": [
          -81.42953867381263,
          30.682535077810982
        ],
        "crs": null
      },
      "id": 401,
      "type": "Feature",
      "properties": {
        "fulladdress": "1230 N Fletcher Ave",
        "created_user": "kmulcahy",
        "latitude": null,
        "globalid": "{1B135C07-F6C2-4B63-ABC9-D0EF68B25AF7}",
        "picture2023": null,
        "parcelnumber": "09-3N-29-0000-0013-0000",
        "picture2022": null,
        "dbh": "8\"",
        "picture2021": null,
        "long": null,
        "picture2020": null,
        "dateofplanting": 1711512000000,
        "picture2019": null,
        "last_edited_user": "kmulcahy",
        "commonname": "Cabbage Palm",
        "picture2018": null,
        "spieces": "Sabal palmetto",
        "last_edited_date": 1764107217000,
        "created_date": 1764107217000,
        "objectid": 401,
        "propertyowner": "COFB ROW",
        "lat": null,
        "height": "12 ft",
        "longitude": null
      }
    },
    {
      "geometry": {
        "type": "Point",
        "coordinates": [
          -81.44252042381618,
          30.64059060836401
        ],
        "crs": null
      },
      "id": 405,
      "type": "Feature",
      "properties": {
        "fulladdress": "1855 Amelia Oaks Dr",
        "created_user": "kmulcahy",
        "latitude": null,
        "globalid": "{3412E8AB-9636-4700-B515-301066552244}",
        "picture2023": null,
        "parcelnumber": "29-3N-28-0100-000A-0000",
        "picture2022": null,
        "dbh": "2\"",
        "picture2021": null,
        "long": null,
        "picture2020": null,
        "dateofplanting": 1711512000000,
        "picture2019": null,
        "last_edited_user": "kmulcahy",
        "commonname": "Bottlebrush",
        "picture2018": null,
        "spieces": "Callistemon citrinus",
        "last_edited_date": 1764107217000,
        "created_date": 1764107217000,
        "objectid": 405,
        "propertyowner": "Amelia Oaks HOA",
        "lat": null,
        "height": "6 ft",
        "longitude": null
      }
    },
    {
      "geometry": {
        "type": "Point",
        "coordinates": [
          -81.44178832201246,
          30.66757829466982
        ],
        "crs": null
      },
      "id": 396,
      "type": "Feature",
      "properties": {
        "fulladdress": "2120 Florida Ave",
        "created_user": "kmulcahy",
        "latitude": null,
        "globalid": "{058024DE-BF7D-44A3-8790-7451FE0DA4F6}",
        "picture2023": null,
        "parcelnumber": "00-00-31-178A-0001-0050",
        "picture2022": null,
        "dbh": "1.5\"",
        "picture2021": null,
        "long": null,
        "picture2020": null,
        "dateofplanting": 1711598400000,
        "picture2019": null,
        "last_edited_user": "kmulcahy",
        "commonname": "Indian Hawthorn",
        "picture2018": null,
        "spieces": "Rhaphiolepis indica",
        "last_edited_date": 1764107217000,
        "created_date": 1764107217000,
        "objectid": 396,
        "propertyowner": "Phil Chapman",
        "lat": null,
        "height": "5 ft",
        "longitude": null
      }
    },
    {
      "geometry": {
        "type": "Point",
        "coordinates": [
          -81.45083794120151,
          30.685378764733947
        ],
        "crs": null
      },
      "id": 421,
      "type": "Feature",
      "properties": {
        "fulladdress": "1321 N 14th St",
        "created_user": "kmulcahy",
        "latitude": null,
        "globalid": "{6E8CB1B9-F80D-4EAB-BF91-A29D307A8831}",
        "picture2023": null,
        "parcelnumber": "00-00-31-1800-0250-0010",
        "picture2022": null,
        "dbh": "2\"",
        "picture2021": null,
        "long": null,
        "picture2020": null,
        "dateofplanting": 1711425600000,
        "picture2019": null,
        "last_edited_user": "kmulcahy",
        "commonname": "Live Oak",
        "picture2018": null,
        "spieces": "Quercus virginia",
        "last_edited_date": 1764107217000,
        "created_date": 1764107217000,
        "objectid": 421,
        "propertyowner": "COFB",
        "lat": null,
        "height": "6 ft",
        "longitude": null
      }
    },
    {
      "geometry": {
        "type": "Point",
        "coordinates": [
          -81.450701148445,
          30.685573676776148
        ],
        "crs": null
      },
      "id": 420,
      "type": "Feature",
      "properties": {
        "fulladdress": "1321 N 14th St",
        "created_user": "kmulcahy",
        "latitude": null,
        "globalid": "{02106D8E-2DBF-4F51-B398-70B97564496B}",
        "picture2023": null,
        "parcelnumber": "00-00-31-1800-0250-0010",
        "picture2022": null,
        "dbh": "2\"",
        "picture2021": null,
        "long": null,
        "picture2020": null,
        "dateofplanting": 1711425600000,
        "picture2019": null,
        "last_edited_user": "kmulcahy",
        "commonname": "Live Oak",
        "picture2018": null,
        "spieces": "Quercus virginia",
        "last_edited_date": 1764107217000,
        "created_date": 1764107217000,
        "objectid": 420,
        "propertyowner": "COFB",
        "lat": null,
        "height": "6 ft",
        "longitude": null
      }
    },
    {
      "geometry": {
        "type": "Point",
        "coordinates": [
          -81.44786605373021,
          30.61118563745319
        ],
        "crs": null
      },
      "id": 415,
      "type": "Feature",
      "properties": {
        "fulladdress": "2800 Bill Melton",
        "created_user": "kmulcahy",
        "latitude": null,
        "globalid": "{F2E4F55F-5E8B-45EF-BD33-8503BD4DE7E4}",
        "picture2023": null,
        "parcelnumber": "08-2N-28-0000-0001-0000",
        "picture2022": null,
        "dbh": "1.5\"",
        "picture2021": null,
        "long": null,
        "picture2020": null,
        "dateofplanting": 1711512000000,
        "picture2019": null,
        "last_edited_user": "kmulcahy",
        "commonname": "Fig",
        "picture2018": null,
        "spieces": "Ficus carica",
        "last_edited_date": 1764107217000,
        "created_date": 1764107217000,
        "objectid": 415,
        "propertyowner": "COFB",
        "lat": null,
        "height": "4 ft",
        "longitude": null
      }
    },
    {
      "geometry": {
        "type": "Point",
        "coordinates": [
          -81.44774267192257,
          30.61076088671995
        ],
        "crs": null
      },
      "id": 410,
      "type": "Feature",
      "properties": {
        "fulladdress": "2800 Bill Melton",
        "created_user": "kmulcahy",
        "latitude": null,
        "globalid": "{7A004C9C-6250-4DED-8E0A-6F8C318C4602}",
        "picture2023": null,
        "parcelnumber": "08-2N-28-0000-0001-0000",
        "picture2022": null,
        "dbh": "2\"",
        "picture2021": null,
        "long": null,
        "picture2020": null,
        "dateofplanting": 1711512000000,
        "picture2019": null,
        "last_edited_user": "kmulcahy",
        "commonname": "Orange",
        "picture2018": null,
        "spieces": "Citrus x sinensis",
        "last_edited_date": 1764107217000,
        "created_date": 1764107217000,
        "objectid": 410,
        "propertyowner": "COFB",
        "lat": null,
        "height": "5 ft",
        "longitude": null
      }
    },
    {
      "geometry": {
        "type": "Point",
        "coordinates": [
          -81.44737789123853,
          30.611287207920626
        ],
        "crs": null
      },
      "id": 414,
      "type": "Feature",
      "properties": {
        "fulladdress": "2800 Bill Melton",
        "created_user": "kmulcahy",
        "latitude": null,
        "globalid": "{20F833DA-8415-48DA-BF38-C85AA595D8D0}",
        "picture2023": null,
        "parcelnumber": "08-2N-28-0000-0001-0000",
        "picture2022": null,
        "dbh": "1.5\"",
        "picture2021": null,
        "long": null,
        "picture2020": null,
        "dateofplanting": 1711512000000,
        "picture2019": null,
        "last_edited_user": "kmulcahy",
        "commonname": "Fig",
        "picture2018": null,
        "spieces": "Ficus carica",
        "last_edited_date": 1764107217000,
        "created_date": 1764107217000,
        "objectid": 414,
        "propertyowner": "COFB",
        "lat": null,
        "height": "4 ft",
        "longitude": null
      }
    },
    {
      "geometry": {
        "type": "Point",
        "coordinates": [
          -81.44802698601505,
          30.611245656167785
        ],
        "crs": null
      },
      "id": 418,
      "type": "Feature",
      "properties": {
        "fulladdress": "2800 Bill Melton",
        "created_user": "kmulcahy",
        "latitude": null,
        "globalid": "{E727DFDE-6916-4C36-8A6D-A7B2FF93146C}",
        "picture2023": null,
        "parcelnumber": "08-2N-28-0000-0001-0000",
        "picture2022": null,
        "dbh": "2\"",
        "picture2021": null,
        "long": null,
        "picture2020": null,
        "dateofplanting": 1711512000000,
        "picture2019": null,
        "last_edited_user": "kmulcahy",
        "commonname": "Tangerine",
        "picture2018": null,
        "spieces": "Citrus reticulata",
        "last_edited_date": 1764107217000,
        "created_date": 1764107217000,
        "objectid": 418,
        "propertyowner": "COFB",
        "lat": null,
        "height": "4 ft",
        "longitude": null
      }
    },
    {
      "geometry": {
        "type": "Point",
        "coordinates": [
          -81.44817182498156,
          30.611296441383374
        ],
        "crs": null
      },
      "id": 417,
      "type": "Feature",
      "properties": {
        "fulladdress": "2800 Bill Melton",
        "created_user": "kmulcahy",
        "latitude": null,
        "globalid": "{210BC9AD-0352-41A2-A7BB-0D3357AF98E6}",
        "picture2023": null,
        "parcelnumber": "08-2N-28-0000-0001-0000",
        "picture2022": null,
        "dbh": "2\"",
        "picture2021": null,
        "long": null,
        "picture2020": null,
        "dateofplanting": 1711512000000,
        "picture2019": null,
        "last_edited_user": "kmulcahy",
        "commonname": "Tangerine",
        "picture2018": null,
        "spieces": "Citrus reticulata",
        "last_edited_date": 1764107217000,
        "created_date": 1764107217000,
        "objectid": 417,
        "propertyowner": "COFB",
        "lat": null,
        "height": "4 ft",
        "longitude": null
      }
    },
    {
      "geometry": {
        "type": "Point",
        "coordinates": [
          -81.45091572542364,
          30.685310718242505
        ],
        "crs": null
      },
      "id": 422,
      "type": "Feature",
      "properties": {
        "fulladdress": "1321 N 14th St",
        "created_user": "kmulcahy",
        "latitude": null,
        "globalid": "{3779401E-AD4F-4047-AD33-32A3F1C2E1DB}",
        "picture2023": null,
        "parcelnumber": "00-00-31-1800-0250-0010",
        "picture2022": null,
        "dbh": "2\"",
        "picture2021": null,
        "long": null,
        "picture2020": null,
        "dateofplanting": 1711425600000,
        "picture2019": null,
        "last_edited_user": "kmulcahy",
        "commonname": "Live Oak",
        "picture2018": null,
        "spieces": "Quercus virginia",
        "last_edited_date": 1764107217000,
        "created_date": 1764107217000,
        "objectid": 422,
        "propertyowner": "COFB",
        "lat": null,
        "height": "6 ft",
        "longitude": null
      }
    },
    {
      "geometry": {
        "type": "Point",
        "coordinates": [
          -81.45132744397961,
          30.685512550785305
        ],
        "crs": null
      },
      "id": 424,
      "type": "Feature",
      "properties": {
        "fulladdress": "1321 N 14th St",
        "created_user": "kmulcahy",
        "latitude": null,
        "globalid": "{2F8C4B1A-EE20-4ECD-BDEA-6A570737EAC2}",
        "picture2023": null,
        "parcelnumber": "00-00-31-1800-0250-0010",
        "picture2022": null,
        "dbh": "2\"",
        "picture2021": null,
        "long": null,
        "picture2020": null,
        "dateofplanting": 1711425600000,
        "picture2019": null,
        "last_edited_user": "kmulcahy",
        "commonname": "Live Oak",
        "picture2018": null,
        "spieces": "Quercus virginia",
        "last_edited_date": 1764107217000,
        "created_date": 1764107217000,
        "objectid": 424,
        "propertyowner": "COFB",
        "lat": null,
        "height": "6 ft",
        "longitude": null
      }
    },
    {
      "geometry": {
        "type": "Point",
        "coordinates": [
          -81.4505965423251,
          30.685466417338795
        ],
        "crs": null
      },
      "id": 425,
      "type": "Feature",
      "properties": {
        "fulladdress": "1321 N 14th St",
        "created_user": "kmulcahy",
        "latitude": null,
        "globalid": "{235E36BF-A6B8-4CD9-86F7-3E7C9351B17E}",
        "picture2023": null,
        "parcelnumber": "00-00-31-1800-0250-0010",
        "picture2022": null,
        "dbh": "2\"",
        "picture2021": null,
        "long": null,
        "picture2020": null,
        "dateofplanting": 1711425600000,
        "picture2019": null,
        "last_edited_user": "kmulcahy",
        "commonname": "Live Oak",
        "picture2018": null,
        "spieces": "Quercus virginia",
        "last_edited_date": 1764107217000,
        "created_date": 1764107217000,
        "objectid": 425,
        "propertyowner": "COFB",
        "lat": null,
        "height": "6 ft",
        "longitude": null
      }
    },
    {
      "geometry": {
        "type": "Point",
        "coordinates": [
          -81.45047450170219,
          30.685495250648877
        ],
        "crs": null
      },
      "id": 426,
      "type": "Feature",
      "properties": {
        "fulladdress": "1321 N 14th St",
        "created_user": "kmulcahy",
        "latitude": null,
        "globalid": "{5326A29F-0C58-42DC-9ABA-606C8C2D7551}",
        "picture2023": null,
        "parcelnumber": "00-00-31-1800-0250-0010",
        "picture2022": null,
        "dbh": "2\"",
        "picture2021": null,
        "long": null,
        "picture2020": null,
        "dateofplanting": 1711425600000,
        "picture2019": null,
        "last_edited_user": "kmulcahy",
        "commonname": "Live Oak",
        "picture2018": null,
        "spieces": "Quercus virginia",
        "last_edited_date": 1764107217000,
        "created_date": 1764107217000,
        "objectid": 426,
        "propertyowner": "COFB",
        "lat": null,
        "height": "6 ft",
        "longitude": null
      }
    },
    {
      "geometry": {
        "type": "Point",
        "coordinates": [
          -81.45045170335858,
          30.685653256231884
        ],
        "crs": null
      },
      "id": 427,
      "type": "Feature",
      "properties": {
        "fulladdress": "1321 N 14th St",
        "created_user": "kmulcahy",
        "latitude": null,
        "globalid": "{6A1D264C-843F-4103-8608-7AB8DC70AF5B}",
        "picture2023": null,
        "parcelnumber": "00-00-31-1800-0250-0010",
        "picture2022": null,
        "dbh": "2\"",
        "picture2021": null,
        "long": null,
        "picture2020": null,
        "dateofplanting": 1711425600000,
        "picture2019": null,
        "last_edited_user": "kmulcahy",
        "commonname": "Live Oak",
        "picture2018": null,
        "spieces": "Quercus virginia",
        "last_edited_date": 1764107217000,
        "created_date": 1764107217000,
        "objectid": 427,
        "propertyowner": "COFB",
        "lat": null,
        "height": "6 ft",
        "longitude": null
      }
    },
    {
      "geometry": {
        "type": "Point",
        "coordinates": [
          -81.4500978587648,
          30.685833750732424
        ],
        "crs": null
      },
      "id": 440,
      "type": "Feature",
      "properties": {
        "fulladdress": "1321 N 14th St",
        "created_user": "kmulcahy",
        "latitude": null,
        "globalid": "{B764DD7A-2A95-429A-A5B0-3E08F1B13880}",
        "picture2023": null,
        "parcelnumber": "00-00-31-1800-0250-0010",
        "picture2022": null,
        "dbh": "2\"",
        "picture2021": null,
        "long": null,
        "picture2020": null,
        "dateofplanting": 1713326400000,
        "picture2019": null,
        "last_edited_user": "kmulcahy",
        "commonname": "Drake Elm",
        "picture2018": null,
        "spieces": "Ulmus parvifolia",
        "last_edited_date": 1764107217000,
        "created_date": 1764107217000,
        "objectid": 440,
        "propertyowner": "COFB Bosque Bello",
        "lat": null,
        "height": "8 ft",
        "longitude": null
      }
    },
    {
      "geometry": {
        "type": "Point",
        "coordinates": [
          -81.45893955299988,
          30.668114231029993
        ],
        "crs": null
      },
      "id": 449,
      "type": "Feature",
      "properties": {
        "fulladdress": "202 S 8th St",
        "created_user": "kmulcahy",
        "latitude": null,
        "globalid": "{9D454209-B775-4369-94A1-E16012CDB59F}",
        "picture2023": null,
        "parcelnumber": "00-00-31-1800-0047-0010",
        "picture2022": null,
        "dbh": "1.5\"",
        "picture2021": null,
        "long": null,
        "picture2020": null,
        "dateofplanting": 1726632000000,
        "picture2019": null,
        "last_edited_user": "kmulcahy",
        "commonname": "\"Tonto\" Crape Myrtle",
        "picture2018": null,
        "spieces": "Lagerstroemia indica x fauriei 'Tonto'",
        "last_edited_date": 1764107217000,
        "created_date": 1764107217000,
        "objectid": 449,
        "propertyowner": "COFB ROW",
        "lat": null,
        "height": "5 ft",
        "longitude": null
      }
    },
    {
      "geometry": {
        "type": "Point",
        "coordinates": [
          -81.45823010940256,
          30.66814537672312
        ],
        "crs": null
      },
      "id": 455,
      "type": "Feature",
      "properties": {
        "fulladdress": "905 Beech St",
        "created_user": "kmulcahy",
        "latitude": null,
        "globalid": "{52C0E394-D19D-4889-B14B-E9CFA85E3BC2}",
        "picture2023": null,
        "parcelnumber": "00-00-31-1800-0049-0041",
        "picture2022": null,
        "dbh": "1.5\"",
        "picture2021": null,
        "long": null,
        "picture2020": null,
        "dateofplanting": 1726632000000,
        "picture2019": null,
        "last_edited_user": "kmulcahy",
        "commonname": "\"Tonto\" Crape Myrtle",
        "picture2018": null,
        "spieces": "Lagerstroemia indica x fauriei 'Tonto'",
        "last_edited_date": 1764107217000,
        "created_date": 1764107217000,
        "objectid": 455,
        "propertyowner": "COFB ROW",
        "lat": null,
        "height": "5 ft",
        "longitude": null
      }
    },
    {
      "geometry": {
        "type": "Point",
        "coordinates": [
          -81.45064750375118,
          30.645369659901828
        ],
        "crs": null
      },
      "id": 447,
      "type": "Feature",
      "properties": {
        "fulladdress": "1630 Park Ave",
        "created_user": "kmulcahy",
        "latitude": null,
        "globalid": "{79E4EF24-59DA-4CAE-A1A1-57815FD7733D}",
        "picture2023": null,
        "parcelnumber": "00-00-31-102P-0006-11D0",
        "picture2022": null,
        "dbh": "2\"",
        "picture2021": null,
        "long": null,
        "picture2020": null,
        "dateofplanting": 1713326400000,
        "picture2019": null,
        "last_edited_user": "kmulcahy",
        "commonname": "Crape Myrtle Natchez",
        "picture2018": null,
        "spieces": "Lagerstoemia natchez",
        "last_edited_date": 1764107217000,
        "created_date": 1764107217000,
        "objectid": 447,
        "propertyowner": "COFB ROW",
        "lat": null,
        "height": "6 ft",
        "longitude": null
      }
    },
    {
      "geometry": {
        "type": "Point",
        "coordinates": [
          -81.45357781719113,
          30.667981575253165
        ],
        "crs": null
      },
      "id": 460,
      "type": "Feature",
      "properties": {
        "fulladdress": "1200 Atlantic Ave",
        "created_user": "kmulcahy",
        "latitude": null,
        "globalid": "{8A57FD1F-FF5B-4707-9E9A-90C4FCE752B3}",
        "picture2023": null,
        "parcelnumber": "00-00-31-1800-0217-00CP",
        "picture2022": null,
        "dbh": "2.5\"",
        "picture2021": null,
        "long": null,
        "picture2020": null,
        "dateofplanting": 1727841600000,
        "picture2019": null,
        "last_edited_user": "kmulcahy",
        "commonname": "Live Oak",
        "picture2018": null,
        "spieces": "quercus virginiana",
        "last_edited_date": 1764107217000,
        "created_date": 1764107217000,
        "objectid": 460,
        "propertyowner": "COFB",
        "lat": null,
        "height": "8 ft",
        "longitude": null
      }
    },
    {
      "geometry": {
        "type": "Point",
        "coordinates": [
          -81.45811008010757,
          30.668024832658897
        ],
        "crs": null
      },
      "id": 463,
      "type": "Feature",
      "properties": {
        "fulladdress": "202 S 9th St",
        "created_user": "kmulcahy",
        "latitude": null,
        "globalid": "{4321CEE4-74FD-4F1E-B33B-6605C0450AD7}",
        "picture2023": null,
        "parcelnumber": "00-00-31-1800-0048-0010",
        "picture2022": null,
        "dbh": "2.5\"",
        "picture2021": null,
        "long": null,
        "picture2020": null,
        "dateofplanting": 1733202000000,
        "picture2019": null,
        "last_edited_user": "kmulcahy",
        "commonname": "Live Oak",
        "picture2018": null,
        "spieces": "Quercus virginiana",
        "last_edited_date": 1764107217000,
        "created_date": 1764107217000,
        "objectid": 463,
        "propertyowner": "COFB",
        "lat": null,
        "height": "7 ft",
        "longitude": null
      }
    },
    {
      "geometry": {
        "type": "Point",
        "coordinates": [
          -81.45816841849874,
          30.66813268788134
        ],
        "crs": null
      },
      "id": 456,
      "type": "Feature",
      "properties": {
        "fulladdress": "905 Beech St",
        "created_user": "kmulcahy",
        "latitude": null,
        "globalid": "{8A25313D-3EDA-45DC-9FD2-C09837602467}",
        "picture2023": null,
        "parcelnumber": null,
        "picture2022": null,
        "dbh": "1.5\"",
        "picture2021": null,
        "long": null,
        "picture2020": null,
        "dateofplanting": 1726632000000,
        "picture2019": null,
        "last_edited_user": "kmulcahy",
        "commonname": "\"Tonto\" Crape Myrtle",
        "picture2018": null,
        "spieces": "Lagerstroemia indica x fauriei 'Tonto'",
        "last_edited_date": 1764107217000,
        "created_date": 1764107217000,
        "objectid": 456,
        "propertyowner": "COFB ROW",
        "lat": null,
        "height": "5 ft",
        "longitude": null
      }
    },
    {
      "geometry": {
        "type": "Point",
        "coordinates": [
          -81.45156799933797,
          30.684352785854156
        ],
        "crs": null
      },
      "id": 474,
      "type": "Feature",
      "properties": {
        "fulladdress": "1321 N 14th St",
        "created_user": "kmulcahy",
        "latitude": null,
        "globalid": "{42D0AB63-B65A-4CAF-B7D9-5712D47207E3}",
        "picture2023": null,
        "parcelnumber": "00-00-31-1800-0225-0400",
        "picture2022": null,
        "dbh": "1.5\"",
        "picture2021": null,
        "long": null,
        "picture2020": null,
        "dateofplanting": 1736917200000,
        "picture2019": null,
        "last_edited_user": "kmulcahy",
        "commonname": "Brodie Red Cedar",
        "picture2018": null,
        "spieces": "Juniperus virginiana \"Brodie\"",
        "last_edited_date": 1764107217000,
        "created_date": 1764107217000,
        "objectid": 474,
        "propertyowner": "COFB",
        "lat": null,
        "height": "5 ft",
        "longitude": null
      }
    },
    {
      "geometry": {
        "type": "Point",
        "coordinates": [
          -81.45822604811917,
          30.662860324526026
        ],
        "crs": null
      },
      "id": 469,
      "type": "Feature",
      "properties": {
        "fulladdress": "530 S 10th St",
        "created_user": "kmulcahy",
        "latitude": null,
        "globalid": "{1AAE53EA-6BA8-40DC-B15D-8BCF30166AC3}",
        "picture2023": null,
        "parcelnumber": "00-00-31-1800-0145-0010",
        "picture2022": null,
        "dbh": "2.5\"",
        "picture2021": null,
        "long": null,
        "picture2020": null,
        "dateofplanting": 1733202000000,
        "picture2019": null,
        "last_edited_user": "kmulcahy",
        "commonname": "Southern Red Cedar",
        "picture2018": null,
        "spieces": "Juniperus bermudiana",
        "last_edited_date": 1764107217000,
        "created_date": 1764107217000,
        "objectid": 469,
        "propertyowner": "COFB",
        "lat": null,
        "height": "7 ft",
        "longitude": null
      }
    },
    {
      "geometry": {
        "type": "Point",
        "coordinates": [
          -81.4536582837827,
          30.667922744563008
        ],
        "crs": null
      },
      "id": 461,
      "type": "Feature",
      "properties": {
        "fulladdress": "1200 Atlantic Ave",
        "created_user": "kmulcahy",
        "latitude": null,
        "globalid": "{2C75013F-4CE9-4C4B-8FD7-DDDB01377457}",
        "picture2023": null,
        "parcelnumber": "00-00-31-1800-0217-00CP",
        "picture2022": null,
        "dbh": "2.5\"",
        "picture2021": null,
        "long": null,
        "picture2020": null,
        "dateofplanting": 1727841600000,
        "picture2019": null,
        "last_edited_user": "kmulcahy",
        "commonname": "Live Oak",
        "picture2018": null,
        "spieces": "quercus virginiana",
        "last_edited_date": 1764107217000,
        "created_date": 1764107217000,
        "objectid": 461,
        "propertyowner": "COFB",
        "lat": null,
        "height": "8 ft",
        "longitude": null
      }
    },
    {
      "geometry": {
        "type": "Point",
        "coordinates": [
          -81.4579390893865,
          30.66810269578589
        ],
        "crs": null
      },
      "id": 457,
      "type": "Feature",
      "properties": {
        "fulladdress": "905 Beech St",
        "created_user": "kmulcahy",
        "latitude": null,
        "globalid": "{0D2650B6-0745-4B76-9054-D31ADC2AA449}",
        "picture2023": null,
        "parcelnumber": "00-00-31-1800-0049-0041",
        "picture2022": null,
        "dbh": "1.5\"",
        "picture2021": null,
        "long": null,
        "picture2020": null,
        "dateofplanting": 1726632000000,
        "picture2019": null,
        "last_edited_user": "kmulcahy",
        "commonname": "\"Tonto\" Crape Myrtle",
        "picture2018": null,
        "spieces": "Lagerstroemia indica x fauriei 'Tonto'",
        "last_edited_date": 1764107217000,
        "created_date": 1764107217000,
        "objectid": 457,
        "propertyowner": "COFB ROW",
        "lat": null,
        "height": "5 ft",
        "longitude": null
      }
    },
    {
      "geometry": {
        "type": "Point",
        "coordinates": [
          -81.4583360567072,
          30.674453838864515
        ],
        "crs": null
      },
      "id": 501,
      "type": "Feature",
      "properties": {
        "fulladdress": "N 8th St ROW",
        "created_user": "kmulcahy",
        "latitude": null,
        "globalid": "{418EB2A5-DF64-4B42-9E82-C037AD4837E4}",
        "picture2023": null,
        "parcelnumber": "00-00-31-1800-0068-0050",
        "picture2022": null,
        "dbh": "1.5\"",
        "picture2021": null,
        "long": null,
        "picture2020": null,
        "dateofplanting": 1743480000000,
        "picture2019": null,
        "last_edited_user": "kmulcahy",
        "commonname": "Saucer Magnolia",
        "picture2018": null,
        "spieces": "Mgnolia x soulangeana",
        "last_edited_date": 1764107217000,
        "created_date": 1764107217000,
        "objectid": 501,
        "propertyowner": "COFB",
        "lat": null,
        "height": "5 ft",
        "longitude": null
      }
    },
    {
      "geometry": {
        "type": "Point",
        "coordinates": [
          -81.45965606903346,
          30.669489686787646
        ],
        "crs": null
      },
      "id": 483,
      "type": "Feature",
      "properties": {
        "fulladdress": "102 S 7th St",
        "created_user": "kmulcahy",
        "latitude": null,
        "globalid": "{6688FD80-A548-49A1-9EA0-EE19500DC0D1}",
        "picture2023": null,
        "parcelnumber": "00-00-31-1800-0041-0011",
        "picture2022": null,
        "dbh": "2\"",
        "picture2021": null,
        "long": null,
        "picture2020": null,
        "dateofplanting": 1737090000000,
        "picture2019": null,
        "last_edited_user": "kmulcahy",
        "commonname": "Crape Myrtle Twilight",
        "picture2018": null,
        "spieces": "Lagerstroemia indica \"Twilight\"",
        "last_edited_date": 1764107217000,
        "created_date": 1764107217000,
        "objectid": 483,
        "propertyowner": "COFB",
        "lat": null,
        "height": "5 ft",
        "longitude": null
      }
    },
    {
      "geometry": {
        "type": "Point",
        "coordinates": [
          -81.4582045909603,
          30.66280322082912
        ],
        "crs": null
      },
      "id": 470,
      "type": "Feature",
      "properties": {
        "fulladdress": "530 S 10th St",
        "created_user": "kmulcahy",
        "latitude": null,
        "globalid": "{7DE0B13E-8F0D-4F08-B119-44E3C64EEA6B}",
        "picture2023": null,
        "parcelnumber": "00-00-31-1800-0145-0010",
        "picture2022": null,
        "dbh": "2.5\"",
        "picture2021": null,
        "long": null,
        "picture2020": null,
        "dateofplanting": 1733202000000,
        "picture2019": null,
        "last_edited_user": "kmulcahy",
        "commonname": "Southern Red Cedar",
        "picture2018": null,
        "spieces": "Juniperus bermudiana",
        "last_edited_date": 1764107217000,
        "created_date": 1764107217000,
        "objectid": 470,
        "propertyowner": "COFB",
        "lat": null,
        "height": "7 ft",
        "longitude": null
      }
    },
    {
      "geometry": {
        "type": "Point",
        "coordinates": [
          -81.45862037079966,
          30.672670577968447
        ],
        "crs": null
      },
      "id": 495,
      "type": "Feature",
      "properties": {
        "fulladdress": "N 8th St ROW",
        "created_user": "kmulcahy",
        "latitude": null,
        "globalid": "{A196ED29-FFB7-44D5-9D13-057910BD53CA}",
        "picture2023": null,
        "parcelnumber": "00-00-31-1800-0069-0010",
        "picture2022": null,
        "dbh": "1.5\"",
        "picture2021": null,
        "long": null,
        "picture2020": null,
        "dateofplanting": 1743480000000,
        "picture2019": null,
        "last_edited_user": "kmulcahy",
        "commonname": "Saucer Magnolia",
        "picture2018": null,
        "spieces": "Magnolia x soulangeana",
        "last_edited_date": 1764107217000,
        "created_date": 1764107217000,
        "objectid": 495,
        "propertyowner": "COFB",
        "lat": null,
        "height": "5 ft",
        "longitude": null
      }
    },
    {
      "geometry": {
        "type": "Point",
        "coordinates": [
          -81.45844602666763,
          30.67372715807431
        ],
        "crs": null
      },
      "id": 507,
      "type": "Feature",
      "properties": {
        "fulladdress": "N 8th St ROW",
        "created_user": "kmulcahy",
        "latitude": null,
        "globalid": "{DD6F40D9-3FE3-4716-AEF7-223A21E3CAAA}",
        "picture2023": null,
        "parcelnumber": "00-00-31-1800-0068-0050",
        "picture2022": null,
        "dbh": "1.5\"",
        "picture2021": null,
        "long": null,
        "picture2020": null,
        "dateofplanting": 1743480000000,
        "picture2019": null,
        "last_edited_user": "kmulcahy",
        "commonname": "Saucer Magnolia",
        "picture2018": null,
        "spieces": "Magnolia x soulangeana",
        "last_edited_date": 1764107217000,
        "created_date": 1764107217000,
        "objectid": 507,
        "propertyowner": "COFB",
        "lat": null,
        "height": "5 ft",
        "longitude": null
      }
    },
    {
      "geometry": {
        "type": "Point",
        "coordinates": [
          -81.45845943761653,
          30.673588742323386
        ],
        "crs": null
      },
      "id": 508,
      "type": "Feature",
      "properties": {
        "fulladdress": "N 8th St ROW",
        "created_user": "kmulcahy",
        "latitude": null,
        "globalid": "{23EC0844-D4DD-45BB-8D33-1C7FD52BE8C1}",
        "picture2023": null,
        "parcelnumber": "00-00-31-1800-0068-0050",
        "picture2022": null,
        "dbh": "1.5\"",
        "picture2021": null,
        "long": null,
        "picture2020": null,
        "dateofplanting": 1743480000000,
        "picture2019": null,
        "last_edited_user": "kmulcahy",
        "commonname": "Saucer Magnolia",
        "picture2018": null,
        "spieces": "Magnolia x soulangeana",
        "last_edited_date": 1764107217000,
        "created_date": 1764107217000,
        "objectid": 508,
        "propertyowner": "COFB",
        "lat": null,
        "height": "5 ft",
        "longitude": null
      }
    },
    {
      "geometry": {
        "type": "Point",
        "coordinates": [
          -81.45035648463342,
          30.685542536702552
        ],
        "crs": null
      },
      "id": 428,
      "type": "Feature",
      "properties": {
        "fulladdress": "1321 N 14th St",
        "created_user": "kmulcahy",
        "latitude": null,
        "globalid": "{290549EB-03B7-4676-AB8E-70AD7AB024B4}",
        "picture2023": null,
        "parcelnumber": "00-00-31-1800-0250-0010",
        "picture2022": null,
        "dbh": "2\"",
        "picture2021": null,
        "long": null,
        "picture2020": null,
        "dateofplanting": 1711425600000,
        "picture2019": null,
        "last_edited_user": "kmulcahy",
        "commonname": "Live Oak",
        "picture2018": null,
        "spieces": "Quercus virginia",
        "last_edited_date": 1764107217000,
        "created_date": 1764107217000,
        "objectid": 428,
        "propertyowner": "COFB",
        "lat": null,
        "height": "6 ft",
        "longitude": null
      }
    },
    {
      "geometry": {
        "type": "Point",
        "coordinates": [
          -81.45012581433645,
          30.685671708959397
        ],
        "crs": null
      },
      "id": 429,
      "type": "Feature",
      "properties": {
        "fulladdress": "1321 N 14th St",
        "created_user": "kmulcahy",
        "latitude": null,
        "globalid": "{59F99FE8-067B-4C61-BA78-055850A709EC}",
        "picture2023": null,
        "parcelnumber": "00-00-31-1800-0250-0010",
        "picture2022": null,
        "dbh": "2\"",
        "picture2021": null,
        "long": null,
        "picture2020": null,
        "dateofplanting": 1711425600000,
        "picture2019": null,
        "last_edited_user": "kmulcahy",
        "commonname": "Southern Magnolia",
        "picture2018": null,
        "spieces": "Magnolia grandiflora",
        "last_edited_date": 1764107217000,
        "created_date": 1764107217000,
        "objectid": 429,
        "propertyowner": "COFB",
        "lat": null,
        "height": "6 ft",
        "longitude": null
      }
    },
    {
      "geometry": {
        "type": "Point",
        "coordinates": [
          -81.45849967136145,
          30.67336035501232
        ],
        "crs": null
      },
      "id": 510,
      "type": "Feature",
      "properties": {
        "fulladdress": "N 8th St ROW",
        "created_user": "kmulcahy",
        "latitude": null,
        "globalid": "{91217DF8-7FB3-4022-B385-9E396120D6E1}",
        "picture2023": null,
        "parcelnumber": "00-00-31-1800-0068-0050",
        "picture2022": null,
        "dbh": "1.5\"",
        "picture2021": null,
        "long": null,
        "picture2020": null,
        "dateofplanting": 1743480000000,
        "picture2019": null,
        "last_edited_user": "kmulcahy",
        "commonname": "Saucer Magnolia",
        "picture2018": null,
        "spieces": "Magnolia x soulangeana",
        "last_edited_date": 1764107217000,
        "created_date": 1764107217000,
        "objectid": 510,
        "propertyowner": "COFB",
        "lat": null,
        "height": "5 ft",
        "longitude": null
      }
    },
    {
      "geometry": {
        "type": "Point",
        "coordinates": [
          -81.45053908248626,
          30.68588622725889
        ],
        "crs": null
      },
      "id": 441,
      "type": "Feature",
      "properties": {
        "fulladdress": "1321 N 14th St",
        "created_user": "kmulcahy",
        "latitude": null,
        "globalid": "{BE066D6C-67CA-44FD-853D-E3938CBAFF0E}",
        "picture2023": null,
        "parcelnumber": "00-00-31-1800-0250-0010",
        "picture2022": null,
        "dbh": "2\"",
        "picture2021": null,
        "long": null,
        "picture2020": null,
        "dateofplanting": 1713326400000,
        "picture2019": null,
        "last_edited_user": "kmulcahy",
        "commonname": "Drake Elm",
        "picture2018": null,
        "spieces": "Ulmus parvifolia",
        "last_edited_date": 1764107217000,
        "created_date": 1764107217000,
        "objectid": 441,
        "propertyowner": "COFB Bosque Bello",
        "lat": null,
        "height": "8 ft",
        "longitude": null
      }
    },
    {
      "geometry": {
        "type": "Point",
        "coordinates": [
          -81.45884299398833,
          30.668093467744118
        ],
        "crs": null
      },
      "id": 450,
      "type": "Feature",
      "properties": {
        "fulladdress": "202 S 8th St",
        "created_user": "kmulcahy",
        "latitude": null,
        "globalid": "{1EF2CBFB-D3C6-4DB9-9385-F9CDDE399203}",
        "picture2023": null,
        "parcelnumber": "00-00-31-1800-0047-0010",
        "picture2022": null,
        "dbh": "1.5\"",
        "picture2021": null,
        "long": null,
        "picture2020": null,
        "dateofplanting": 1726632000000,
        "picture2019": null,
        "last_edited_user": "kmulcahy",
        "commonname": "\"Tonto\" Crape Myrtle",
        "picture2018": null,
        "spieces": "Lagerstroemia indica x fauriei 'Tonto'",
        "last_edited_date": 1764107217000,
        "created_date": 1764107217000,
        "objectid": 450,
        "propertyowner": "COFB ROW",
        "lat": null,
        "height": "5 ft",
        "longitude": null
      }
    },
    {
      "geometry": {
        "type": "Point",
        "coordinates": [
          -81.45177184773719,
          30.684408146316837
        ],
        "crs": null
      },
      "id": 475,
      "type": "Feature",
      "properties": {
        "fulladdress": "1321 N 14th St",
        "created_user": "kmulcahy",
        "latitude": null,
        "globalid": "{012E68BF-25C4-403B-BEDF-EFC4825BD9DB}",
        "picture2023": null,
        "parcelnumber": "00-00-31-1800-0225-0400",
        "picture2022": null,
        "dbh": "1.5\"",
        "picture2021": null,
        "long": null,
        "picture2020": null,
        "dateofplanting": 1736917200000,
        "picture2019": null,
        "last_edited_user": "kmulcahy",
        "commonname": "Brodie Red Cedar",
        "picture2018": null,
        "spieces": "Juniperus virginiana \"Brodie\"",
        "last_edited_date": 1764107217000,
        "created_date": 1764107217000,
        "objectid": 475,
        "propertyowner": "COFB",
        "lat": null,
        "height": "5 ft",
        "longitude": null
      }
    },
    {
      "geometry": {
        "type": "Point",
        "coordinates": [
          -81.4582850943828,
          30.66804617314705
        ],
        "crs": null
      },
      "id": 464,
      "type": "Feature",
      "properties": {
        "fulladdress": "202 S 9th St",
        "created_user": "kmulcahy",
        "latitude": null,
        "globalid": "{ACF635DF-4649-4C85-82E9-E433E729F434}",
        "picture2023": null,
        "parcelnumber": "00-00-31-1800-0048-0010",
        "picture2022": null,
        "dbh": "2.5\"",
        "picture2021": null,
        "long": null,
        "picture2020": null,
        "dateofplanting": 1733202000000,
        "picture2019": null,
        "last_edited_user": "kmulcahy",
        "commonname": "Live Oak",
        "picture2018": null,
        "spieces": "Quercus virginiana",
        "last_edited_date": 1764107217000,
        "created_date": 1764107217000,
        "objectid": 464,
        "propertyowner": "COFB",
        "lat": null,
        "height": "7 ft",
        "longitude": null
      }
    },
    {
      "geometry": {
        "type": "Point",
        "coordinates": [
          -81.45858550179359,
          30.672765162611917
        ],
        "crs": null
      },
      "id": 496,
      "type": "Feature",
      "properties": {
        "fulladdress": "N 8th St ROW",
        "created_user": "kmulcahy",
        "latitude": null,
        "globalid": "{16CF1A4A-C8D9-4088-B29E-BAAC64B0A639}",
        "picture2023": null,
        "parcelnumber": "00-00-31-1800-0069-0010",
        "picture2022": null,
        "dbh": "1.5\"",
        "picture2021": null,
        "long": null,
        "picture2020": null,
        "dateofplanting": 1743480000000,
        "picture2019": null,
        "last_edited_user": "kmulcahy",
        "commonname": "Saucer Magnolia",
        "picture2018": null,
        "spieces": "Magnolia x soulangeana",
        "last_edited_date": 1764107217000,
        "created_date": 1764107217000,
        "objectid": 496,
        "propertyowner": "COFB",
        "lat": null,
        "height": "5 ft",
        "longitude": null
      }
    },
    {
      "geometry": {
        "type": "Point",
        "coordinates": [
          -81.45763063576571,
          30.668077318089427
        ],
        "crs": null
      },
      "id": 458,
      "type": "Feature",
      "properties": {
        "fulladdress": "905 Beech St",
        "created_user": "kmulcahy",
        "latitude": null,
        "globalid": "{08BDB8A0-A6D0-4586-A1CD-40B5CBD6BE7C}",
        "picture2023": null,
        "parcelnumber": "00-00-31-1800-0049-0041",
        "picture2022": null,
        "dbh": "1.5\"",
        "picture2021": null,
        "long": null,
        "picture2020": null,
        "dateofplanting": 1726632000000,
        "picture2019": null,
        "last_edited_user": "kmulcahy",
        "commonname": "\"Tonto\" Crape Myrtle",
        "picture2018": null,
        "spieces": "Lagerstroemia indica x fauriei 'Tonto'",
        "last_edited_date": 1764107217000,
        "created_date": 1764107217000,
        "objectid": 458,
        "propertyowner": "COFB ROW",
        "lat": null,
        "height": "5 ft",
        "longitude": null
      }
    },
    {
      "geometry": {
        "type": "Point",
        "coordinates": [
          -81.45847284856538,
          30.673448019298366
        ],
        "crs": null
      },
      "id": 509,
      "type": "Feature",
      "properties": {
        "fulladdress": "N 8th St ROW",
        "created_user": "kmulcahy",
        "latitude": null,
        "globalid": "{2A4EFB2E-1E69-41BF-9ECD-5258AEA9772E}",
        "picture2023": null,
        "parcelnumber": "00-00-31-1800-0068-0050",
        "picture2022": null,
        "dbh": "1.5\"",
        "picture2021": null,
        "long": null,
        "picture2020": null,
        "dateofplanting": 1743480000000,
        "picture2019": null,
        "last_edited_user": "kmulcahy",
        "commonname": "Saucer Magnolia",
        "picture2018": null,
        "spieces": "Magnolia x soulangeana",
        "last_edited_date": 1764107217000,
        "created_date": 1764107217000,
        "objectid": 509,
        "propertyowner": "COFB",
        "lat": null,
        "height": "5 ft",
        "longitude": null
      }
    },
    {
      "geometry": {
        "type": "Point",
        "coordinates": [
          -81.4608834470876,
          30.667627439285763
        ],
        "crs": null
      },
      "id": 471,
      "type": "Feature",
      "properties": {
        "fulladdress": "220 S 6th St",
        "created_user": "kmulcahy",
        "latitude": null,
        "globalid": "{A64076EA-6490-46D7-9356-10D55389D2C8}",
        "picture2023": null,
        "parcelnumber": "00-00-31-1800-0039-0030",
        "picture2022": null,
        "dbh": "2.5\"",
        "picture2021": null,
        "long": null,
        "picture2020": null,
        "dateofplanting": 1733202000000,
        "picture2019": null,
        "last_edited_user": "kmulcahy",
        "commonname": "Live Oak",
        "picture2018": null,
        "spieces": "Quercus virginiana",
        "last_edited_date": 1764107217000,
        "created_date": 1764107217000,
        "objectid": 471,
        "propertyowner": "COFB",
        "lat": null,
        "height": "7 ft",
        "longitude": null
      }
    },
    {
      "geometry": {
        "type": "Point",
        "coordinates": [
          -81.45978883823581,
          30.669393944578232
        ],
        "crs": null
      },
      "id": 484,
      "type": "Feature",
      "properties": {
        "fulladdress": "102 S 7th St",
        "created_user": "kmulcahy",
        "latitude": null,
        "globalid": "{BA6996F6-603D-4A9F-BAEB-1148A637BDA3}",
        "picture2023": null,
        "parcelnumber": "00-00-31-1800-0041-0011",
        "picture2022": null,
        "dbh": "2\"",
        "picture2021": null,
        "long": null,
        "picture2020": null,
        "dateofplanting": 1737090000000,
        "picture2019": null,
        "last_edited_user": "kmulcahy",
        "commonname": "Crape Myrtle Twilight",
        "picture2018": null,
        "spieces": "Lagerstoremia indica \"Twilight\"",
        "last_edited_date": 1764107217000,
        "created_date": 1764107217000,
        "objectid": 484,
        "propertyowner": "COFB",
        "lat": null,
        "height": "5 ft",
        "longitude": null
      }
    },
    {
      "geometry": {
        "type": "Point",
        "coordinates": [
          -81.45835483149664,
          30.674347720603453
        ],
        "crs": null
      },
      "id": 502,
      "type": "Feature",
      "properties": {
        "fulladdress": "N 8th St ROW",
        "created_user": "kmulcahy",
        "latitude": null,
        "globalid": "{1488F2B1-9EA0-4585-83AD-93A1ED2F18C7}",
        "picture2023": null,
        "parcelnumber": "00-00-31-1800-0068-0050",
        "picture2022": null,
        "dbh": "1.5\"",
        "picture2021": null,
        "long": null,
        "picture2020": null,
        "dateofplanting": 1743480000000,
        "picture2019": null,
        "last_edited_user": "kmulcahy",
        "commonname": "Saucer Magnolia",
        "picture2018": null,
        "spieces": "Magnolia x soulangeana",
        "last_edited_date": 1764107217000,
        "created_date": 1764107217000,
        "objectid": 502,
        "propertyowner": "COFB",
        "lat": null,
        "height": "5 ft",
        "longitude": null
      }
    },
    {
      "geometry": {
        "type": "Point",
        "coordinates": [
          -81.45046645549218,
          30.68557483016925
        ],
        "crs": null
      },
      "id": 430,
      "type": "Feature",
      "properties": {
        "fulladdress": "1321 N 14th St",
        "created_user": "kmulcahy",
        "latitude": null,
        "globalid": "{75C3F0CD-DEC2-476C-9475-907444907009}",
        "picture2023": null,
        "parcelnumber": "00-00-31-1800-0250-0010",
        "picture2022": null,
        "dbh": "2\"",
        "picture2021": null,
        "long": null,
        "picture2020": null,
        "dateofplanting": 1711425600000,
        "picture2019": null,
        "last_edited_user": "kmulcahy",
        "commonname": "Southern Magnolia",
        "picture2018": null,
        "spieces": "Magnolia grandiflora",
        "last_edited_date": 1764107217000,
        "created_date": 1764107217000,
        "objectid": 430,
        "propertyowner": "COFB",
        "lat": null,
        "height": "6 ft",
        "longitude": null
      }
    },
    {
      "geometry": {
        "type": "Point",
        "coordinates": [
          -81.45869010791348,
          30.67213074804603
        ],
        "crs": null
      },
      "id": 491,
      "type": "Feature",
      "properties": {
        "fulladdress": "N 8th St ROW",
        "created_user": "kmulcahy",
        "latitude": null,
        "globalid": "{16242352-B68F-46BC-A33F-08D978B6B6BB}",
        "picture2023": null,
        "parcelnumber": "00-00-31-1800-0069-0010",
        "picture2022": null,
        "dbh": "1.5\"",
        "picture2021": null,
        "long": null,
        "picture2020": null,
        "dateofplanting": 1743480000000,
        "picture2019": null,
        "last_edited_user": "kmulcahy",
        "commonname": "Saucer Magnolia",
        "picture2018": null,
        "spieces": "Magnolia \u00d7 soulangeana",
        "last_edited_date": 1764107217000,
        "created_date": 1764107217000,
        "objectid": 491,
        "propertyowner": "COFB",
        "lat": null,
        "height": "5 ft",
        "longitude": null
      }
    },
    {
      "geometry": {
        "type": "Point",
        "coordinates": [
          -81.45056972042735,
          30.685720148318016
        ],
        "crs": null
      },
      "id": 431,
      "type": "Feature",
      "properties": {
        "fulladdress": "1321 N 14th St",
        "created_user": "kmulcahy",
        "latitude": null,
        "globalid": "{C1286456-FFAD-4A77-8E12-0A7B6CA67FA0}",
        "picture2023": null,
        "parcelnumber": "00-00-31-1800-0250-0010",
        "picture2022": null,
        "dbh": "2\"",
        "picture2021": null,
        "long": null,
        "picture2020": null,
        "dateofplanting": 1711425600000,
        "picture2019": null,
        "last_edited_user": "kmulcahy",
        "commonname": "Southern Magnolia",
        "picture2018": null,
        "spieces": "Magnolia grandiflora",
        "last_edited_date": 1764107217000,
        "created_date": 1764107217000,
        "objectid": 431,
        "propertyowner": "COFB",
        "lat": null,
        "height": "6 ft",
        "longitude": null
      }
    },
    {
      "geometry": {
        "type": "Point",
        "coordinates": [
          -81.45252102741279,
          30.64422161815583
        ],
        "crs": null
      },
      "id": 442,
      "type": "Feature",
      "properties": {
        "fulladdress": "1556 Ruskin St",
        "created_user": "kmulcahy",
        "latitude": null,
        "globalid": "{D0A559E6-F30E-4AD7-9AFD-349E5BA79F6E}",
        "picture2023": null,
        "parcelnumber": "00-00-31-102P-0016-06A0",
        "picture2022": null,
        "dbh": "2\"",
        "picture2021": null,
        "long": null,
        "picture2020": null,
        "dateofplanting": 1713326400000,
        "picture2019": null,
        "last_edited_user": "kmulcahy",
        "commonname": "Crape Myrtle Muskogee",
        "picture2018": null,
        "spieces": "Lagerstroemia indica",
        "last_edited_date": 1764107217000,
        "created_date": 1764107217000,
        "objectid": 442,
        "propertyowner": "COFB ROW",
        "lat": null,
        "height": "6 ft",
        "longitude": null
      }
    },
    {
      "geometry": {
        "type": "Point",
        "coordinates": [
          -81.45837897192324,
          30.674211612026767
        ],
        "crs": null
      },
      "id": 503,
      "type": "Feature",
      "properties": {
        "fulladdress": "N 8th St ROW",
        "created_user": "kmulcahy",
        "latitude": null,
        "globalid": "{218B1E35-EB88-400F-AC1B-47E8871E63FA}",
        "picture2023": null,
        "parcelnumber": "00-00-31-1800-0068-0050",
        "picture2022": null,
        "dbh": "1.5\"",
        "picture2021": null,
        "long": null,
        "picture2020": null,
        "dateofplanting": 1743480000000,
        "picture2019": null,
        "last_edited_user": "kmulcahy",
        "commonname": "Saucer Magnolia",
        "picture2018": null,
        "spieces": "Magnolia x soulangeana",
        "last_edited_date": 1764107217000,
        "created_date": 1764107217000,
        "objectid": 503,
        "propertyowner": "COFB",
        "lat": null,
        "height": "5 ft",
        "longitude": null
      }
    },
    {
      "geometry": {
        "type": "Point",
        "coordinates": [
          -81.45898917413956,
          30.668235352169113
        ],
        "crs": null
      },
      "id": 451,
      "type": "Feature",
      "properties": {
        "fulladdress": "801 Beech St",
        "created_user": "kmulcahy",
        "latitude": null,
        "globalid": "{BB31DFFE-928D-46A6-A972-2A97E38D3AF2}",
        "picture2023": null,
        "parcelnumber": "00-00-31-1800-0046-0040",
        "picture2022": null,
        "dbh": "1.5\"",
        "picture2021": null,
        "long": null,
        "picture2020": null,
        "dateofplanting": 1726632000000,
        "picture2019": null,
        "last_edited_user": "kmulcahy",
        "commonname": "\"Tonto\" Crape Myrtle",
        "picture2018": null,
        "spieces": "Lagerstroemia indica x fauriei 'Tonto'",
        "last_edited_date": 1764107217000,
        "created_date": 1764107217000,
        "objectid": 451,
        "propertyowner": "COFB ROW",
        "lat": null,
        "height": "5 ft",
        "longitude": null
      }
    },
    {
      "geometry": {
        "type": "Point",
        "coordinates": [
          -81.45382320189245,
          30.667864491025714
        ],
        "crs": null
      },
      "id": 465,
      "type": "Feature",
      "properties": {
        "fulladdress": "1200 Atlantic Ave",
        "created_user": "kmulcahy",
        "latitude": null,
        "globalid": "{3CE94027-5584-4BEB-8478-CEBD70976FA1}",
        "picture2023": null,
        "parcelnumber": "00-00-31-1800-0217-00CP",
        "picture2022": null,
        "dbh": "2.5\"",
        "picture2021": null,
        "long": null,
        "picture2020": null,
        "dateofplanting": 1733202000000,
        "picture2019": null,
        "last_edited_user": "kmulcahy",
        "commonname": "Live Oak",
        "picture2018": null,
        "spieces": "Quercus virginiana",
        "last_edited_date": 1764107217000,
        "created_date": 1764107217000,
        "objectid": 465,
        "propertyowner": "COFB",
        "lat": null,
        "height": "7 ft",
        "longitude": null
      }
    },
    {
      "geometry": {
        "type": "Point",
        "coordinates": [
          -81.4598035903694,
          30.669300509448938
        ],
        "crs": null
      },
      "id": 485,
      "type": "Feature",
      "properties": {
        "fulladdress": "102 S 7th St",
        "created_user": "kmulcahy",
        "latitude": null,
        "globalid": "{105D7543-A99D-483F-8315-1D6DDB7E01CC}",
        "picture2023": null,
        "parcelnumber": "00-00-31-1800-0041-0011",
        "picture2022": null,
        "dbh": "2\"",
        "picture2021": null,
        "long": null,
        "picture2020": null,
        "dateofplanting": 1737090000000,
        "picture2019": null,
        "last_edited_user": "kmulcahy",
        "commonname": "Crape Myrtle Twilight",
        "picture2018": null,
        "spieces": "Lagerstroemia indica \"Twilight\"",
        "last_edited_date": 1764107217000,
        "created_date": 1764107217000,
        "objectid": 485,
        "propertyowner": "COFB",
        "lat": null,
        "height": "5 ft",
        "longitude": null
      }
    },
    {
      "geometry": {
        "type": "Point",
        "coordinates": [
          -81.45150630933247,
          30.68482334723011
        ],
        "crs": null
      },
      "id": 476,
      "type": "Feature",
      "properties": {
        "fulladdress": "1321 N 14th St",
        "created_user": "kmulcahy",
        "latitude": null,
        "globalid": "{37AB7693-C0EF-4A0C-85DB-8B3AF41559B8}",
        "picture2023": null,
        "parcelnumber": "00-00-31-1800-0225-0400",
        "picture2022": null,
        "dbh": "1.5\"",
        "picture2021": null,
        "long": null,
        "picture2020": null,
        "dateofplanting": 1736917200000,
        "picture2019": null,
        "last_edited_user": "kmulcahy",
        "commonname": "Brodie Red Cedar",
        "picture2018": null,
        "spieces": "Juniperus virginiana \"Brodie\"",
        "last_edited_date": 1764107217000,
        "created_date": 1764107217000,
        "objectid": 476,
        "propertyowner": "COFB",
        "lat": null,
        "height": "5 ft",
        "longitude": null
      }
    },
    {
      "geometry": {
        "type": "Point",
        "coordinates": [
          -81.46307145925209,
          30.665115000327773
        ],
        "crs": null
      },
      "id": 472,
      "type": "Feature",
      "properties": {
        "fulladdress": "315 Elm St",
        "created_user": "kmulcahy",
        "latitude": null,
        "globalid": "{52C7F317-B964-42D8-9828-F99B6F738A8D}",
        "picture2023": null,
        "parcelnumber": "00-00-31-1800-0279-0170",
        "picture2022": null,
        "dbh": "2\"",
        "picture2021": null,
        "long": null,
        "picture2020": null,
        "dateofplanting": 1733202000000,
        "picture2019": null,
        "last_edited_user": "kmulcahy",
        "commonname": "Crape Myrtle Musckogee",
        "picture2018": null,
        "spieces": "Lagestromia muskogee",
        "last_edited_date": 1764107217000,
        "created_date": 1764107217000,
        "objectid": 472,
        "propertyowner": "COFB",
        "lat": null,
        "height": "6 ft",
        "longitude": null
      }
    },
    {
      "geometry": {
        "type": "Point",
        "coordinates": [
          -81.45856404373642,
          30.672901273226625
        ],
        "crs": null
      },
      "id": 497,
      "type": "Feature",
      "properties": {
        "fulladdress": "N 8th St ROW",
        "created_user": "kmulcahy",
        "latitude": null,
        "globalid": "{3EC238CB-3EA2-4F89-AA37-2E500403C1AD}",
        "picture2023": null,
        "parcelnumber": "00-00-31-1800-0069-0010",
        "picture2022": null,
        "dbh": "1.5\"",
        "picture2021": null,
        "long": null,
        "picture2020": null,
        "dateofplanting": 1743480000000,
        "picture2019": null,
        "last_edited_user": "kmulcahy",
        "commonname": "Saucer Magnolia",
        "picture2018": null,
        "spieces": "Magnolia x soulangeana",
        "last_edited_date": 1764107217000,
        "created_date": 1764107217000,
        "objectid": 497,
        "propertyowner": "COFB",
        "lat": null,
        "height": "5 ft",
        "longitude": null
      }
    },
    {
      "geometry": {
        "type": "Point",
        "coordinates": [
          -81.46011606754435,
          30.669644257807153
        ],
        "crs": null
      },
      "id": 478,
      "type": "Feature",
      "properties": {
        "fulladdress": "27 S 7th St",
        "created_user": "kmulcahy",
        "latitude": null,
        "globalid": "{1173E362-E5D2-4A83-B0AD-965F8259B2CB}",
        "picture2023": null,
        "parcelnumber": "00-00-31-1800-0037-0050",
        "picture2022": null,
        "dbh": "2\"",
        "picture2021": null,
        "long": null,
        "picture2020": null,
        "dateofplanting": 1737090000000,
        "picture2019": null,
        "last_edited_user": "kmulcahy",
        "commonname": "Crape Myrtle Twilight",
        "picture2018": null,
        "spieces": "Lagerstroemia indica \"Twilight\"",
        "last_edited_date": 1764107217000,
        "created_date": 1764107217000,
        "objectid": 478,
        "propertyowner": "COFB",
        "lat": null,
        "height": "5 ft",
        "longitude": null
      }
    },
    {
      "geometry": {
        "type": "Point",
        "coordinates": [
          -81.45839506524156,
          30.67403628630631
        ],
        "crs": null
      },
      "id": 511,
      "type": "Feature",
      "properties": {
        "fulladdress": "N 8th St ROW",
        "created_user": "kmulcahy",
        "latitude": null,
        "globalid": "{FA20AA51-FB25-4B6C-BCDB-791116A2A19F}",
        "picture2023": null,
        "parcelnumber": "00-00-31-1800-0068-0050",
        "picture2022": null,
        "dbh": "2\"",
        "picture2021": null,
        "long": null,
        "picture2020": null,
        "dateofplanting": 1743480000000,
        "picture2019": null,
        "last_edited_user": "kmulcahy",
        "commonname": "Dahoon Holly",
        "picture2018": null,
        "spieces": "Ilex cassine",
        "last_edited_date": 1764107217000,
        "created_date": 1764107217000,
        "objectid": 511,
        "propertyowner": "COFB",
        "lat": null,
        "height": "7 ft",
        "longitude": null
      }
    },
    {
      "geometry": {
        "type": "Point",
        "coordinates": [
          -81.45114237216646,
          30.68550447702821
        ],
        "crs": null
      },
      "id": 432,
      "type": "Feature",
      "properties": {
        "fulladdress": "1321 N 14th St",
        "created_user": "kmulcahy",
        "latitude": null,
        "globalid": "{2E119213-E0ED-4138-84D9-648306BD4434}",
        "picture2023": null,
        "parcelnumber": "00-00-31-1800-0250-0010",
        "picture2022": null,
        "dbh": "2\"",
        "picture2021": null,
        "long": null,
        "picture2020": null,
        "dateofplanting": 1711425600000,
        "picture2019": null,
        "last_edited_user": "kmulcahy",
        "commonname": "Southern Magnolia",
        "picture2018": null,
        "spieces": "Magnolia grandiflora",
        "last_edited_date": 1764107217000,
        "created_date": 1764107217000,
        "objectid": 432,
        "propertyowner": "COFB",
        "lat": null,
        "height": "6 ft",
        "longitude": null
      }
    },
    {
      "geometry": {
        "type": "Point",
        "coordinates": [
          -81.45010972101812,
          30.685772047824614
        ],
        "crs": null
      },
      "id": 433,
      "type": "Feature",
      "properties": {
        "fulladdress": "1321 N 14th St",
        "created_user": "kmulcahy",
        "latitude": null,
        "globalid": "{29C94400-5C1E-4315-B0C8-0E542BA9B67B}",
        "picture2023": null,
        "parcelnumber": "00-00-31-1800-0250-0010",
        "picture2022": null,
        "dbh": "2\"",
        "picture2021": null,
        "long": null,
        "picture2020": null,
        "dateofplanting": 1711425600000,
        "picture2019": null,
        "last_edited_user": "kmulcahy",
        "commonname": "Shumard Oak",
        "picture2018": null,
        "spieces": "Quercus shumardii",
        "last_edited_date": 1764107217000,
        "created_date": 1764107217000,
        "objectid": 433,
        "propertyowner": "COFB",
        "lat": null,
        "height": "6 ft",
        "longitude": null
      }
    },
    {
      "geometry": {
        "type": "Point",
        "coordinates": [
          -81.45136901801096,
          30.685405291280055
        ],
        "crs": null
      },
      "id": 436,
      "type": "Feature",
      "properties": {
        "fulladdress": "1321 N 14th St",
        "created_user": "kmulcahy",
        "latitude": null,
        "globalid": "{3B0E795E-C2C8-4EA5-A3C4-612CE6BEB1C8}",
        "picture2023": null,
        "parcelnumber": "00-00-31-1800-0250-0010",
        "picture2022": null,
        "dbh": "2\"",
        "picture2021": null,
        "long": null,
        "picture2020": null,
        "dateofplanting": 1711425600000,
        "picture2019": null,
        "last_edited_user": "kmulcahy",
        "commonname": "Shumard Oak",
        "picture2018": null,
        "spieces": "Quercus shumardii",
        "last_edited_date": 1764107217000,
        "created_date": 1764107217000,
        "objectid": 436,
        "propertyowner": "COFB",
        "lat": null,
        "height": "6 ft",
        "longitude": null
      }
    },
    {
      "geometry": {
        "type": "Point",
        "coordinates": [
          -81.46003157829693,
          30.669639643473676
        ],
        "crs": null
      },
      "id": 479,
      "type": "Feature",
      "properties": {
        "fulladdress": "27 S 7th St",
        "created_user": "kmulcahy",
        "latitude": null,
        "globalid": "{CA302924-6813-49B1-BC0D-C2E35680EA4F}",
        "picture2023": null,
        "parcelnumber": "00-00-31-1800-0037-0050",
        "picture2022": null,
        "dbh": "2\"",
        "picture2021": null,
        "long": null,
        "picture2020": null,
        "dateofplanting": 1737090000000,
        "picture2019": null,
        "last_edited_user": "kmulcahy",
        "commonname": "Crape Myrtle Twilight",
        "picture2018": null,
        "spieces": "Lagerstroemia indica \"Twilight\"",
        "last_edited_date": 1764107217000,
        "created_date": 1764107217000,
        "objectid": 479,
        "propertyowner": "COFB",
        "lat": null,
        "height": "5 ft",
        "longitude": null
      }
    },
    {
      "geometry": {
        "type": "Point",
        "coordinates": [
          -81.45855867989584,
          30.67299124424344
        ],
        "crs": null
      },
      "id": 498,
      "type": "Feature",
      "properties": {
        "fulladdress": "N 8th St ROW",
        "created_user": "kmulcahy",
        "latitude": null,
        "globalid": "{09AC2882-2B0B-499D-9565-B21E8ADC3022}",
        "picture2023": null,
        "parcelnumber": "00-00-31-1800-0069-0010",
        "picture2022": null,
        "dbh": "1.5\"",
        "picture2021": null,
        "long": null,
        "picture2020": null,
        "dateofplanting": 1743480000000,
        "picture2019": null,
        "last_edited_user": "kmulcahy",
        "commonname": "Saucer Magnolia",
        "picture2018": null,
        "spieces": "Magnolia x soulangeana",
        "last_edited_date": 1764107217000,
        "created_date": 1764107217000,
        "objectid": 498,
        "propertyowner": "COFB",
        "lat": null,
        "height": "5 ft",
        "longitude": null
      }
    },
    {
      "geometry": {
        "type": "Point",
        "coordinates": [
          -81.45058313137623,
          30.68558636332686
        ],
        "crs": null
      },
      "id": 434,
      "type": "Feature",
      "properties": {
        "fulladdress": "1321 N 14th St",
        "created_user": "kmulcahy",
        "latitude": null,
        "globalid": "{C65249EE-F557-458A-BA71-148F189D05A1}",
        "picture2023": null,
        "parcelnumber": "00-00-31-1800-0250-0010",
        "picture2022": null,
        "dbh": "2\"",
        "picture2021": null,
        "long": null,
        "picture2020": null,
        "dateofplanting": 1711425600000,
        "picture2019": null,
        "last_edited_user": "kmulcahy",
        "commonname": "Shumard Oak",
        "picture2018": null,
        "spieces": "Quercus shumardii",
        "last_edited_date": 1764107217000,
        "created_date": 1764107217000,
        "objectid": 434,
        "propertyowner": "COFB",
        "lat": null,
        "height": "6 ft",
        "longitude": null
      }
    },
    {
      "geometry": {
        "type": "Point",
        "coordinates": [
          -81.45245263058537,
          30.64425738632081
        ],
        "crs": null
      },
      "id": 443,
      "type": "Feature",
      "properties": {
        "fulladdress": "1556 Ruskin St",
        "created_user": "kmulcahy",
        "latitude": null,
        "globalid": "{6198DB8C-5978-4475-8753-8CBE8D1E53CA}",
        "picture2023": null,
        "parcelnumber": "00-00-31-102P-0016-06A0",
        "picture2022": null,
        "dbh": "2\"",
        "picture2021": null,
        "long": null,
        "picture2020": null,
        "dateofplanting": 1713326400000,
        "picture2019": null,
        "last_edited_user": "kmulcahy",
        "commonname": "Crape Myrtle Muskogee",
        "picture2018": null,
        "spieces": "Lagerstroemia indica",
        "last_edited_date": 1764107217000,
        "created_date": 1764107217000,
        "objectid": 443,
        "propertyowner": "COFB ROW",
        "lat": null,
        "height": "6 ft",
        "longitude": null
      }
    },
    {
      "geometry": {
        "type": "Point",
        "coordinates": [
          -81.45893284797461,
          30.6682215097388
        ],
        "crs": null
      },
      "id": 452,
      "type": "Feature",
      "properties": {
        "fulladdress": "801 Beech St",
        "created_user": "kmulcahy",
        "latitude": null,
        "globalid": "{3C1F10E5-46FA-40A8-9277-EA317698D18E}",
        "picture2023": null,
        "parcelnumber": "00-00-31-1800-0046-0040",
        "picture2022": null,
        "dbh": "1.5\"",
        "picture2021": null,
        "long": null,
        "picture2020": null,
        "dateofplanting": 1726632000000,
        "picture2019": null,
        "last_edited_user": "kmulcahy",
        "commonname": "\"Tonto Crape Myrtle",
        "picture2018": null,
        "spieces": "Lagerstroemia indica x fauriei 'Tonto'",
        "last_edited_date": 1764107217000,
        "created_date": 1764107217000,
        "objectid": 452,
        "propertyowner": "COFB ROW",
        "lat": null,
        "height": "5 ft",
        "longitude": null
      }
    },
    {
      "geometry": {
        "type": "Point",
        "coordinates": [
          -81.45380442710301,
          30.667746830239775
        ],
        "crs": null
      },
      "id": 466,
      "type": "Feature",
      "properties": {
        "fulladdress": "1200 Atlantic Ave",
        "created_user": "kmulcahy",
        "latitude": null,
        "globalid": "{141BDB27-216D-4D20-9EFF-6F57527BA5A1}",
        "picture2023": null,
        "parcelnumber": "00-00-31-1800-0217-00CP",
        "picture2022": null,
        "dbh": "2.5\"",
        "picture2021": null,
        "long": null,
        "picture2020": null,
        "dateofplanting": 1733202000000,
        "picture2019": null,
        "last_edited_user": "kmulcahy",
        "commonname": "Live Oak",
        "picture2018": null,
        "spieces": "Quercus virginiana",
        "last_edited_date": 1764107217000,
        "created_date": 1764107217000,
        "objectid": 466,
        "propertyowner": "COFB",
        "lat": null,
        "height": "7 ft",
        "longitude": null
      }
    },
    {
      "geometry": {
        "type": "Point",
        "coordinates": [
          -81.45061263564344,
          30.685362617969187
        ],
        "crs": null
      },
      "id": 435,
      "type": "Feature",
      "properties": {
        "fulladdress": "1321 N 14th St",
        "created_user": "kmulcahy",
        "latitude": null,
        "globalid": "{FCBCCAA6-CBCB-4AE1-A29F-744D1B2AD61E}",
        "picture2023": null,
        "parcelnumber": "00-00-31-1800-0250-0010",
        "picture2022": null,
        "dbh": "2\"",
        "picture2021": null,
        "long": null,
        "picture2020": null,
        "dateofplanting": 1711425600000,
        "picture2019": null,
        "last_edited_user": "kmulcahy",
        "commonname": "Shumard Oak",
        "picture2018": null,
        "spieces": "Quercus shumardii",
        "last_edited_date": 1764107217000,
        "created_date": 1764107217000,
        "objectid": 435,
        "propertyowner": "COFB",
        "lat": null,
        "height": "6 ft",
        "longitude": null
      }
    },
    {
      "geometry": {
        "type": "Point",
        "coordinates": [
          -81.45865792127685,
          30.67230146379132
        ],
        "crs": null
      },
      "id": 492,
      "type": "Feature",
      "properties": {
        "fulladdress": "N 8th St ROW",
        "created_user": "kmulcahy",
        "latitude": null,
        "globalid": "{8FCAE1B3-CA00-4224-A964-1EAFA9328BB6}",
        "picture2023": null,
        "parcelnumber": "00-00-31-1800-0069-0010",
        "picture2022": null,
        "dbh": "1.5\"",
        "picture2021": null,
        "long": null,
        "picture2020": null,
        "dateofplanting": 1743480000000,
        "picture2019": null,
        "last_edited_user": "kmulcahy",
        "commonname": "Saucer Magnolia",
        "picture2018": null,
        "spieces": "Magnolia x soulangeana",
        "last_edited_date": 1764107217000,
        "created_date": 1764107217000,
        "objectid": 492,
        "propertyowner": "COFB",
        "lat": null,
        "height": "5 ft",
        "longitude": null
      }
    },
    {
      "geometry": {
        "type": "Point",
        "coordinates": [
          -81.45112811769954,
          30.685003266968405
        ],
        "crs": null
      },
      "id": 477,
      "type": "Feature",
      "properties": {
        "fulladdress": "1321 N 14th St",
        "created_user": "kmulcahy",
        "latitude": null,
        "globalid": "{354DC771-B8DC-46CF-9755-F7DBCCD61ACB}",
        "picture2023": null,
        "parcelnumber": "00-00-31-1800-0225-0400",
        "picture2022": null,
        "dbh": "1.5\"",
        "picture2021": null,
        "long": null,
        "picture2020": null,
        "dateofplanting": 1736917200000,
        "picture2019": null,
        "last_edited_user": "kmulcahy",
        "commonname": "Brodie Red Cedar",
        "picture2018": null,
        "spieces": "Juniperus virginiana \"Brodie\"",
        "last_edited_date": 1764107217000,
        "created_date": 1764107217000,
        "objectid": 477,
        "propertyowner": "COFB",
        "lat": null,
        "height": "5 ft",
        "longitude": null
      }
    },
    {
      "geometry": {
        "type": "Point",
        "coordinates": [
          -81.45239362205098,
          30.644286231929588
        ],
        "crs": null
      },
      "id": 444,
      "type": "Feature",
      "properties": {
        "fulladdress": "1556 Ruskin St",
        "created_user": "kmulcahy",
        "latitude": null,
        "globalid": "{F535B623-E9C3-4751-A347-53542D5C69E3}",
        "picture2023": null,
        "parcelnumber": "00-00-31-102P-0016-06A0",
        "picture2022": null,
        "dbh": "2\"",
        "picture2021": null,
        "long": null,
        "picture2020": null,
        "dateofplanting": 1713326400000,
        "picture2019": null,
        "last_edited_user": "kmulcahy",
        "commonname": "Crape Myrtle Muskogee",
        "picture2018": null,
        "spieces": "Lagerstroemia indica",
        "last_edited_date": 1764107217000,
        "created_date": 1764107217000,
        "objectid": 444,
        "propertyowner": "COFB ROW",
        "lat": null,
        "height": "6 ft",
        "longitude": null
      }
    },
    {
      "geometry": {
        "type": "Point",
        "coordinates": [
          -81.46012545583739,
          30.669539287847282
        ],
        "crs": null
      },
      "id": 486,
      "type": "Feature",
      "properties": {
        "fulladdress": "614 Ash St",
        "created_user": "kmulcahy",
        "latitude": null,
        "globalid": "{BB6F4CCF-505C-4421-82B5-2EB00D2C43A1}",
        "picture2023": null,
        "parcelnumber": "00-00-31-1800-0038-0080",
        "picture2022": null,
        "dbh": "2\"",
        "picture2021": null,
        "long": null,
        "picture2020": null,
        "dateofplanting": 1737090000000,
        "picture2019": null,
        "last_edited_user": "kmulcahy",
        "commonname": "Crape Myrtle Twilight",
        "picture2018": null,
        "spieces": "Lagerstoremia indica \"Twilight\"",
        "last_edited_date": 1764107217000,
        "created_date": 1764107217000,
        "objectid": 486,
        "propertyowner": "COFB",
        "lat": null,
        "height": "5 ft",
        "longitude": null
      }
    },
    {
      "geometry": {
        "type": "Point",
        "coordinates": [
          -81.45844066282707,
          30.673777910492312
        ],
        "crs": null
      },
      "id": 512,
      "type": "Feature",
      "properties": {
        "fulladdress": "N 8th St ROW",
        "created_user": "kmulcahy",
        "latitude": null,
        "globalid": "{5D6973C3-B578-4CC2-A564-9AEE8226A0D1}",
        "picture2023": null,
        "parcelnumber": "00-00-31-1800-0068-0050",
        "picture2022": null,
        "dbh": "2\"",
        "picture2021": null,
        "long": null,
        "picture2020": null,
        "dateofplanting": 1743480000000,
        "picture2019": null,
        "last_edited_user": "kmulcahy",
        "commonname": "Dahoon Holly",
        "picture2018": null,
        "spieces": "Ilex cassine",
        "last_edited_date": 1764107217000,
        "created_date": 1764107217000,
        "objectid": 512,
        "propertyowner": "COFB",
        "lat": null,
        "height": "7 ft",
        "longitude": null
      }
    },
    {
      "geometry": {
        "type": "Point",
        "coordinates": [
          -81.45839238287213,
          30.674105494272176
        ],
        "crs": null
      },
      "id": 504,
      "type": "Feature",
      "properties": {
        "fulladdress": "N 8th St ROW",
        "created_user": "kmulcahy",
        "latitude": null,
        "globalid": "{295D960B-7BB6-4137-8F6C-C6FBDE240193}",
        "picture2023": null,
        "parcelnumber": "00-00-31-1800-0068-0050",
        "picture2022": null,
        "dbh": "1.5\"",
        "picture2021": null,
        "long": null,
        "picture2020": null,
        "dateofplanting": 1743480000000,
        "picture2019": null,
        "last_edited_user": "kmulcahy",
        "commonname": "Saucer Magnolia",
        "picture2018": null,
        "spieces": "Magnolia x soulangeana",
        "last_edited_date": 1764107217000,
        "created_date": 1764107217000,
        "objectid": 504,
        "propertyowner": "COFB",
        "lat": null,
        "height": "5 ft",
        "longitude": null
      }
    },
    {
      "geometry": {
        "type": "Point",
        "coordinates": [
          -81.45125636568108,
          30.685489483678538
        ],
        "crs": null
      },
      "id": 437,
      "type": "Feature",
      "properties": {
        "fulladdress": "1321 N 14th St",
        "created_user": "kmulcahy",
        "latitude": null,
        "globalid": "{50474528-E8B0-4D1D-AD87-1981F9F9B77D}",
        "picture2023": null,
        "parcelnumber": "00-00-31-1800-0250-0010",
        "picture2022": null,
        "dbh": "2\"",
        "picture2021": null,
        "long": null,
        "picture2020": null,
        "dateofplanting": 1711425600000,
        "picture2019": null,
        "last_edited_user": "kmulcahy",
        "commonname": "Shumard Oak",
        "picture2018": null,
        "spieces": "Quercus shumardii",
        "last_edited_date": 1764107217000,
        "created_date": 1764107217000,
        "objectid": 437,
        "propertyowner": "COFB",
        "lat": null,
        "height": "6 ft",
        "longitude": null
      }
    },
    {
      "geometry": {
        "type": "Point",
        "coordinates": [
          -81.45990149146401,
          30.66942278268692
        ],
        "crs": null
      },
      "id": 489,
      "type": "Feature",
      "properties": {
        "fulladdress": "614 Ash St",
        "created_user": "kmulcahy",
        "latitude": null,
        "globalid": "{6475B6FB-C5B2-4ECB-8D0B-86C07782C3D8}",
        "picture2023": null,
        "parcelnumber": "00-00-31-1800-0038-0080",
        "picture2022": null,
        "dbh": "2\"",
        "picture2021": null,
        "long": null,
        "picture2020": null,
        "dateofplanting": 1737090000000,
        "picture2019": null,
        "last_edited_user": "kmulcahy",
        "commonname": "Crape Myrtle Twilight",
        "picture2018": null,
        "spieces": "Lagerstroemia indica \"Twilight\"",
        "last_edited_date": 1764107217000,
        "created_date": 1764107217000,
        "objectid": 489,
        "propertyowner": "COFB",
        "lat": null,
        "height": "5 ft",
        "longitude": null
      }
    },
    {
      "geometry": {
        "type": "Point",
        "coordinates": [
          -81.45173648106446,
          30.642582028525844
        ],
        "crs": null
      },
      "id": 445,
      "type": "Feature",
      "properties": {
        "fulladdress": "1609 Lake park Dr",
        "created_user": "kmulcahy",
        "latitude": null,
        "globalid": "{E20658DB-EDED-4CF2-8876-66531D491177}",
        "picture2023": null,
        "parcelnumber": "00-00-31-102P-0013-0020",
        "picture2022": null,
        "dbh": "2\"",
        "picture2021": null,
        "long": null,
        "picture2020": null,
        "dateofplanting": 1713326400000,
        "picture2019": null,
        "last_edited_user": "kmulcahy",
        "commonname": "Crape Myrtle Muskogee",
        "picture2018": null,
        "spieces": "Lagerstroemia indica",
        "last_edited_date": 1764107217000,
        "created_date": 1764107217000,
        "objectid": 445,
        "propertyowner": "COFB ROW",
        "lat": null,
        "height": "6 ft",
        "longitude": null
      }
    },
    {
      "geometry": {
        "type": "Point",
        "coordinates": [
          -81.45845541496067,
          30.668174215204427
        ],
        "crs": null
      },
      "id": 453,
      "type": "Feature",
      "properties": {
        "fulladdress": "801 Beech St",
        "created_user": "kmulcahy",
        "latitude": null,
        "globalid": "{AFA34116-7027-406F-A1A1-5F2F71F8FF9C}",
        "picture2023": null,
        "parcelnumber": "00-00-31-1800-0046-0040",
        "picture2022": null,
        "dbh": "1.5\"",
        "picture2021": null,
        "long": null,
        "picture2020": null,
        "dateofplanting": 1726632000000,
        "picture2019": null,
        "last_edited_user": "kmulcahy",
        "commonname": "\"Tonto\" Crape Myrtle",
        "picture2018": null,
        "spieces": "Lagerstroemia indica x fauriei 'Tonto'",
        "last_edited_date": 1764107217000,
        "created_date": 1764107217000,
        "objectid": 453,
        "propertyowner": "COFB ROW",
        "lat": null,
        "height": "5 ft",
        "longitude": null
      }
    },
    {
      "geometry": {
        "type": "Point",
        "coordinates": [
          -81.45398949891616,
          30.667781436868133
        ],
        "crs": null
      },
      "id": 467,
      "type": "Feature",
      "properties": {
        "fulladdress": "1200 Atlantic Ave",
        "created_user": "kmulcahy",
        "latitude": null,
        "globalid": "{BD841E73-01BA-4993-B30B-D5096CA6C88F}",
        "picture2023": null,
        "parcelnumber": "00-00-31-1800-0217-00CP",
        "picture2022": null,
        "dbh": "2.5\"",
        "picture2021": null,
        "long": null,
        "picture2020": null,
        "dateofplanting": 1733202000000,
        "picture2019": null,
        "last_edited_user": "kmulcahy",
        "commonname": "Live Oak",
        "picture2018": null,
        "spieces": "Quercus virginiana",
        "last_edited_date": 1764107217000,
        "created_date": 1764107217000,
        "objectid": 467,
        "propertyowner": "COFB",
        "lat": null,
        "height": "7 ft",
        "longitude": null
      }
    },
    {
      "geometry": {
        "type": "Point",
        "coordinates": [
          -81.4586525574363,
          30.67241219850157
        ],
        "crs": null
      },
      "id": 493,
      "type": "Feature",
      "properties": {
        "fulladdress": "N 8th St ROW",
        "created_user": "kmulcahy",
        "latitude": null,
        "globalid": "{547C04C5-6FE9-4FB1-9CD1-B35E39C2F6FC}",
        "picture2023": null,
        "parcelnumber": "00-00-31-1800-0069-0010",
        "picture2022": null,
        "dbh": "1.5\"",
        "picture2021": null,
        "long": null,
        "picture2020": null,
        "dateofplanting": 1743480000000,
        "picture2019": null,
        "last_edited_user": "kmulcahy",
        "commonname": "Saucer Magnolia",
        "picture2018": null,
        "spieces": "Magnolia x soulangeana",
        "last_edited_date": 1764107217000,
        "created_date": 1764107217000,
        "objectid": 493,
        "propertyowner": "COFB",
        "lat": null,
        "height": "5 ft",
        "longitude": null
      }
    },
    {
      "geometry": {
        "type": "Point",
        "coordinates": [
          -81.45996318236784,
          30.669632721973034
        ],
        "crs": null
      },
      "id": 480,
      "type": "Feature",
      "properties": {
        "fulladdress": "27 S 7th St",
        "created_user": "kmulcahy",
        "latitude": null,
        "globalid": "{86C21E08-D16D-4A6D-A1F5-DEB9399D19CD}",
        "picture2023": null,
        "parcelnumber": "00-00-31-1800-0037-0050",
        "picture2022": null,
        "dbh": "2\"",
        "picture2021": null,
        "long": null,
        "picture2020": null,
        "dateofplanting": 1737090000000,
        "picture2019": null,
        "last_edited_user": "kmulcahy",
        "commonname": "Crape Myrtle Twilight",
        "picture2018": null,
        "spieces": "Lagerstoemia indica \"Twilight\"",
        "last_edited_date": 1764107217000,
        "created_date": 1764107217000,
        "objectid": 480,
        "propertyowner": "COFB",
        "lat": null,
        "height": "5 ft",
        "longitude": null
      }
    },
    {
      "geometry": {
        "type": "Point",
        "coordinates": [
          -81.458405793821,
          30.67397399948091
        ],
        "crs": null
      },
      "id": 505,
      "type": "Feature",
      "properties": {
        "fulladdress": "N 8th St ROW",
        "created_user": "kmulcahy",
        "latitude": null,
        "globalid": "{17BA25E3-5BBA-4442-A25F-BE1F435AB326}",
        "picture2023": null,
        "parcelnumber": "00-00-31-1800-0068-0050",
        "picture2022": null,
        "dbh": "1.5\"",
        "picture2021": null,
        "long": null,
        "picture2020": null,
        "dateofplanting": 1743480000000,
        "picture2019": null,
        "last_edited_user": "kmulcahy",
        "commonname": "Saucer Magnolia",
        "picture2018": null,
        "spieces": "Magnolia x soulangeana",
        "last_edited_date": 1764107217000,
        "created_date": 1764107217000,
        "objectid": 505,
        "propertyowner": "COFB",
        "lat": null,
        "height": "5 ft",
        "longitude": null
      }
    },
    {
      "geometry": {
        "type": "Point",
        "coordinates": [
          -81.45991624359759,
          30.669350110605762
        ],
        "crs": null
      },
      "id": 490,
      "type": "Feature",
      "properties": {
        "fulladdress": "614 Ash St",
        "created_user": "kmulcahy",
        "latitude": null,
        "globalid": "{6D65B767-FB2C-4E4C-8406-26E65CA119CB}",
        "picture2023": null,
        "parcelnumber": "00-00-31-1800-0038-0080",
        "picture2022": null,
        "dbh": "2\"",
        "picture2021": null,
        "long": null,
        "picture2020": null,
        "dateofplanting": 1737090000000,
        "picture2019": null,
        "last_edited_user": "kmulcahy",
        "commonname": "Crape Myrtle Twilight",
        "picture2018": null,
        "spieces": "Lagerstroemia indica \"Twilight\"",
        "last_edited_date": 1764107217000,
        "created_date": 1764107217000,
        "objectid": 490,
        "propertyowner": "COFB",
        "lat": null,
        "height": "5 ft",
        "longitude": null
      }
    },
    {
      "geometry": {
        "type": "Point",
        "coordinates": [
          -81.4600516951694,
          30.669526599188625
        ],
        "crs": null
      },
      "id": 487,
      "type": "Feature",
      "properties": {
        "fulladdress": "614 Ash St",
        "created_user": "kmulcahy",
        "latitude": null,
        "globalid": "{82A8C44F-C958-47CD-A086-EBD274BF873D}",
        "picture2023": null,
        "parcelnumber": "00-00-31-1800-0038-0080",
        "picture2022": null,
        "dbh": "2\"",
        "picture2021": null,
        "long": null,
        "picture2020": null,
        "dateofplanting": 1737090000000,
        "picture2019": null,
        "last_edited_user": "kmulcahy",
        "commonname": "Crape Myrtle Twilight",
        "picture2018": null,
        "spieces": "Lagerstroemia indica \"Twilight\"",
        "last_edited_date": 1764107217000,
        "created_date": 1764107217000,
        "objectid": 487,
        "propertyowner": "COFB",
        "lat": null,
        "height": "5 ft",
        "longitude": null
      }
    },
    {
      "geometry": {
        "type": "Point",
        "coordinates": [
          -81.45853722183864,
          30.67311351203762
        ],
        "crs": null
      },
      "id": 499,
      "type": "Feature",
      "properties": {
        "fulladdress": "N 8th St ROW",
        "created_user": "kmulcahy",
        "latitude": null,
        "globalid": "{F70C06DD-198B-4719-ABE8-FB34F7271BB7}",
        "picture2023": null,
        "parcelnumber": "00-00-31-1800-0069-0010",
        "picture2022": null,
        "dbh": "1.5\"",
        "picture2021": null,
        "long": null,
        "picture2020": null,
        "dateofplanting": 1743480000000,
        "picture2019": null,
        "last_edited_user": "kmulcahy",
        "commonname": "Saucer Magnolia",
        "picture2018": null,
        "spieces": "Magnolia x soulangeana",
        "last_edited_date": 1764107217000,
        "created_date": 1764107217000,
        "objectid": 499,
        "propertyowner": "COFB",
        "lat": null,
        "height": "5 ft",
        "longitude": null
      }
    },
    {
      "geometry": {
        "type": "Point",
        "coordinates": [
          -81.45846748472484,
          30.6735056923141
        ],
        "crs": null
      },
      "id": 513,
      "type": "Feature",
      "properties": {
        "fulladdress": "N 8th St ROW",
        "created_user": "kmulcahy",
        "latitude": null,
        "globalid": "{A765950A-7F8D-4EA4-81F5-9D2500B34978}",
        "picture2023": null,
        "parcelnumber": "00-00-31-1800-0068-0050",
        "picture2022": null,
        "dbh": "2\"",
        "picture2021": null,
        "long": null,
        "picture2020": null,
        "dateofplanting": 1743480000000,
        "picture2019": null,
        "last_edited_user": "kmulcahy",
        "commonname": "Dahoon Holly",
        "picture2018": null,
        "spieces": "Ilex cassine",
        "last_edited_date": 1764107217000,
        "created_date": 1764107217000,
        "objectid": 513,
        "propertyowner": "COFB",
        "lat": null,
        "height": "7 ft",
        "longitude": null
      }
    },
    {
      "geometry": {
        "type": "Point",
        "coordinates": [
          -81.45111957292457,
          30.685634802728288
        ],
        "crs": null
      },
      "id": 438,
      "type": "Feature",
      "properties": {
        "fulladdress": "1321 N 14th St",
        "created_user": "kmulcahy",
        "latitude": null,
        "globalid": "{9C76F852-5056-40C0-BD7F-73CDF6F8B226}",
        "picture2023": null,
        "parcelnumber": "00-00-31-1800-0250-0010",
        "picture2022": null,
        "dbh": "2\"",
        "picture2021": null,
        "long": null,
        "picture2020": null,
        "dateofplanting": 1711425600000,
        "picture2019": null,
        "last_edited_user": "kmulcahy",
        "commonname": "Shumard Oak",
        "picture2018": null,
        "spieces": "Quercus shumardii",
        "last_edited_date": 1764107217000,
        "created_date": 1764107217000,
        "objectid": 438,
        "propertyowner": "COFB",
        "lat": null,
        "height": "6 ft",
        "longitude": null
      }
    },
    {
      "geometry": {
        "type": "Point",
        "coordinates": [
          -81.45997525213198,
          30.669515064113078
        ],
        "crs": null
      },
      "id": 488,
      "type": "Feature",
      "properties": {
        "fulladdress": "614 Ash St",
        "created_user": "kmulcahy",
        "latitude": null,
        "globalid": "{145CEF70-581C-4F74-A44F-770C4A9D0207}",
        "picture2023": null,
        "parcelnumber": "00-00-31-1800-0038-0080",
        "picture2022": null,
        "dbh": "2\"",
        "picture2021": null,
        "long": null,
        "picture2020": null,
        "dateofplanting": 1737090000000,
        "picture2019": null,
        "last_edited_user": "kmulcahy",
        "commonname": "Crape Myrtle Twilight",
        "picture2018": null,
        "spieces": "Lagerstroemia indica \"Twilight\"",
        "last_edited_date": 1764107217000,
        "created_date": 1764107217000,
        "objectid": 488,
        "propertyowner": "COFB",
        "lat": null,
        "height": "5 ft",
        "longitude": null
      }
    },
    {
      "geometry": {
        "type": "Point",
        "coordinates": [
          -81.45133951374378,
          30.64450430300054
        ],
        "crs": null
      },
      "id": 446,
      "type": "Feature",
      "properties": {
        "fulladdress": "1881 Floyd St",
        "created_user": "kmulcahy",
        "latitude": null,
        "globalid": "{822E3A2C-630A-449D-9F04-7998D847F30C}",
        "picture2023": null,
        "parcelnumber": "00-00-31-102P-0008-0020",
        "picture2022": null,
        "dbh": "2\"",
        "picture2021": null,
        "long": null,
        "picture2020": null,
        "dateofplanting": 1713326400000,
        "picture2019": null,
        "last_edited_user": "kmulcahy",
        "commonname": "Crape Myrtle Natchez",
        "picture2018": null,
        "spieces": "Lagerstroemia natchez",
        "last_edited_date": 1764107217000,
        "created_date": 1764107217000,
        "objectid": 446,
        "propertyowner": "COFB ROW",
        "lat": null,
        "height": "6 ft",
        "longitude": null
      }
    },
    {
      "geometry": {
        "type": "Point",
        "coordinates": [
          -81.45847284856538,
          30.668061168432054
        ],
        "crs": null
      },
      "id": 454,
      "type": "Feature",
      "properties": {
        "fulladdress": "201 S 9th St",
        "created_user": "kmulcahy",
        "latitude": null,
        "globalid": "{2A2BB2EB-1F90-407F-A62B-903093CF390C}",
        "picture2023": null,
        "parcelnumber": "00-00-31-1800-0047-0081",
        "picture2022": null,
        "dbh": "1.5\"",
        "picture2021": null,
        "long": null,
        "picture2020": null,
        "dateofplanting": 1726632000000,
        "picture2019": null,
        "last_edited_user": "kmulcahy",
        "commonname": "\"Tonto\" Crape Myrtle",
        "picture2018": null,
        "spieces": "Lagerstroemia indica x fauriei 'Tonto'",
        "last_edited_date": 1764107217000,
        "created_date": 1764107217000,
        "objectid": 454,
        "propertyowner": "COFB ROW",
        "lat": null,
        "height": "5 ft",
        "longitude": null
      }
    },
    {
      "geometry": {
        "type": "Point",
        "coordinates": [
          -81.44042020400443,
          30.668983990960268
        ],
        "crs": null
      },
      "id": 468,
      "type": "Feature",
      "properties": {
        "fulladdress": "2201 Atlantic Ave",
        "created_user": "kmulcahy",
        "latitude": null,
        "globalid": "{01C9C18C-EC2D-4D0D-96CC-9DF51E93D4F1}",
        "picture2023": null,
        "parcelnumber": "00-00-31-1600-0135-0000",
        "picture2022": null,
        "dbh": "3\"",
        "picture2021": null,
        "long": null,
        "picture2020": null,
        "dateofplanting": 1733202000000,
        "picture2019": null,
        "last_edited_user": "kmulcahy",
        "commonname": "Southern Magnolia",
        "picture2018": null,
        "spieces": "Magnolia grandiflora",
        "last_edited_date": 1764107217000,
        "created_date": 1764107217000,
        "objectid": 468,
        "propertyowner": "COFB",
        "lat": null,
        "height": "10 ft",
        "longitude": null
      }
    },
    {
      "geometry": {
        "type": "Point",
        "coordinates": [
          -81.45965606903346,
          30.669591196049502
        ],
        "crs": null
      },
      "id": 481,
      "type": "Feature",
      "properties": {
        "fulladdress": "28 S 7th St",
        "created_user": "kmulcahy",
        "latitude": null,
        "globalid": "{BF48ECF4-6810-4284-A999-D6566A5EFBF2}",
        "picture2023": null,
        "parcelnumber": "00-00-31-1800-0042-0040",
        "picture2022": null,
        "dbh": "2\"",
        "picture2021": null,
        "long": null,
        "picture2020": null,
        "dateofplanting": 1737090000000,
        "picture2019": null,
        "last_edited_user": "kmulcahy",
        "commonname": "Crape Myrtle Twilight",
        "picture2018": null,
        "spieces": "Lagerstroemia indica \"Twilight\"",
        "last_edited_date": 1764107217000,
        "created_date": 1764107217000,
        "objectid": 481,
        "propertyowner": "COFB",
        "lat": null,
        "height": "5 ft",
        "longitude": null
      }
    },
    {
      "geometry": {
        "type": "Point",
        "coordinates": [
          -81.45864182795853,
          30.672550615938327
        ],
        "crs": null
      },
      "id": 494,
      "type": "Feature",
      "properties": {
        "fulladdress": "N 8th St ROW",
        "created_user": "kmulcahy",
        "latitude": null,
        "globalid": "{3CE05FE1-A9B0-4247-9B41-0D7A720CE708}",
        "picture2023": null,
        "parcelnumber": "00-00-31-1800-0069-0010",
        "picture2022": null,
        "dbh": "1.5\"",
        "picture2021": null,
        "long": null,
        "picture2020": null,
        "dateofplanting": 1743480000000,
        "picture2019": null,
        "last_edited_user": "kmulcahy",
        "commonname": "Saucer Magnolia",
        "picture2018": null,
        "spieces": "Magnolia x soulangeana",
        "last_edited_date": 1764107217000,
        "created_date": 1764107217000,
        "objectid": 494,
        "propertyowner": "COFB",
        "lat": null,
        "height": "5 ft",
        "longitude": null
      }
    },
    {
      "geometry": {
        "type": "Point",
        "coordinates": [
          -81.45955950912355,
          30.66958196737728
        ],
        "crs": null
      },
      "id": 482,
      "type": "Feature",
      "properties": {
        "fulladdress": "28 S 7th St",
        "created_user": "kmulcahy",
        "latitude": null,
        "globalid": "{C46745A3-E8B8-4B92-BA62-2B7A2F8BBC1C}",
        "picture2023": null,
        "parcelnumber": "00-00-31-1800-0042-0040",
        "picture2022": null,
        "dbh": "2\"",
        "picture2021": null,
        "long": null,
        "picture2020": null,
        "dateofplanting": 1737090000000,
        "picture2019": null,
        "last_edited_user": "kmulcahy",
        "commonname": "Crape Myrtle Twilight",
        "picture2018": null,
        "spieces": "Lagerstoemia indica \"Twilight\"",
        "last_edited_date": 1764107217000,
        "created_date": 1764107217000,
        "objectid": 482,
        "propertyowner": "COFB",
        "lat": null,
        "height": "5 ft",
        "longitude": null
      }
    },
    {
      "geometry": {
        "type": "Point",
        "coordinates": [
          -81.45842993334932,
          30.673865573626845
        ],
        "crs": null
      },
      "id": 506,
      "type": "Feature",
      "properties": {
        "fulladdress": "N 8th St ROW",
        "created_user": "kmulcahy",
        "latitude": null,
        "globalid": "{BBA68D95-FFAC-4089-A04D-39A8F5C849CD}",
        "picture2023": null,
        "parcelnumber": "00-00-31-1800-0068-0050",
        "picture2022": null,
        "dbh": "1.5\"",
        "picture2021": null,
        "long": null,
        "picture2020": null,
        "dateofplanting": 1743480000000,
        "picture2019": null,
        "last_edited_user": "kmulcahy",
        "commonname": "Saucer Magnolia",
        "picture2018": null,
        "spieces": "Magnolia x soulangeana",
        "last_edited_date": 1764107217000,
        "created_date": 1764107217000,
        "objectid": 506,
        "propertyowner": "COFB",
        "lat": null,
        "height": "5 ft",
        "longitude": null
      }
    },
    {
      "geometry": {
        "type": "Point",
        "coordinates": [
          -81.4585264932592,
          30.673210404101567
        ],
        "crs": null
      },
      "id": 500,
      "type": "Feature",
      "properties": {
        "fulladdress": "N 8th St ROW",
        "created_user": "kmulcahy",
        "latitude": null,
        "globalid": "{7D1EA48C-9D7B-4225-8605-FC58970C8458}",
        "picture2023": null,
        "parcelnumber": "00-00-31-1800-0069-0010",
        "picture2022": null,
        "dbh": "1.5\"",
        "picture2021": null,
        "long": null,
        "picture2020": null,
        "dateofplanting": 1743480000000,
        "picture2019": null,
        "last_edited_user": "kmulcahy",
        "commonname": "Saucer Magnolia",
        "picture2018": null,
        "spieces": "Magnolia x soulangeana",
        "last_edited_date": 1764107217000,
        "created_date": 1764107217000,
        "objectid": 500,
        "propertyowner": "COFB",
        "lat": null,
        "height": "5 ft",
        "longitude": null
      }
    },
    {
      "geometry": {
        "type": "Point",
        "coordinates": [
          -81.42953185290469,
          30.682488796155752
        ],
        "crs": null
      },
      "id": 629,
      "type": "Feature",
      "properties": {
        "fulladdress": "1230 N Fletcher",
        "created_user": "",
        "latitude": null,
        "globalid": "{7124440F-A81D-4A7C-B490-7426521614CC}",
        "picture2023": null,
        "parcelnumber": "00-00-31-126A-0020-0000",
        "picture2022": null,
        "dbh": "10\"",
        "picture2021": null,
        "long": null,
        "picture2020": null,
        "dateofplanting": 1764604796000,
        "picture2019": null,
        "last_edited_user": "",
        "commonname": "Cabbage Palm",
        "picture2018": null,
        "spieces": "Sabal palmetto",
        "last_edited_date": 1764777652763,
        "created_date": 1764777652763,
        "objectid": 629,
        "propertyowner": "COFB",
        "lat": null,
        "height": "8 ft",
        "longitude": null
      }
    },
    {
      "geometry": {
        "type": "Point",
        "coordinates": [
          -81.45190218520008,
          30.68515998012924
        ],
        "crs": null
      },
      "id": 642,
      "type": "Feature",
      "properties": {
        "fulladdress": "1321 N 14th St",
        "created_user": "",
        "latitude": null,
        "globalid": "{B15FE382-C135-4650-8A22-305A14B5B88C}",
        "picture2023": null,
        "parcelnumber": "00-00-31-1800-0225-0400",
        "picture2022": null,
        "dbh": "1.5\"",
        "picture2021": null,
        "long": null,
        "picture2020": null,
        "dateofplanting": 1768247178000,
        "picture2019": null,
        "last_edited_user": "",
        "commonname": "Red Maple",
        "picture2018": null,
        "spieces": "Acer rubrum",
        "last_edited_date": 1768247215357,
        "created_date": 1768247215357,
        "objectid": 642,
        "propertyowner": "COFB Bosque Bello",
        "lat": null,
        "height": "8 ft",
        "longitude": null
      }
    },
    {
      "geometry": {
        "type": "Point",
        "coordinates": [
          -81.45828983928413,
          30.662647023114005
        ],
        "crs": null
      },
      "id": 647,
      "type": "Feature",
      "properties": {
        "fulladdress": "530 S 10th St",
        "created_user": "",
        "latitude": null,
        "globalid": "{6CCD860F-C714-48F2-9B01-EC42E4AF6876}",
        "picture2023": null,
        "parcelnumber": "00-00-31-1800-0145-0010",
        "picture2022": null,
        "dbh": "2\"",
        "picture2021": null,
        "long": null,
        "picture2020": null,
        "dateofplanting": 1768590554000,
        "picture2019": null,
        "last_edited_user": "",
        "commonname": "East Palatka Holly",
        "picture2018": null,
        "spieces": "Ilex x attenuata 'East Palatka'",
        "last_edited_date": 1768936233449,
        "created_date": 1768936233449,
        "objectid": 647,
        "propertyowner": "COFB Peck Ctr",
        "lat": null,
        "height": "8 ft",
        "longitude": null
      }
    },
    {
      "geometry": {
        "type": "Point",
        "coordinates": [
          -81.46558841201573,
          30.668480556411016
        ],
        "crs": null
      },
      "id": 668,
      "type": "Feature",
      "properties": {
        "fulladdress": "123 Front St",
        "created_user": "",
        "latitude": null,
        "globalid": "{5D0DEAF3-629B-4267-B01A-4D6EB1F40FAB}",
        "picture2023": null,
        "parcelnumber": "00-00-31-1760-0029-0010",
        "picture2022": null,
        "dbh": "6\"",
        "picture2021": null,
        "long": null,
        "picture2020": null,
        "dateofplanting": 1775923463000,
        "picture2019": null,
        "last_edited_user": "",
        "commonname": "LiveOak",
        "picture2018": null,
        "spieces": "Quercus virginiana",
        "last_edited_date": 1776355491680,
        "created_date": 1776355491680,
        "objectid": 668,
        "propertyowner": "COFB",
        "lat": null,
        "height": "20 ft",
        "longitude": null
      }
    },
    {
      "geometry": {
        "type": "Point",
        "coordinates": [
          -81.46553083898917,
          30.669192764475895
        ],
        "crs": null
      },
      "id": 695,
      "type": "Feature",
      "properties": {
        "fulladdress": "123 Front St",
        "created_user": "",
        "latitude": null,
        "globalid": "{002E5536-D360-489E-A047-5DCE1E4C444E}",
        "picture2023": null,
        "parcelnumber": "00-00-31-1760-0029-0010",
        "picture2022": null,
        "dbh": "6\"",
        "picture2021": null,
        "long": null,
        "picture2020": null,
        "dateofplanting": 1775925436000,
        "picture2019": null,
        "last_edited_user": "",
        "commonname": "Trident Maple",
        "picture2018": null,
        "spieces": "Acer buergerianum",
        "last_edited_date": 1776357454248,
        "created_date": 1776357454248,
        "objectid": 695,
        "propertyowner": "COFB",
        "lat": null,
        "height": "20 ft",
        "longitude": null
      }
    },
    {
      "geometry": {
        "type": "Point",
        "coordinates": [
          -81.46543783640782,
          30.669429888096342
        ],
        "crs": null
      },
      "id": 721,
      "type": "Feature",
      "properties": {
        "fulladdress": "123 Front St",
        "created_user": "",
        "latitude": null,
        "globalid": "{F2B22D0C-40D0-4B5B-8A46-E4F12B3A76B2}",
        "picture2023": null,
        "parcelnumber": "00-00-31-1760-0029-0010",
        "picture2022": null,
        "dbh": "10\"",
        "picture2021": null,
        "long": null,
        "picture2020": null,
        "dateofplanting": 1775927007000,
        "picture2019": null,
        "last_edited_user": "",
        "commonname": "Cabbage Palm",
        "picture2018": null,
        "spieces": "Sabal palmetto",
        "last_edited_date": 1776359015819,
        "created_date": 1776359015819,
        "objectid": 721,
        "propertyowner": "COFB",
        "lat": null,
        "height": "20 ft",
        "longitude": null
      }
    },
    {
      "geometry": {
        "type": "Point",
        "coordinates": [
          -81.4654254396569,
          30.66984364594416
        ],
        "crs": null
      },
      "id": 753,
      "type": "Feature",
      "properties": {
        "fulladdress": "123 Front St",
        "created_user": "",
        "latitude": null,
        "globalid": "{7C140E9B-405E-4089-B1C2-D8924D1734F7}",
        "picture2023": null,
        "parcelnumber": "00-00-31-1760-0029-0010",
        "picture2022": null,
        "dbh": "6\"",
        "picture2021": null,
        "long": null,
        "picture2020": null,
        "dateofplanting": 1775933559000,
        "picture2019": null,
        "last_edited_user": "",
        "commonname": "Brackens Brown Magnolia",
        "picture2018": null,
        "spieces": "Magnolia grandiflora 'Brackens Brown Beauty'",
        "last_edited_date": 1776451981214,
        "created_date": 1776451981214,
        "objectid": 753,
        "propertyowner": "COFB",
        "lat": null,
        "height": "20 ft",
        "longitude": null
      }
    },
    {
      "geometry": {
        "type": "Point",
        "coordinates": [
          -81.42951615843836,
          30.68255628144108
        ],
        "crs": null
      },
      "id": 630,
      "type": "Feature",
      "properties": {
        "fulladdress": "1230 N Fletcher",
        "created_user": "",
        "latitude": null,
        "globalid": "{2008C8D0-B0A0-4064-8159-AA02829747BA}",
        "picture2023": null,
        "parcelnumber": "00-00-31-126A-0020-0000",
        "picture2022": null,
        "dbh": "10\"",
        "picture2021": null,
        "long": null,
        "picture2020": null,
        "dateofplanting": 1764604865000,
        "picture2019": null,
        "last_edited_user": "",
        "commonname": "Cabbage Palm",
        "picture2018": null,
        "spieces": "Sabal palmetto",
        "last_edited_date": 1764777694749,
        "created_date": 1764777694749,
        "objectid": 630,
        "propertyowner": "COFB",
        "lat": null,
        "height": "8 ft",
        "longitude": null
      }
    },
    {
      "geometry": {
        "type": "Point",
        "coordinates": [
          -81.45148118435229,
          30.684944675316647
        ],
        "crs": null
      },
      "id": 643,
      "type": "Feature",
      "properties": {
        "fulladdress": "1321 N 14th St",
        "created_user": "",
        "latitude": null,
        "globalid": "{3D0FEAE8-1186-41A3-B874-FBF9F0DDBADB}",
        "picture2023": null,
        "parcelnumber": "00-00-31-1800-0225-0400",
        "picture2022": null,
        "dbh": "1.5\"",
        "picture2021": null,
        "long": null,
        "picture2020": null,
        "dateofplanting": 1768247259000,
        "picture2019": null,
        "last_edited_user": "",
        "commonname": "Red Maple",
        "picture2018": null,
        "spieces": "acre rubrum",
        "last_edited_date": 1768247294593,
        "created_date": 1768247294593,
        "objectid": 643,
        "propertyowner": "COFB Bosque Bello",
        "lat": null,
        "height": "8 ft",
        "longitude": null
      }
    },
    {
      "geometry": {
        "type": "Point",
        "coordinates": [
          -81.45839156091364,
          30.66195952870598
        ],
        "crs": null
      },
      "id": 648,
      "type": "Feature",
      "properties": {
        "fulladdress": "530 S 10th St",
        "created_user": "",
        "latitude": null,
        "globalid": "{B7900DF5-E81B-4995-AA5A-54CF2C4BD9C3}",
        "picture2023": null,
        "parcelnumber": "00-00-31-1800-0145-0010",
        "picture2022": null,
        "dbh": "2\"",
        "picture2021": null,
        "long": null,
        "picture2020": null,
        "dateofplanting": 1768590651000,
        "picture2019": null,
        "last_edited_user": "",
        "commonname": "East Palatka Holly",
        "picture2018": null,
        "spieces": "Ilex x attenuata 'East Palatka'",
        "last_edited_date": 1768936301434,
        "created_date": 1768936301434,
        "objectid": 648,
        "propertyowner": "COFB Peck Ctr",
        "lat": null,
        "height": "8 ft",
        "longitude": null
      }
    },
    {
      "geometry": {
        "type": "Point",
        "coordinates": [
          -81.46565414982992,
          30.668519244021248
        ],
        "crs": null
      },
      "id": 669,
      "type": "Feature",
      "properties": {
        "fulladdress": "123 Front St",
        "created_user": "",
        "latitude": null,
        "globalid": "{AB87CD66-2C30-433F-A258-1E8619629455}",
        "picture2023": null,
        "parcelnumber": "00-00-31-1760-0029-0010",
        "picture2022": null,
        "dbh": "1.5\"",
        "picture2021": null,
        "long": null,
        "picture2020": null,
        "dateofplanting": 1775923597000,
        "picture2019": null,
        "last_edited_user": "",
        "commonname": "Southern Red Cedar",
        "picture2018": null,
        "spieces": "Juniperus virgiiana \"Brodie\"",
        "last_edited_date": 1776355649875,
        "created_date": 1776355649875,
        "objectid": 669,
        "propertyowner": "COFB",
        "lat": null,
        "height": "6 ft",
        "longitude": null
      }
    },
    {
      "geometry": {
        "type": "Point",
        "coordinates": [
          -81.46563671173362,
          30.66902670627819
        ],
        "crs": null
      },
      "id": 696,
      "type": "Feature",
      "properties": {
        "fulladdress": "123 Front St",
        "created_user": "",
        "latitude": null,
        "globalid": "{076C50A5-6D6E-4DB9-87AE-20AD0B437880}",
        "picture2023": null,
        "parcelnumber": "00-00-31-1760-0029-0010",
        "picture2022": null,
        "dbh": "6\"",
        "picture2021": null,
        "long": null,
        "picture2020": null,
        "dateofplanting": 1775925503000,
        "picture2019": null,
        "last_edited_user": "",
        "commonname": "Trident Maple",
        "picture2018": null,
        "spieces": "Acer buergerianum",
        "last_edited_date": 1776357522725,
        "created_date": 1776357522725,
        "objectid": 696,
        "propertyowner": "COFB",
        "lat": null,
        "height": "20 ft",
        "longitude": null
      }
    },
    {
      "geometry": {
        "type": "Point",
        "coordinates": [
          -81.46543783640782,
          30.66948524088721
        ],
        "crs": null
      },
      "id": 722,
      "type": "Feature",
      "properties": {
        "fulladdress": "123 Front St",
        "created_user": "",
        "latitude": null,
        "globalid": "{4CFB4FD7-5FE4-4176-B418-68D983D45FB0}",
        "picture2023": null,
        "parcelnumber": "00-00-31-1760-0029-0010",
        "picture2022": null,
        "dbh": "10\"",
        "picture2021": null,
        "long": null,
        "picture2020": null,
        "dateofplanting": 1775927039000,
        "picture2019": null,
        "last_edited_user": "",
        "commonname": "Cabbage Palm",
        "picture2018": null,
        "spieces": "Sabal palmetto",
        "last_edited_date": 1776359048916,
        "created_date": 1776359048916,
        "objectid": 722,
        "propertyowner": "COFB",
        "lat": null,
        "height": "20 ft",
        "longitude": null
      }
    },
    {
      "geometry": {
        "type": "Point",
        "coordinates": [
          -81.42950180964831,
          30.682606413491254
        ],
        "crs": null
      },
      "id": 631,
      "type": "Feature",
      "properties": {
        "fulladdress": "1230 N Fletcher",
        "created_user": "",
        "latitude": null,
        "globalid": "{61D01F3D-C740-4B89-8481-D78565927CE9}",
        "picture2023": null,
        "parcelnumber": "00-00-31-126A-0020-0000",
        "picture2022": null,
        "dbh": "10\"",
        "picture2021": null,
        "long": null,
        "picture2020": null,
        "dateofplanting": 1764604912000,
        "picture2019": null,
        "last_edited_user": "",
        "commonname": "Cabbage Palm",
        "picture2018": null,
        "spieces": "Sabal palmetto",
        "last_edited_date": 1764777745387,
        "created_date": 1764777745387,
        "objectid": 631,
        "propertyowner": "COFB",
        "lat": null,
        "height": "8 ft",
        "longitude": null
      }
    },
    {
      "geometry": {
        "type": "Point",
        "coordinates": [
          -81.45113491704794,
          30.684939319304142
        ],
        "crs": null
      },
      "id": 644,
      "type": "Feature",
      "properties": {
        "fulladdress": "1321 N 14th St",
        "created_user": "",
        "latitude": null,
        "globalid": "{B14CDB0B-122D-45F3-8C20-56A7403A3F1A}",
        "picture2023": null,
        "parcelnumber": "00-00-31-1800-0225-0400",
        "picture2022": null,
        "dbh": "1.5\"",
        "picture2021": null,
        "long": null,
        "picture2020": null,
        "dateofplanting": 1768247384000,
        "picture2019": null,
        "last_edited_user": "",
        "commonname": "Red Maple",
        "picture2018": null,
        "spieces": "acer rubrum",
        "last_edited_date": 1768247421273,
        "created_date": 1768247421273,
        "objectid": 644,
        "propertyowner": "COFB Bosque Bello",
        "lat": null,
        "height": "8 ft",
        "longitude": null
      }
    },
    {
      "geometry": {
        "type": "Point",
        "coordinates": [
          -81.45838325688716,
          30.662084528123266
        ],
        "crs": null
      },
      "id": 649,
      "type": "Feature",
      "properties": {
        "fulladdress": "530 S 10th St",
        "created_user": "",
        "latitude": null,
        "globalid": "{A1DD980F-8E2E-42A2-987F-9311D26C9E97}",
        "picture2023": null,
        "parcelnumber": "00-00-31-1800-0145-0010",
        "picture2022": null,
        "dbh": "2\"",
        "picture2021": null,
        "long": null,
        "picture2020": null,
        "dateofplanting": 1768590717000,
        "picture2019": null,
        "last_edited_user": "",
        "commonname": "East Palatka Holly",
        "picture2018": null,
        "spieces": "Ilex x attenuata 'East Palatka'",
        "last_edited_date": 1768936368359,
        "created_date": 1768936368359,
        "objectid": 649,
        "propertyowner": "COFB Peck Ctr",
        "lat": null,
        "height": "8 ft",
        "longitude": null
      }
    },
    {
      "geometry": {
        "type": "Point",
        "coordinates": [
          -81.46570604819883,
          30.668540075983287
        ],
        "crs": null
      },
      "id": 670,
      "type": "Feature",
      "properties": {
        "fulladdress": "123 Front St",
        "created_user": "",
        "latitude": null,
        "globalid": "{2FC15897-CA15-4956-9B96-22D980E1B404}",
        "picture2023": null,
        "parcelnumber": "00-00-31-1760-0029-0010",
        "picture2022": null,
        "dbh": "1.5\"",
        "picture2021": null,
        "long": null,
        "picture2020": null,
        "dateofplanting": 1775923676000,
        "picture2019": null,
        "last_edited_user": "",
        "commonname": "Southern Red Cedar",
        "picture2018": null,
        "spieces": "Juniperus virginiana \"Brodie\"",
        "last_edited_date": 1776355697557,
        "created_date": 1776355697557,
        "objectid": 670,
        "propertyowner": "COFB",
        "lat": null,
        "height": "6 ft",
        "longitude": null
      }
    },
    {
      "geometry": {
        "type": "Point",
        "coordinates": [
          -81.46562425659219,
          30.669071345515313
        ],
        "crs": null
      },
      "id": 697,
      "type": "Feature",
      "properties": {
        "fulladdress": "123 Front St",
        "created_user": "",
        "latitude": null,
        "globalid": "{A73D7861-C127-4C47-BE44-F4342AF5AA9A}",
        "picture2023": null,
        "parcelnumber": "00-00-31-1760-0029-0010",
        "picture2022": null,
        "dbh": "6\"",
        "picture2021": null,
        "long": null,
        "picture2020": null,
        "dateofplanting": 1775925558000,
        "picture2019": null,
        "last_edited_user": "",
        "commonname": "Trident Maple",
        "picture2018": null,
        "spieces": "Acer buergerianum",
        "last_edited_date": 1776357574633,
        "created_date": 1776357574633,
        "objectid": 697,
        "propertyowner": "COFB",
        "lat": null,
        "height": "20 ft",
        "longitude": null
      }
    },
    {
      "geometry": {
        "type": "Point",
        "coordinates": [
          -81.46540462209849,
          30.6695102388366
        ],
        "crs": null
      },
      "id": 723,
      "type": "Feature",
      "properties": {
        "fulladdress": "123 Front St",
        "created_user": "",
        "latitude": null,
        "globalid": "{F0720AA5-4566-4E5D-ABE1-412B9444373C}",
        "picture2023": null,
        "parcelnumber": "00-00-31-1760-0029-0010",
        "picture2022": null,
        "dbh": "6\"",
        "picture2021": null,
        "long": null,
        "picture2020": null,
        "dateofplanting": 1775927082000,
        "picture2019": null,
        "last_edited_user": "",
        "commonname": "Live Oak",
        "picture2018": null,
        "spieces": "Quercus virginiana",
        "last_edited_date": 1776359093487,
        "created_date": 1776359093487,
        "objectid": 723,
        "propertyowner": "COFB",
        "lat": null,
        "height": "20 ft",
        "longitude": null
      }
    },
    {
      "geometry": {
        "type": "Point",
        "coordinates": [
          -81.4424935830538,
          30.639234367729436
        ],
        "crs": null
      },
      "id": 632,
      "type": "Feature",
      "properties": {
        "fulladdress": "Sadler Rd",
        "created_user": "",
        "latitude": null,
        "globalid": "{3DD2C0BD-E3E6-40AB-9EFB-6DC5D456D015}",
        "picture2023": null,
        "parcelnumber": "00-00-30-0600-0002-0151",
        "picture2022": null,
        "dbh": "3\"",
        "picture2021": null,
        "long": null,
        "picture2020": null,
        "dateofplanting": 1764605097000,
        "picture2019": null,
        "last_edited_user": "",
        "commonname": "Live Oak",
        "picture2018": null,
        "spieces": "Quercus virginiana",
        "last_edited_date": 1764777932816,
        "created_date": 1764777932816,
        "objectid": 632,
        "propertyowner": "COFB",
        "lat": null,
        "height": "12 ft",
        "longitude": null
      }
    },
    {
      "geometry": {
        "type": "Point",
        "coordinates": [
          -81.45107373548888,
          30.68457134129794
        ],
        "crs": null
      },
      "id": 645,
      "type": "Feature",
      "properties": {
        "fulladdress": "1321 N 14th St",
        "created_user": "",
        "latitude": null,
        "globalid": "{D0BDEE96-CB92-4DB0-90BB-7D1D7C23B35A}",
        "picture2023": null,
        "parcelnumber": "00-00-31-1800-0225-0400",
        "picture2022": null,
        "dbh": "1.5\"",
        "picture2021": null,
        "long": null,
        "picture2020": null,
        "dateofplanting": 1768247454000,
        "picture2019": null,
        "last_edited_user": "",
        "commonname": "Red Maple",
        "picture2018": null,
        "spieces": "Acer rubrum",
        "last_edited_date": 1768247493431,
        "created_date": 1768247493431,
        "objectid": 645,
        "propertyowner": "COFB Bosque Bello",
        "lat": null,
        "height": "8 ft",
        "longitude": null
      }
    },
    {
      "geometry": {
        "type": "Point",
        "coordinates": [
          -81.45830021931724,
          30.662548809926555
        ],
        "crs": null
      },
      "id": 650,
      "type": "Feature",
      "properties": {
        "fulladdress": "530 S 10th St",
        "created_user": "",
        "latitude": null,
        "globalid": "{68458C16-DF32-4021-9648-B2815FE190A9}",
        "picture2023": null,
        "parcelnumber": "00-00-31-1800-0145-0010",
        "picture2022": null,
        "dbh": "2\"",
        "picture2021": null,
        "long": null,
        "picture2020": null,
        "dateofplanting": 1768590785000,
        "picture2019": null,
        "last_edited_user": "",
        "commonname": "East Palatka Holly",
        "picture2018": null,
        "spieces": "Ilex x attenuata 'East Palatka'",
        "last_edited_date": 1768936449446,
        "created_date": 1768936449446,
        "objectid": 650,
        "propertyowner": "COFB Peck Ctr",
        "lat": null,
        "height": "8 ft",
        "longitude": null
      }
    },
    {
      "geometry": {
        "type": "Point",
        "coordinates": [
          -81.46565761014038,
          30.66860852371645
        ],
        "crs": null
      },
      "id": 671,
      "type": "Feature",
      "properties": {
        "fulladdress": "123 Front St",
        "created_user": "",
        "latitude": null,
        "globalid": "{B3E27020-B1D8-4E35-B8D2-0FD18FB9330E}",
        "picture2023": null,
        "parcelnumber": "00-00-31-1760-0029-0010",
        "picture2022": null,
        "dbh": "6\"",
        "picture2021": null,
        "long": null,
        "picture2020": null,
        "dateofplanting": 1775923736000,
        "picture2019": null,
        "last_edited_user": "",
        "commonname": "Live Oak",
        "picture2018": null,
        "spieces": "Quercus virginiana",
        "last_edited_date": 1776355749330,
        "created_date": 1776355749330,
        "objectid": 671,
        "propertyowner": "COFB",
        "lat": null,
        "height": "20 ft",
        "longitude": null
      }
    },
    {
      "geometry": {
        "type": "Point",
        "coordinates": [
          -81.46560972454586,
          30.669119555991863
        ],
        "crs": null
      },
      "id": 698,
      "type": "Feature",
      "properties": {
        "fulladdress": "123 Front St",
        "created_user": "",
        "latitude": null,
        "globalid": "{9E1ED0DA-3CFA-475C-B6D2-68F27159FBEA}",
        "picture2023": null,
        "parcelnumber": "00-00-31-1760-0029-0010",
        "picture2022": null,
        "dbh": "6\"",
        "picture2021": null,
        "long": null,
        "picture2020": null,
        "dateofplanting": 1775925599000,
        "picture2019": null,
        "last_edited_user": "",
        "commonname": "Trident Maple",
        "picture2018": null,
        "spieces": "Acer buergerianum",
        "last_edited_date": 1776357617118,
        "created_date": 1776357617118,
        "objectid": 698,
        "propertyowner": "COFB",
        "lat": null,
        "height": "20 ft",
        "longitude": null
      }
    },
    {
      "geometry": {
        "type": "Point",
        "coordinates": [
          -81.46543160928626,
          30.66957987578174
        ],
        "crs": null
      },
      "id": 724,
      "type": "Feature",
      "properties": {
        "fulladdress": "123 Front St",
        "created_user": "",
        "latitude": null,
        "globalid": "{D784803D-30AD-4395-BA33-AC8B86DE9CD1}",
        "picture2023": null,
        "parcelnumber": "00-00-31-1760-0029-0010",
        "picture2022": null,
        "dbh": "10\"",
        "picture2021": null,
        "long": null,
        "picture2020": null,
        "dateofplanting": 1775927226000,
        "picture2019": null,
        "last_edited_user": "",
        "commonname": "Cabbage Palm",
        "picture2018": null,
        "spieces": "Sabal palmetto",
        "last_edited_date": 1776359239684,
        "created_date": 1776359239684,
        "objectid": 724,
        "propertyowner": "COFB",
        "lat": null,
        "height": "20 ft",
        "longitude": null
      }
    },
    {
      "geometry": {
        "type": "Point",
        "coordinates": [
          -81.46555124242423,
          30.669774009189204
        ],
        "crs": null
      },
      "id": 730,
      "type": "Feature",
      "properties": {
        "fulladdress": "123 Front St",
        "created_user": "",
        "latitude": null,
        "globalid": "{E66798F1-D2E6-4DF6-B311-9CC6B0F9A98E}",
        "picture2023": null,
        "parcelnumber": "00-00-31-1760-0029-0010",
        "picture2022": null,
        "dbh": "6\"",
        "picture2021": null,
        "long": null,
        "picture2020": null,
        "dateofplanting": 1775931344000,
        "picture2019": null,
        "last_edited_user": "",
        "commonname": "Live Oak",
        "picture2018": null,
        "spieces": "Quercus virginiana",
        "last_edited_date": 1776449763351,
        "created_date": 1776449763351,
        "objectid": 730,
        "propertyowner": "COFB",
        "lat": null,
        "height": "20 ft",
        "longitude": null
      }
    },
    {
      "geometry": {
        "type": "Point",
        "coordinates": [
          -81.4364361622446,
          30.667987385766047
        ],
        "crs": null
      },
      "id": 754,
      "type": "Feature",
      "properties": {
        "fulladdress": "2500 Atlantic Ave",
        "created_user": "",
        "latitude": null,
        "globalid": "{202DAF73-A045-4FA1-9549-3E3254D57D70}",
        "picture2023": null,
        "parcelnumber": "14-3N-29-0000-0002-0000",
        "picture2022": null,
        "dbh": "4\"",
        "picture2021": null,
        "long": null,
        "picture2020": null,
        "dateofplanting": 1777053291000,
        "picture2019": null,
        "last_edited_user": "",
        "commonname": "Live Oak",
        "picture2018": null,
        "spieces": "Quercus virginiana",
        "last_edited_date": 1777053310935,
        "created_date": 1777053310935,
        "objectid": 754,
        "propertyowner": "COFB",
        "lat": null,
        "height": "15 ft",
        "longitude": null
      }
    },
    {
      "geometry": {
        "type": "Point",
        "coordinates": [
          -81.45063900568859,
          30.645508039558493
        ],
        "crs": null
      },
      "id": 633,
      "type": "Feature",
      "properties": {
        "fulladdress": "1630 Park Ave",
        "created_user": "",
        "latitude": null,
        "globalid": "{3E79F578-ED3C-4748-B926-6793CB3CA68B}",
        "picture2023": null,
        "parcelnumber": "00-00-31-102P-0006-11D0",
        "picture2022": null,
        "dbh": "2\"",
        "picture2021": null,
        "long": null,
        "picture2020": null,
        "dateofplanting": 1764605243000,
        "picture2019": null,
        "last_edited_user": "",
        "commonname": "Crape Myrtle Natchez",
        "picture2018": null,
        "spieces": "Lagerstromia X Natchez",
        "last_edited_date": 1764778133428,
        "created_date": 1764778133428,
        "objectid": 633,
        "propertyowner": "COFB",
        "lat": null,
        "height": "6 ft",
        "longitude": null
      }
    },
    {
      "geometry": {
        "type": "Point",
        "coordinates": [
          -81.45147480721208,
          30.68434211007277
        ],
        "crs": null
      },
      "id": 646,
      "type": "Feature",
      "properties": {
        "fulladdress": "1321 N 14th St",
        "created_user": "",
        "latitude": null,
        "globalid": "{49B907EF-CDF7-4692-9DA0-5883187A32A4}",
        "picture2023": null,
        "parcelnumber": "00-00-31-1800-0225-0400",
        "picture2022": null,
        "dbh": "1.5\"",
        "picture2021": null,
        "long": null,
        "picture2020": null,
        "dateofplanting": 1768247527000,
        "picture2019": null,
        "last_edited_user": "",
        "commonname": "Red Maple",
        "picture2018": null,
        "spieces": "Acer rubrum",
        "last_edited_date": 1768247564171,
        "created_date": 1768247564171,
        "objectid": 646,
        "propertyowner": "COFB Bosque Bello",
        "lat": null,
        "height": "8 ft",
        "longitude": null
      }
    },
    {
      "geometry": {
        "type": "Point",
        "coordinates": [
          -81.45831890247852,
          30.662447025132803
        ],
        "crs": null
      },
      "id": 651,
      "type": "Feature",
      "properties": {
        "fulladdress": "530 S 10th St",
        "created_user": "",
        "latitude": null,
        "globalid": "{6635CC57-0810-41E4-853A-5AC713568B3D}",
        "picture2023": null,
        "parcelnumber": "00-00-31-1800-0145-0010",
        "picture2022": null,
        "dbh": "2\"",
        "picture2021": null,
        "long": null,
        "picture2020": null,
        "dateofplanting": 1768590929000,
        "picture2019": null,
        "last_edited_user": "",
        "commonname": "East Palatka Holly",
        "picture2018": null,
        "spieces": "Ilex x attenuata 'East Palatka'",
        "last_edited_date": 1768936569166,
        "created_date": 1768936569166,
        "objectid": 651,
        "propertyowner": "COFB Peck Ctr",
        "lat": null,
        "height": "8 ft",
        "longitude": null
      }
    },
    {
      "geometry": {
        "type": "Point",
        "coordinates": [
          -81.46560917118364,
          30.66856388349282
        ],
        "crs": null
      },
      "id": 672,
      "type": "Feature",
      "properties": {
        "fulladdress": "123 Front St",
        "created_user": "",
        "latitude": null,
        "globalid": "{09666080-0E38-4BD3-AE58-B604E4FDAB5B}",
        "picture2023": null,
        "parcelnumber": "00-00-31-1760-0029-0010",
        "picture2022": null,
        "dbh": "10\"",
        "picture2021": null,
        "long": null,
        "picture2020": null,
        "dateofplanting": 1775923800000,
        "picture2019": null,
        "last_edited_user": "",
        "commonname": "Cabbage Palm",
        "picture2018": null,
        "spieces": "Sabal palmetto",
        "last_edited_date": 1776355842853,
        "created_date": 1776355842853,
        "objectid": 672,
        "propertyowner": "COFB",
        "lat": null,
        "height": "20 ft",
        "longitude": null
      }
    },
    {
      "geometry": {
        "type": "Point",
        "coordinates": [
          -81.46559934541106,
          30.669157053441804
        ],
        "crs": null
      },
      "id": 699,
      "type": "Feature",
      "properties": {
        "fulladdress": "123 Front St",
        "created_user": "",
        "latitude": null,
        "globalid": "{C72FF2EB-5691-4C49-A3F5-C076EB831E72}",
        "picture2023": null,
        "parcelnumber": "00-00-31-1760-0029-0010",
        "picture2022": null,
        "dbh": "6\"",
        "picture2021": null,
        "long": null,
        "picture2020": null,
        "dateofplanting": 1775925645000,
        "picture2019": null,
        "last_edited_user": "",
        "commonname": "Trident Maple",
        "picture2018": null,
        "spieces": "Acer buergerianum",
        "last_edited_date": 1776357660643,
        "created_date": 1776357660643,
        "objectid": 699,
        "propertyowner": "COFB",
        "lat": null,
        "height": "20 ft",
        "longitude": null
      }
    },
    {
      "geometry": {
        "type": "Point",
        "coordinates": [
          -81.46539631807201,
          30.66963701410706
        ],
        "crs": null
      },
      "id": 725,
      "type": "Feature",
      "properties": {
        "fulladdress": "123 Front St",
        "created_user": "",
        "latitude": null,
        "globalid": "{965A4296-9054-46EF-B617-E266D0FF0638}",
        "picture2023": null,
        "parcelnumber": "00-00-31-1760-0029-0010",
        "picture2022": null,
        "dbh": "10\"",
        "picture2021": null,
        "long": null,
        "picture2020": null,
        "dateofplanting": 1775927277000,
        "picture2019": null,
        "last_edited_user": "",
        "commonname": "Cabbage Palm",
        "picture2018": null,
        "spieces": "Sabal palmetto",
        "last_edited_date": 1776359287316,
        "created_date": 1776359287316,
        "objectid": 725,
        "propertyowner": "COFB",
        "lat": null,
        "height": "20 ft",
        "longitude": null
      }
    },
    {
      "geometry": {
        "type": "Point",
        "coordinates": [
          -81.46552757630806,
          30.669734370163567
        ],
        "crs": null
      },
      "id": 731,
      "type": "Feature",
      "properties": {
        "fulladdress": "123 Front St",
        "created_user": "",
        "latitude": null,
        "globalid": "{E75F156B-2949-4A7E-8D16-CCB4E6BD970E}",
        "picture2023": null,
        "parcelnumber": "00-00-31-1760-0029-0010",
        "picture2022": null,
        "dbh": "6\"",
        "picture2021": null,
        "long": null,
        "picture2020": null,
        "dateofplanting": 1775931421000,
        "picture2019": null,
        "last_edited_user": "",
        "commonname": "Trident Maple",
        "picture2018": null,
        "spieces": "Acer buergerianum",
        "last_edited_date": 1776449845998,
        "created_date": 1776449845998,
        "objectid": 731,
        "propertyowner": "COFB",
        "lat": null,
        "height": "20 ft",
        "longitude": null
      }
    },
    {
      "geometry": {
        "type": "Point",
        "coordinates": [
          -81.4628077040032,
          30.672925244232747
        ],
        "crs": null
      },
      "id": 755,
      "type": "Feature",
      "properties": {
        "fulladdress": "111 N 3rd St",
        "created_user": "",
        "latitude": null,
        "globalid": "{78EDF701-C4E9-4EF7-90F5-15A37BF8D1BA}",
        "picture2023": null,
        "parcelnumber": "\t00-00-31-1800-0009-0250",
        "picture2022": null,
        "dbh": "2\"",
        "picture2021": null,
        "long": null,
        "picture2020": null,
        "dateofplanting": 1777053401000,
        "picture2019": null,
        "last_edited_user": "",
        "commonname": "Red Bud",
        "picture2018": null,
        "spieces": "Cercis canadensis",
        "last_edited_date": 1777053898769,
        "created_date": 1777053898769,
        "objectid": 755,
        "propertyowner": "COFB",
        "lat": null,
        "height": "5 ft",
        "longitude": null
      }
    },
    {
      "geometry": {
        "type": "Point",
        "coordinates": [
          -81.46245730624517,
          30.673700513971326
        ],
        "crs": null
      },
      "id": 634,
      "type": "Feature",
      "properties": {
        "fulladdress": "130 N 3rd St",
        "created_user": "",
        "latitude": null,
        "globalid": "{239CF775-75E6-41E3-9F8D-3576565D0212}",
        "picture2023": null,
        "parcelnumber": "00-00-31-1800-0015-0100",
        "picture2022": null,
        "dbh": "2\"",
        "picture2021": null,
        "long": null,
        "picture2020": null,
        "dateofplanting": 1764605514000,
        "picture2019": null,
        "last_edited_user": "",
        "commonname": "Crape Myrtle Muskogee",
        "picture2018": null,
        "spieces": "Lagestromia indica x fauriei 'Muskogee'",
        "last_edited_date": 1764778404201,
        "created_date": 1764778404201,
        "objectid": 634,
        "propertyowner": "COFB",
        "lat": null,
        "height": "6 ft",
        "longitude": null
      }
    },
    {
      "geometry": {
        "type": "Point",
        "coordinates": [
          -81.45833135851825,
          30.662355954762337
        ],
        "crs": null
      },
      "id": 652,
      "type": "Feature",
      "properties": {
        "fulladdress": "530 S 10th St",
        "created_user": "",
        "latitude": null,
        "globalid": "{3040D10D-1FB6-4050-8549-6A1F99AC361E}",
        "picture2023": null,
        "parcelnumber": "00-00-31-1800-0145-0010",
        "picture2022": null,
        "dbh": "2\"",
        "picture2021": null,
        "long": null,
        "picture2020": null,
        "dateofplanting": 1768590983000,
        "picture2019": null,
        "last_edited_user": "",
        "commonname": "East Palatka Holly",
        "picture2018": null,
        "spieces": "Ilex x attenuata 'East Palatka'",
        "last_edited_date": 1768936715346,
        "created_date": 1768936715346,
        "objectid": 652,
        "propertyowner": "COFB Peck Ctr",
        "lat": null,
        "height": "8 ft",
        "longitude": null
      }
    },
    {
      "geometry": {
        "type": "Point",
        "coordinates": [
          -81.46558841201573,
          30.668635307531645
        ],
        "crs": null
      },
      "id": 673,
      "type": "Feature",
      "properties": {
        "fulladdress": "123 Front St",
        "created_user": "",
        "latitude": null,
        "globalid": "{9BDCDA4B-CB4C-4DF7-91F5-003920CA7337}",
        "picture2023": null,
        "parcelnumber": "00-00-31-1760-0029-0010",
        "picture2022": null,
        "dbh": "10\"",
        "picture2021": null,
        "long": null,
        "picture2020": null,
        "dateofplanting": 1775923886000,
        "picture2019": null,
        "last_edited_user": "",
        "commonname": "Cabbage Palm",
        "picture2018": null,
        "spieces": "Sabal palmetto",
        "last_edited_date": 1776355898533,
        "created_date": 1776355898533,
        "objectid": 673,
        "propertyowner": "COFB",
        "lat": null,
        "height": "20 ft",
        "longitude": null
      }
    },
    {
      "geometry": {
        "type": "Point",
        "coordinates": [
          -81.46558896537795,
          30.669189193218543
        ],
        "crs": null
      },
      "id": 700,
      "type": "Feature",
      "properties": {
        "fulladdress": "123 Front St",
        "created_user": "",
        "latitude": null,
        "globalid": "{67714DD4-C084-45F4-8985-0BF7FE471F8E}",
        "picture2023": null,
        "parcelnumber": "00-00-31-1760-0029-0010",
        "picture2022": null,
        "dbh": "6\"",
        "picture2021": null,
        "long": null,
        "picture2020": null,
        "dateofplanting": 1775925690000,
        "picture2019": null,
        "last_edited_user": "",
        "commonname": "Trident Maple",
        "picture2018": null,
        "spieces": "Acer buergerianum",
        "last_edited_date": 1776357707428,
        "created_date": 1776357707428,
        "objectid": 700,
        "propertyowner": "COFB",
        "lat": null,
        "height": "20 ft",
        "longitude": null
      }
    },
    {
      "geometry": {
        "type": "Point",
        "coordinates": [
          -81.46533819168323,
          30.669665583257114
        ],
        "crs": null
      },
      "id": 726,
      "type": "Feature",
      "properties": {
        "fulladdress": "123 Front St",
        "created_user": "",
        "latitude": null,
        "globalid": "{059AD1FA-1D96-45FB-8F03-642CA5ECDB8D}",
        "picture2023": null,
        "parcelnumber": "00-00-31-1760-0029-0010",
        "picture2022": null,
        "dbh": "10\"",
        "picture2021": null,
        "long": null,
        "picture2020": null,
        "dateofplanting": 1775927316000,
        "picture2019": null,
        "last_edited_user": "",
        "commonname": "Cabbage Palm",
        "picture2018": null,
        "spieces": "Sabal palmetto",
        "last_edited_date": 1776359328637,
        "created_date": 1776359328637,
        "objectid": 726,
        "propertyowner": "COFB",
        "lat": null,
        "height": "20 ft",
        "longitude": null
      }
    },
    {
      "geometry": {
        "type": "Point",
        "coordinates": [
          -81.46553380432793,
          30.66971829959453
        ],
        "crs": null
      },
      "id": 732,
      "type": "Feature",
      "properties": {
        "fulladdress": "123 Front St",
        "created_user": "",
        "latitude": null,
        "globalid": "{2173F80D-15AD-48D6-AE07-34B2E66C1C35}",
        "picture2023": null,
        "parcelnumber": "00-00-31-1760-0029-0010",
        "picture2022": null,
        "dbh": "6\"",
        "picture2021": null,
        "long": null,
        "picture2020": null,
        "dateofplanting": 1775931488000,
        "picture2019": null,
        "last_edited_user": "",
        "commonname": "Trident Maple",
        "picture2018": null,
        "spieces": "Acer buergerianum",
        "last_edited_date": 1776449905631,
        "created_date": 1776449905631,
        "objectid": 732,
        "propertyowner": "COFB",
        "lat": null,
        "height": "20 ft",
        "longitude": null
      }
    },
    {
      "geometry": {
        "type": "Point",
        "coordinates": [
          -81.44868573139269,
          30.645795207821607
        ],
        "crs": null
      },
      "id": 756,
      "type": "Feature",
      "properties": {
        "fulladdress": "1797 School St",
        "created_user": "",
        "latitude": null,
        "globalid": "{DB86DA48-734B-4088-B9D6-74889E72E810}",
        "picture2023": null,
        "parcelnumber": "00-00-31-102P-0023-0020",
        "picture2022": null,
        "dbh": "3\"",
        "picture2021": null,
        "long": null,
        "picture2020": null,
        "dateofplanting": 1777054009000,
        "picture2019": null,
        "last_edited_user": "",
        "commonname": "Live oak",
        "picture2018": null,
        "spieces": "Quercus virginiana",
        "last_edited_date": 1777054026075,
        "created_date": 1777054026075,
        "objectid": 756,
        "propertyowner": "COFB",
        "lat": null,
        "height": "8 ft",
        "longitude": null
      }
    },
    {
      "geometry": {
        "type": "Point",
        "coordinates": [
          -81.46240200326133,
          30.673696014953297
        ],
        "crs": null
      },
      "id": 635,
      "type": "Feature",
      "properties": {
        "fulladdress": "130 N 3rd St",
        "created_user": "",
        "latitude": null,
        "globalid": "{4C349AEB-BEB8-4EDA-8CDB-37E1D818AE70}",
        "picture2023": null,
        "parcelnumber": "00-00-31-1800-0015-0100",
        "picture2022": null,
        "dbh": "2\"",
        "picture2021": null,
        "long": null,
        "picture2020": null,
        "dateofplanting": 1764605616000,
        "picture2019": null,
        "last_edited_user": "",
        "commonname": "Crape Myrtle Muskogee",
        "picture2018": null,
        "spieces": "Lagestromia x indica fauriei 'Muskogee'",
        "last_edited_date": 1764778475302,
        "created_date": 1764778475302,
        "objectid": 635,
        "propertyowner": "COFB",
        "lat": null,
        "height": "6 ft",
        "longitude": null
      }
    },
    {
      "geometry": {
        "type": "Point",
        "coordinates": [
          -81.45833966254474,
          30.662273812316254
        ],
        "crs": null
      },
      "id": 653,
      "type": "Feature",
      "properties": {
        "fulladdress": "530 S 10th St",
        "created_user": "",
        "latitude": null,
        "globalid": "{C575B978-EE99-40CE-9DFA-60629BAB55A3}",
        "picture2023": null,
        "parcelnumber": "00-00-31-1800-0145-0010",
        "picture2022": null,
        "dbh": "2\"",
        "picture2021": null,
        "long": null,
        "picture2020": null,
        "dateofplanting": 1768591139000,
        "picture2019": null,
        "last_edited_user": "",
        "commonname": "East Palatka Holly",
        "picture2018": null,
        "spieces": "Ilex x attenuata 'East Palatka'",
        "last_edited_date": 1768936787275,
        "created_date": 1768936787275,
        "objectid": 653,
        "propertyowner": "COFB Peck Ctr",
        "lat": null,
        "height": "8 ft",
        "longitude": null
      }
    },
    {
      "geometry": {
        "type": "Point",
        "coordinates": [
          -81.46558149229311,
          30.668697802556487
        ],
        "crs": null
      },
      "id": 674,
      "type": "Feature",
      "properties": {
        "fulladdress": "123 Front St",
        "created_user": "",
        "latitude": null,
        "globalid": "{B7E42B75-F6D7-4754-93E3-1AF018BD56F0}",
        "picture2023": null,
        "parcelnumber": "00-00-31-1760-0029-0010",
        "picture2022": null,
        "dbh": "10\"",
        "picture2021": null,
        "long": null,
        "picture2020": null,
        "dateofplanting": 1775923925000,
        "picture2019": null,
        "last_edited_user": "",
        "commonname": "Cabbage Palm",
        "picture2018": null,
        "spieces": "Sabal palmetto",
        "last_edited_date": 1776355946363,
        "created_date": 1776355946363,
        "objectid": 674,
        "propertyowner": "COFB",
        "lat": null,
        "height": "20 ft",
        "longitude": null
      }
    },
    {
      "geometry": {
        "type": "Point",
        "coordinates": [
          -81.46555575017032,
          30.66923383238058
        ],
        "crs": null
      },
      "id": 701,
      "type": "Feature",
      "properties": {
        "fulladdress": "123 Front St",
        "created_user": "",
        "latitude": null,
        "globalid": "{AA74FFE3-45BC-4E1D-876D-AD56F6A3A755}",
        "picture2023": null,
        "parcelnumber": "00-00-31-1760-0029-0010",
        "picture2022": null,
        "dbh": "18\"",
        "picture2021": null,
        "long": null,
        "picture2020": null,
        "dateofplanting": 1775925748000,
        "picture2019": null,
        "last_edited_user": "",
        "commonname": "Bismarck Palm",
        "picture2018": null,
        "spieces": "Bismarckia nobilis",
        "last_edited_date": 1776357825140,
        "created_date": 1776357825140,
        "objectid": 701,
        "propertyowner": "COFB",
        "lat": null,
        "height": "30 ft",
        "longitude": null
      }
    },
    {
      "geometry": {
        "type": "Point",
        "coordinates": [
          -81.46528214130107,
          30.669719149521306
        ],
        "crs": null
      },
      "id": 727,
      "type": "Feature",
      "properties": {
        "fulladdress": "123 Front St",
        "created_user": "",
        "latitude": null,
        "globalid": "{6B619D2F-332D-44FD-A890-0839B606522D}",
        "picture2023": null,
        "parcelnumber": "00-00-31-1760-0029-0010",
        "picture2022": null,
        "dbh": "10\"",
        "picture2021": null,
        "long": null,
        "picture2020": null,
        "dateofplanting": 1775927357000,
        "picture2019": null,
        "last_edited_user": "",
        "commonname": "Cabbage Palm",
        "picture2018": null,
        "spieces": "Sabal palmetto",
        "last_edited_date": 1776359375639,
        "created_date": 1776359375639,
        "objectid": 727,
        "propertyowner": "COFB",
        "lat": null,
        "height": "20 ft",
        "longitude": null
      }
    },
    {
      "geometry": {
        "type": "Point",
        "coordinates": [
          -81.46551013821177,
          30.669702229795526
        ],
        "crs": null
      },
      "id": 733,
      "type": "Feature",
      "properties": {
        "fulladdress": "123 Front St",
        "created_user": "",
        "latitude": null,
        "globalid": "{75730420-5350-4B42-8224-A517EA09695E}",
        "picture2023": null,
        "parcelnumber": "00-00-31-1760-0029-0010",
        "picture2022": null,
        "dbh": "6\"",
        "picture2021": null,
        "long": null,
        "picture2020": null,
        "dateofplanting": 1775931574000,
        "picture2019": null,
        "last_edited_user": "",
        "commonname": "Brackens Brown Magnolia",
        "picture2018": null,
        "spieces": "Magnolia grandiflora 'Brackens Brown Beauty'",
        "last_edited_date": 1776450009422,
        "created_date": 1776450009422,
        "objectid": 733,
        "propertyowner": "COFB",
        "lat": null,
        "height": "20 ft",
        "longitude": null
      }
    },
    {
      "geometry": {
        "type": "Point",
        "coordinates": [
          -81.46235043726907,
          30.67369087233512
        ],
        "crs": null
      },
      "id": 636,
      "type": "Feature",
      "properties": {
        "fulladdress": "130 N 3rd St",
        "created_user": "",
        "latitude": null,
        "globalid": "{51263677-A4ED-4ED7-8D01-B21FCBCD4734}",
        "picture2023": null,
        "parcelnumber": "00-00-31-1800-0015-0100",
        "picture2022": null,
        "dbh": "2\"",
        "picture2021": null,
        "long": null,
        "picture2020": null,
        "dateofplanting": 1764605727000,
        "picture2019": null,
        "last_edited_user": "",
        "commonname": "Crape Myrtle Muskogee",
        "picture2018": null,
        "spieces": "Lagestromia x indica fauriei 'Muskogee'",
        "last_edited_date": 1764778581406,
        "created_date": 1764778581406,
        "objectid": 636,
        "propertyowner": "COFB",
        "lat": null,
        "height": "6 ft",
        "longitude": null
      }
    },
    {
      "geometry": {
        "type": "Point",
        "coordinates": [
          -81.45836249771926,
          30.662197027074267
        ],
        "crs": null
      },
      "id": 654,
      "type": "Feature",
      "properties": {
        "fulladdress": "530 S 10th St",
        "created_user": "",
        "latitude": null,
        "globalid": "{ACAC992E-BBA9-400A-98BB-6B9066F1436A}",
        "picture2023": null,
        "parcelnumber": "00-00-31-1800-0145-0010",
        "picture2022": null,
        "dbh": "2\"",
        "picture2021": null,
        "long": null,
        "picture2020": null,
        "dateofplanting": 1768591205000,
        "picture2019": null,
        "last_edited_user": "",
        "commonname": "East Palatka Holly",
        "picture2018": null,
        "spieces": "Ilex x attenuata 'East Palatka'",
        "last_edited_date": 1768936849697,
        "created_date": 1768936849697,
        "objectid": 654,
        "propertyowner": "COFB Peck Ctr",
        "lat": null,
        "height": "8 ft",
        "longitude": null
      }
    },
    {
      "geometry": {
        "type": "Point",
        "coordinates": [
          -81.46555381250425,
          30.668745418264695
        ],
        "crs": null
      },
      "id": 675,
      "type": "Feature",
      "properties": {
        "fulladdress": "123 Front St",
        "created_user": "",
        "latitude": null,
        "globalid": "{52060785-1DBB-4FF8-8229-67F8837928A7}",
        "picture2023": null,
        "parcelnumber": "00-00-31-1760-0029-0010",
        "picture2022": null,
        "dbh": "10\"",
        "picture2021": null,
        "long": null,
        "picture2020": null,
        "dateofplanting": 1775923980000,
        "picture2019": null,
        "last_edited_user": "",
        "commonname": "Cabbage Palm",
        "picture2018": null,
        "spieces": "Sabal palmetto",
        "last_edited_date": 1776355991620,
        "created_date": 1776355991620,
        "objectid": 675,
        "propertyowner": "COFB",
        "lat": null,
        "height": "20 ft",
        "longitude": null
      }
    },
    {
      "geometry": {
        "type": "Point",
        "coordinates": [
          -81.46543949739278,
          30.669183836332262
        ],
        "crs": null
      },
      "id": 702,
      "type": "Feature",
      "properties": {
        "fulladdress": "123 Front St",
        "created_user": "",
        "latitude": null,
        "globalid": "{7ECB909B-1FFC-40F2-BDD6-432B81423B5A}",
        "picture2023": null,
        "parcelnumber": "00-00-31-1760-0029-0010",
        "picture2022": null,
        "dbh": "6\"",
        "picture2021": null,
        "long": null,
        "picture2020": null,
        "dateofplanting": 1775925898000,
        "picture2019": null,
        "last_edited_user": "",
        "commonname": "Brackens Brown Magnolia",
        "picture2018": null,
        "spieces": "Magnolia grandiflora 'Brackens Brown Beauty'",
        "last_edited_date": 1776357950545,
        "created_date": 1776357950545,
        "objectid": 702,
        "propertyowner": "COFB",
        "lat": null,
        "height": "20 ft",
        "longitude": null
      }
    },
    {
      "geometry": {
        "type": "Point",
        "coordinates": [
          -81.46519079970469,
          30.66983699720703
        ],
        "crs": null
      },
      "id": 728,
      "type": "Feature",
      "properties": {
        "fulladdress": "123 Front St",
        "created_user": "",
        "latitude": null,
        "globalid": "{A48ED212-0E79-4BA1-A889-764AE41AFCD9}",
        "picture2023": null,
        "parcelnumber": "00-00-31-1760-0029-0010",
        "picture2022": null,
        "dbh": "6\"",
        "picture2021": null,
        "long": null,
        "picture2020": null,
        "dateofplanting": 1775927424000,
        "picture2019": null,
        "last_edited_user": "",
        "commonname": "Live Oak",
        "picture2018": null,
        "spieces": "Quercus virginiana",
        "last_edited_date": 1776359435582,
        "created_date": 1776359435582,
        "objectid": 728,
        "propertyowner": "COFB",
        "lat": null,
        "height": "20 ft",
        "longitude": null
      }
    },
    {
      "geometry": {
        "type": "Point",
        "coordinates": [
          -81.46548024497406,
          30.669691516079563
        ],
        "crs": null
      },
      "id": 734,
      "type": "Feature",
      "properties": {
        "fulladdress": "123 Front St",
        "created_user": "",
        "latitude": null,
        "globalid": "{4E63319C-9955-43CD-BDA7-C301B24C5CF0}",
        "picture2023": null,
        "parcelnumber": "00-00-31-1760-0029-0010",
        "picture2022": null,
        "dbh": "6\"",
        "picture2021": null,
        "long": null,
        "picture2020": null,
        "dateofplanting": 1775931638000,
        "picture2019": null,
        "last_edited_user": "",
        "commonname": "Brackens Brown Magnolia",
        "picture2018": null,
        "spieces": "Magnolia grandiflora 'Brackens Brown Beauty'",
        "last_edited_date": 1776450061915,
        "created_date": 1776450061915,
        "objectid": 734,
        "propertyowner": "COFB",
        "lat": null,
        "height": "20 ft",
        "longitude": null
      }
    },
    {
      "geometry": {
        "type": "Point",
        "coordinates": [
          -81.44660720140347,
          30.60905856382617
        ],
        "crs": null
      },
      "id": 637,
      "type": "Feature",
      "properties": {
        "fulladdress": "2800 Bill Melton",
        "created_user": "",
        "latitude": null,
        "globalid": "{76374CEB-8250-47F4-B88B-DAA275C60400}",
        "picture2023": null,
        "parcelnumber": "08-2N-28-0000-0001-0000",
        "picture2022": null,
        "dbh": "3\"",
        "picture2021": null,
        "long": null,
        "picture2020": null,
        "dateofplanting": 1764605949000,
        "picture2019": null,
        "last_edited_user": "",
        "commonname": "Chaste Tree",
        "picture2018": null,
        "spieces": "Vitex agnus-castus",
        "last_edited_date": 1764778846658,
        "created_date": 1764778846658,
        "objectid": 637,
        "propertyowner": "COFB Golf Course",
        "lat": null,
        "height": "6 ft",
        "longitude": null
      }
    },
    {
      "geometry": {
        "type": "Point",
        "coordinates": [
          -81.45490680817866,
          30.665242407249394
        ],
        "crs": null
      },
      "id": 655,
      "type": "Feature",
      "properties": {
        "fulladdress": "1205 Date St",
        "created_user": "",
        "latitude": null,
        "globalid": "{10FD69BB-6554-48D0-AE80-EED67503030A}",
        "picture2023": null,
        "parcelnumber": "00-00-31-1800-0230-05C0",
        "picture2022": null,
        "dbh": "2\"",
        "picture2021": null,
        "long": null,
        "picture2020": null,
        "dateofplanting": 1768591323000,
        "picture2019": null,
        "last_edited_user": "",
        "commonname": "Live Oak",
        "picture2018": null,
        "spieces": "Quercus virginiana",
        "last_edited_date": 1768936972107,
        "created_date": 1768936972107,
        "objectid": 655,
        "propertyowner": "COFB ROW",
        "lat": null,
        "height": "8 ft",
        "longitude": null
      }
    },
    {
      "geometry": {
        "type": "Point",
        "coordinates": [
          -81.46552613361372,
          30.668787081314022
        ],
        "crs": null
      },
      "id": 676,
      "type": "Feature",
      "properties": {
        "fulladdress": "123 Front St",
        "created_user": "",
        "latitude": null,
        "globalid": "{12BADB5F-4BB5-42A2-8E91-AB72AD122873}",
        "picture2023": null,
        "parcelnumber": "00-00-31-1760-0029-0010",
        "picture2022": null,
        "dbh": "10\"",
        "picture2021": null,
        "long": null,
        "picture2020": null,
        "dateofplanting": 1775924018000,
        "picture2019": null,
        "last_edited_user": "",
        "commonname": "Cabbage Palm",
        "picture2018": null,
        "spieces": "Sabal palmetto",
        "last_edited_date": 1776356032419,
        "created_date": 1776356032419,
        "objectid": 676,
        "propertyowner": "COFB",
        "lat": null,
        "height": "20 ft",
        "longitude": null
      }
    },
    {
      "geometry": {
        "type": "Point",
        "coordinates": [
          -81.46589537443316,
          30.6692866857152
        ],
        "crs": null
      },
      "id": 703,
      "type": "Feature",
      "properties": {
        "fulladdress": "123 Front St",
        "created_user": "",
        "latitude": null,
        "globalid": "{98184256-D081-4CF4-A7A1-A0D050DCB8F0}",
        "picture2023": null,
        "parcelnumber": "00-00-31-1760-0029-0010",
        "picture2022": null,
        "dbh": "10\"",
        "picture2021": null,
        "long": null,
        "picture2020": null,
        "dateofplanting": 1775925997000,
        "picture2019": null,
        "last_edited_user": "",
        "commonname": "Cabbage Palm",
        "picture2018": null,
        "spieces": "Sabal palmetto",
        "last_edited_date": 1776358010462,
        "created_date": 1776358010462,
        "objectid": 703,
        "propertyowner": "COFB",
        "lat": null,
        "height": "20 ft",
        "longitude": null
      }
    },
    {
      "geometry": {
        "type": "Point",
        "coordinates": [
          -81.46556471805181,
          30.66978928699966
        ],
        "crs": null
      },
      "id": 729,
      "type": "Feature",
      "properties": {
        "fulladdress": "123 Front St",
        "created_user": "",
        "latitude": null,
        "globalid": "{36AE7916-7E65-48BA-91B6-413B48935376}",
        "picture2023": null,
        "parcelnumber": "00-00-31-1760-0029-0010",
        "picture2022": null,
        "dbh": "6\"",
        "picture2021": null,
        "long": null,
        "picture2020": null,
        "dateofplanting": 1775927507000,
        "picture2019": null,
        "last_edited_user": "",
        "commonname": "Live Oak",
        "picture2018": null,
        "spieces": "Quercus virginiana",
        "last_edited_date": 1776359518323,
        "created_date": 1776359518323,
        "objectid": 729,
        "propertyowner": "COFB",
        "lat": null,
        "height": "20 ft",
        "longitude": null
      }
    },
    {
      "geometry": {
        "type": "Point",
        "coordinates": [
          -81.46543914076162,
          30.669680803135087
        ],
        "crs": null
      },
      "id": 735,
      "type": "Feature",
      "properties": {
        "fulladdress": "123 Front St",
        "created_user": "",
        "latitude": null,
        "globalid": "{08221BE2-007B-442A-92E2-69E5C832EAD8}",
        "picture2023": null,
        "parcelnumber": "00-00-31-1760-0029-0010",
        "picture2022": null,
        "dbh": "6\"",
        "picture2021": null,
        "long": null,
        "picture2020": null,
        "dateofplanting": 1775931688000,
        "picture2019": null,
        "last_edited_user": "",
        "commonname": "Brackens Brown Magnolia",
        "picture2018": null,
        "spieces": "Magnolia grandiflora 'Brackens Brown Beauty'",
        "last_edited_date": 1776450111915,
        "created_date": 1776450111915,
        "objectid": 735,
        "propertyowner": "COFB",
        "lat": null,
        "height": "20 ft",
        "longitude": null
      }
    },
    {
      "geometry": {
        "type": "Point",
        "coordinates": [
          -81.44658727227886,
          30.609028547224053
        ],
        "crs": null
      },
      "id": 638,
      "type": "Feature",
      "properties": {
        "fulladdress": "2800 Bill Mleton",
        "created_user": "",
        "latitude": null,
        "globalid": "{92263FD3-98DF-4DB5-864A-7E480529351A}",
        "picture2023": null,
        "parcelnumber": "08-2N-28-0000-0001-0000",
        "picture2022": null,
        "dbh": "3\"",
        "picture2021": null,
        "long": null,
        "picture2020": null,
        "dateofplanting": 1764606061000,
        "picture2019": null,
        "last_edited_user": "",
        "commonname": "Chaste Tree",
        "picture2018": null,
        "spieces": "Vitex agnus-castus",
        "last_edited_date": 1764778904686,
        "created_date": 1764778904686,
        "objectid": 638,
        "propertyowner": "COFB Golf Course",
        "lat": null,
        "height": "5 ft",
        "longitude": null
      }
    },
    {
      "geometry": {
        "type": "Point",
        "coordinates": [
          -81.45480965448236,
          30.66523597918686
        ],
        "crs": null
      },
      "id": 656,
      "type": "Feature",
      "properties": {
        "fulladdress": "1205 Date St",
        "created_user": "",
        "latitude": null,
        "globalid": "{71340A2E-1605-4D9E-9BE1-280134779896}",
        "picture2023": null,
        "parcelnumber": "00-00-31-1800-0230-05C0",
        "picture2022": null,
        "dbh": "2\"",
        "picture2021": null,
        "long": null,
        "picture2020": null,
        "dateofplanting": 1768591386000,
        "picture2019": null,
        "last_edited_user": "",
        "commonname": "Live Oak",
        "picture2018": null,
        "spieces": "Quercus virginiana",
        "last_edited_date": 1768937013369,
        "created_date": 1768937013369,
        "objectid": 656,
        "propertyowner": "COFB ROW",
        "lat": null,
        "height": "8 ft",
        "longitude": null
      }
    },
    {
      "geometry": {
        "type": "Point",
        "coordinates": [
          -81.46551561524007,
          30.66886695662568
        ],
        "crs": null
      },
      "id": 677,
      "type": "Feature",
      "properties": {
        "fulladdress": "123 Front St",
        "created_user": "",
        "latitude": null,
        "globalid": "{146E6C66-C96C-4663-B11C-FEEC4A80D40B}",
        "picture2023": null,
        "parcelnumber": "00-00-31-1760-0029-0010",
        "picture2022": null,
        "dbh": "10\"",
        "picture2021": null,
        "long": null,
        "picture2020": null,
        "dateofplanting": 1775924248000,
        "picture2019": null,
        "last_edited_user": "",
        "commonname": "Cabbage Palm",
        "picture2018": null,
        "spieces": "Sabal palmetto",
        "last_edited_date": 1776356264352,
        "created_date": 1776356264352,
        "objectid": 677,
        "propertyowner": "COFB",
        "lat": null,
        "height": "20 ft",
        "longitude": null
      }
    },
    {
      "geometry": {
        "type": "Point",
        "coordinates": [
          -81.46594893378702,
          30.66925347428528
        ],
        "crs": null
      },
      "id": 704,
      "type": "Feature",
      "properties": {
        "fulladdress": "123 Front St",
        "created_user": "",
        "latitude": null,
        "globalid": "{3629A117-A741-47FA-B8E9-BD86F7BA143B}",
        "picture2023": null,
        "parcelnumber": "00-00-31-1760-0029-0010",
        "picture2022": null,
        "dbh": "10\"",
        "picture2021": null,
        "long": null,
        "picture2020": null,
        "dateofplanting": 1775926040000,
        "picture2019": null,
        "last_edited_user": "",
        "commonname": "Cabbage Palm",
        "picture2018": null,
        "spieces": "Sabal palmetto",
        "last_edited_date": 1776358052765,
        "created_date": 1776358052765,
        "objectid": 704,
        "propertyowner": "COFB",
        "lat": null,
        "height": "20 ft",
        "longitude": null
      }
    },
    {
      "geometry": {
        "type": "Point",
        "coordinates": [
          -81.46549643710706,
          30.66973544107114
        ],
        "crs": null
      },
      "id": 736,
      "type": "Feature",
      "properties": {
        "fulladdress": "123 Front St",
        "created_user": "",
        "latitude": null,
        "globalid": "{A88B4E6D-02F7-4A64-917E-E4DC1E7B612B}",
        "picture2023": null,
        "parcelnumber": "00-00-31-1760-0029-0010",
        "picture2022": null,
        "dbh": "6\"",
        "picture2021": null,
        "long": null,
        "picture2020": null,
        "dateofplanting": 1775931741000,
        "picture2019": null,
        "last_edited_user": "",
        "commonname": "Brackens Brown Magnolia",
        "picture2018": null,
        "spieces": "Magnolia grandiflora 'Brackens Brown Beauty'",
        "last_edited_date": 1776450181024,
        "created_date": 1776450181024,
        "objectid": 736,
        "propertyowner": "COFB",
        "lat": null,
        "height": "20 ft",
        "longitude": null
      }
    },
    {
      "geometry": {
        "type": "Point",
        "coordinates": [
          -81.44656360616271,
          30.608993171165153
        ],
        "crs": null
      },
      "id": 639,
      "type": "Feature",
      "properties": {
        "fulladdress": "2800 Bill Mleton",
        "created_user": "",
        "latitude": null,
        "globalid": "{725C2A5D-D0DC-4B20-AA13-1E2424A0FFF1}",
        "picture2023": null,
        "parcelnumber": "08-2N-28-0000-0001-0000",
        "picture2022": null,
        "dbh": "3\"",
        "picture2021": null,
        "long": null,
        "picture2020": null,
        "dateofplanting": 1764606116000,
        "picture2019": null,
        "last_edited_user": "",
        "commonname": "Chaste Tree",
        "picture2018": null,
        "spieces": "Vitex agnus-castus",
        "last_edited_date": 1764778956041,
        "created_date": 1764778956041,
        "objectid": 639,
        "propertyowner": "COFB Golf Course",
        "lat": null,
        "height": "5 ft",
        "longitude": null
      }
    },
    {
      "geometry": {
        "type": "Point",
        "coordinates": [
          -81.4598693695061,
          30.66823538075801
        ],
        "crs": null
      },
      "id": 657,
      "type": "Feature",
      "properties": {
        "fulladdress": "202 S 7th St",
        "created_user": "",
        "latitude": null,
        "globalid": "{08567BA6-A3A7-4DA6-AEBC-424DC46F419B}",
        "picture2023": null,
        "parcelnumber": "\t00-00-31-1800-0040-0011",
        "picture2022": null,
        "dbh": "2\"",
        "picture2021": null,
        "long": null,
        "picture2020": null,
        "dateofplanting": 1768591497000,
        "picture2019": null,
        "last_edited_user": "",
        "commonname": "Little Gem Magnolia",
        "picture2018": null,
        "spieces": "Magnolia grandiflora 'Little Gem'",
        "last_edited_date": 1768937159886,
        "created_date": 1768937159886,
        "objectid": 657,
        "propertyowner": "COFB ROW",
        "lat": null,
        "height": "6 ft",
        "longitude": null
      }
    },
    {
      "geometry": {
        "type": "Point",
        "coordinates": [
          -81.46550523610526,
          30.668933022767586
        ],
        "crs": null
      },
      "id": 678,
      "type": "Feature",
      "properties": {
        "fulladdress": "123 Front St",
        "created_user": "",
        "latitude": null,
        "globalid": "{5EC31ED7-03E9-4784-B50B-40B18E5E0050}",
        "picture2023": null,
        "parcelnumber": "00-00-31-1760-0029-0010",
        "picture2022": null,
        "dbh": "10\"",
        "picture2021": null,
        "long": null,
        "picture2020": null,
        "dateofplanting": 1775924295000,
        "picture2019": null,
        "last_edited_user": "",
        "commonname": "Cabbage Palm",
        "picture2018": null,
        "spieces": "Sabal palmetto",
        "last_edited_date": 1776356306959,
        "created_date": 1776356306959,
        "objectid": 678,
        "propertyowner": "COFB",
        "lat": null,
        "height": "20 ft",
        "longitude": null
      }
    },
    {
      "geometry": {
        "type": "Point",
        "coordinates": [
          -81.465917794586,
          30.6693241823276
        ],
        "crs": null
      },
      "id": 705,
      "type": "Feature",
      "properties": {
        "fulladdress": "123 Front St",
        "created_user": "",
        "latitude": null,
        "globalid": "{6C300C04-15A0-4B15-92A7-93CB2787E878}",
        "picture2023": null,
        "parcelnumber": "00-00-31-1760-0029-0010",
        "picture2022": null,
        "dbh": "10\"",
        "picture2021": null,
        "long": null,
        "picture2020": null,
        "dateofplanting": 1775926098000,
        "picture2019": null,
        "last_edited_user": "",
        "commonname": "Cabbage Palm",
        "picture2018": null,
        "spieces": "Sabal palmetto",
        "last_edited_date": 1776358107672,
        "created_date": 1776358107672,
        "objectid": 705,
        "propertyowner": "COFB",
        "lat": null,
        "height": "20 ft",
        "longitude": null
      }
    },
    {
      "geometry": {
        "type": "Point",
        "coordinates": [
          -81.46546654386935,
          30.669720442182694
        ],
        "crs": null
      },
      "id": 737,
      "type": "Feature",
      "properties": {
        "fulladdress": "123 Front St",
        "created_user": "",
        "latitude": null,
        "globalid": "{7C405752-6B80-47B5-9B0D-BCF258BEF211}",
        "picture2023": null,
        "parcelnumber": "00-00-31-1760-0029-0010",
        "picture2022": null,
        "dbh": "6\"",
        "picture2021": null,
        "long": null,
        "picture2020": null,
        "dateofplanting": 1775931805000,
        "picture2019": null,
        "last_edited_user": "",
        "commonname": "Brackens Brown Magnolia",
        "picture2018": null,
        "spieces": "Magnolia grandiflora 'Brackens Brown Beauty'",
        "last_edited_date": 1776450233241,
        "created_date": 1776450233241,
        "objectid": 737,
        "propertyowner": "COFB",
        "lat": null,
        "height": "20 ft",
        "longitude": null
      }
    },
    {
      "geometry": {
        "type": "Point",
        "coordinates": [
          -81.44664332266103,
          30.609060707758392
        ],
        "crs": null
      },
      "id": 640,
      "type": "Feature",
      "properties": {
        "fulladdress": "2800 Bill Melton",
        "created_user": "",
        "latitude": null,
        "globalid": "{E7733BF2-A95C-4DC0-964A-AC198F757B6B}",
        "picture2023": null,
        "parcelnumber": "08-2N-28-0000-0001-0000",
        "picture2022": null,
        "dbh": "3\"",
        "picture2021": null,
        "long": null,
        "picture2020": null,
        "dateofplanting": 1764606167000,
        "picture2019": null,
        "last_edited_user": "",
        "commonname": "Chaste Tree",
        "picture2018": null,
        "spieces": "Vitex agnus-castus",
        "last_edited_date": 1764779007346,
        "created_date": 1764779007346,
        "objectid": 640,
        "propertyowner": "COFB Golf Course",
        "lat": null,
        "height": "5 ft",
        "longitude": null
      }
    },
    {
      "geometry": {
        "type": "Point",
        "coordinates": [
          -81.45974232167376,
          30.66820752590741
        ],
        "crs": null
      },
      "id": 658,
      "type": "Feature",
      "properties": {
        "fulladdress": "202 S 7th St",
        "created_user": "",
        "latitude": null,
        "globalid": "{A2E1A61F-8ED1-4138-83C2-EE7519FAFBDE}",
        "picture2023": null,
        "parcelnumber": "\t00-00-31-1800-0040-0011",
        "picture2022": null,
        "dbh": "2\"",
        "picture2021": null,
        "long": null,
        "picture2020": null,
        "dateofplanting": 1768591572000,
        "picture2019": null,
        "last_edited_user": "",
        "commonname": "Little Gem Magnolia",
        "picture2018": null,
        "spieces": "Magnolia grandiflora 'Little Gem'",
        "last_edited_date": 1768937211980,
        "created_date": 1768937211980,
        "objectid": 658,
        "propertyowner": "COFB ROW",
        "lat": null,
        "height": "6 ft",
        "longitude": null
      }
    },
    {
      "geometry": {
        "type": "Point",
        "coordinates": [
          -81.46588042736514,
          30.66893849865848
        ],
        "crs": null
      },
      "id": 679,
      "type": "Feature",
      "properties": {
        "fulladdress": "123 Front St",
        "created_user": "",
        "latitude": null,
        "globalid": "{927C38CD-B4D7-4523-93A8-EA99B13C746D}",
        "picture2023": null,
        "parcelnumber": "00-00-31-1760-0029-0010",
        "picture2022": null,
        "dbh": "6\"",
        "picture2021": null,
        "long": null,
        "picture2020": null,
        "dateofplanting": 1775924381000,
        "picture2019": null,
        "last_edited_user": "",
        "commonname": "Live Oak",
        "picture2018": null,
        "spieces": "Quercus virginiana",
        "last_edited_date": 1776356409677,
        "created_date": 1776356409677,
        "objectid": 679,
        "propertyowner": "COFB",
        "lat": null,
        "height": "20 ft",
        "longitude": null
      }
    },
    {
      "geometry": {
        "type": "Point",
        "coordinates": [
          -81.46591281252945,
          30.669251331686755
        ],
        "crs": null
      },
      "id": 706,
      "type": "Feature",
      "properties": {
        "fulladdress": "123 Front St",
        "created_user": "",
        "latitude": null,
        "globalid": "{2681B2A5-486F-4A1E-ABC7-F624F9B6B022}",
        "picture2023": null,
        "parcelnumber": "00-00-31-1760-0029-0010",
        "picture2022": null,
        "dbh": "10\"",
        "picture2021": null,
        "long": null,
        "picture2020": null,
        "dateofplanting": 1775926136000,
        "picture2019": null,
        "last_edited_user": "",
        "commonname": "Cabbage Palm",
        "picture2018": null,
        "spieces": "Sabal palmetto",
        "last_edited_date": 1776358152831,
        "created_date": 1776358152831,
        "objectid": 706,
        "propertyowner": "COFB",
        "lat": null,
        "height": "20 ft",
        "longitude": null
      }
    },
    {
      "geometry": {
        "type": "Point",
        "coordinates": [
          -81.46543042261176,
          30.669711871829758
        ],
        "crs": null
      },
      "id": 738,
      "type": "Feature",
      "properties": {
        "fulladdress": "123 Front St",
        "created_user": "",
        "latitude": null,
        "globalid": "{AA5E60B0-D090-4190-A4BC-89CD497BDD7A}",
        "picture2023": null,
        "parcelnumber": "00-00-31-1760-0029-0010",
        "picture2022": null,
        "dbh": "6\"",
        "picture2021": null,
        "long": null,
        "picture2020": null,
        "dateofplanting": 1775931858000,
        "picture2019": null,
        "last_edited_user": "",
        "commonname": "Brackens Brown Magnolia",
        "picture2018": null,
        "spieces": "Magnolia grandiflora 'Brackens Brown Beauty'",
        "last_edited_date": 1776450281768,
        "created_date": 1776450281768,
        "objectid": 738,
        "propertyowner": "COFB",
        "lat": null,
        "height": "20 ft",
        "longitude": null
      }
    },
    {
      "geometry": {
        "type": "Point",
        "coordinates": [
          -81.44668068898358,
          30.609052132029262
        ],
        "crs": null
      },
      "id": 641,
      "type": "Feature",
      "properties": {
        "fulladdress": "2800 Bill Melton",
        "created_user": "",
        "latitude": null,
        "globalid": "{86D6445C-3679-424D-A137-BDCFC9591330}",
        "picture2023": null,
        "parcelnumber": "08-2N-28-0000-0001-0000",
        "picture2022": null,
        "dbh": "3\"",
        "picture2021": null,
        "long": null,
        "picture2020": null,
        "dateofplanting": 1764606224000,
        "picture2019": null,
        "last_edited_user": "",
        "commonname": "Chaste Tree",
        "picture2018": null,
        "spieces": "Vitex agnus-castus",
        "last_edited_date": 1764779063226,
        "created_date": 1764779063226,
        "objectid": 641,
        "propertyowner": "COFB Golf Course",
        "lat": null,
        "height": "5 ft",
        "longitude": null
      }
    },
    {
      "geometry": {
        "type": "Point",
        "coordinates": [
          -81.46131547026394,
          30.669678484379343
        ],
        "crs": null
      },
      "id": 659,
      "type": "Feature",
      "properties": {
        "fulladdress": "502 Ash St",
        "created_user": "",
        "latitude": null,
        "globalid": "{1D2E0CE2-9094-42BA-ADB7-2BE3E95D5706}",
        "picture2023": null,
        "parcelnumber": "\t00-00-31-1800-0028-0010",
        "picture2022": null,
        "dbh": "2\"",
        "picture2021": null,
        "long": null,
        "picture2020": null,
        "dateofplanting": 1768591771000,
        "picture2019": null,
        "last_edited_user": "",
        "commonname": "Crape Myrtle Muskogee",
        "picture2018": null,
        "spieces": "Lagerstroemia indica 'Muskogee'",
        "last_edited_date": 1768937427875,
        "created_date": 1768937427875,
        "objectid": 659,
        "propertyowner": "COFB ROW",
        "lat": null,
        "height": "10 ft",
        "longitude": null
      }
    },
    {
      "geometry": {
        "type": "Point",
        "coordinates": [
          -81.46581192184158,
          30.668953497668344
        ],
        "crs": null
      },
      "id": 680,
      "type": "Feature",
      "properties": {
        "fulladdress": "123 Front St",
        "created_user": "",
        "latitude": null,
        "globalid": "{281533CF-C0B5-4A9A-A7CC-FDD662C56E50}",
        "picture2023": null,
        "parcelnumber": "00-00-31-1760-0029-0010",
        "picture2022": null,
        "dbh": "6\"",
        "picture2021": null,
        "long": null,
        "picture2020": null,
        "dateofplanting": 1775924440000,
        "picture2019": null,
        "last_edited_user": "",
        "commonname": "Live Oak",
        "picture2018": null,
        "spieces": "Quercus virginiana",
        "last_edited_date": 1776356456649,
        "created_date": 1776356456649,
        "objectid": 680,
        "propertyowner": "COFB",
        "lat": null,
        "height": "20 ft",
        "longitude": null
      }
    },
    {
      "geometry": {
        "type": "Point",
        "coordinates": [
          -81.46589288340488,
          30.669314540254625
        ],
        "crs": null
      },
      "id": 707,
      "type": "Feature",
      "properties": {
        "fulladdress": "123 Front St",
        "created_user": "",
        "latitude": null,
        "globalid": "{00715E14-AAEE-4454-97DF-AB2AB35B7796}",
        "picture2023": null,
        "parcelnumber": "00-00-31-1760-0029-0010",
        "picture2022": null,
        "dbh": "10\"",
        "picture2021": null,
        "long": null,
        "picture2020": null,
        "dateofplanting": 1775926185000,
        "picture2019": null,
        "last_edited_user": "",
        "commonname": "Cabbage Palm",
        "picture2018": null,
        "spieces": "Sabal palmetto",
        "last_edited_date": 1776358198025,
        "created_date": 1776358198025,
        "objectid": 707,
        "propertyowner": "COFB",
        "lat": null,
        "height": "20 ft",
        "longitude": null
      }
    },
    {
      "geometry": {
        "type": "Point",
        "coordinates": [
          -81.4653893183993,
          30.669701158114915
        ],
        "crs": null
      },
      "id": 739,
      "type": "Feature",
      "properties": {
        "fulladdress": "123 Front St",
        "created_user": "",
        "latitude": null,
        "globalid": "{89EFBE83-F1BA-4229-BC97-C3EA916E1355}",
        "picture2023": null,
        "parcelnumber": "00-00-31-1760-0029-0010",
        "picture2022": null,
        "dbh": "6\"",
        "picture2021": null,
        "long": null,
        "picture2020": null,
        "dateofplanting": 1775931919000,
        "picture2019": null,
        "last_edited_user": "",
        "commonname": "Brackens Brown Magnolia",
        "picture2018": null,
        "spieces": "Magnolia grandiflora 'Brackens Brown Beauty'",
        "last_edited_date": 1776450341730,
        "created_date": 1776450341730,
        "objectid": 739,
        "propertyowner": "COFB",
        "lat": null,
        "height": "20 ft",
        "longitude": null
      }
    },
    {
      "geometry": {
        "type": "Point",
        "coordinates": [
          -81.46122205266091,
          30.669673127520184
        ],
        "crs": null
      },
      "id": 660,
      "type": "Feature",
      "properties": {
        "fulladdress": "502 Ash St",
        "created_user": "",
        "latitude": null,
        "globalid": "{5C879DFA-C7CB-4A89-A7B5-A21516819ACB}",
        "picture2023": null,
        "parcelnumber": "\t00-00-31-1800-0028-0010",
        "picture2022": null,
        "dbh": "2\"",
        "picture2021": null,
        "long": null,
        "picture2020": null,
        "dateofplanting": 1768591840000,
        "picture2019": null,
        "last_edited_user": "",
        "commonname": "Crape Myrtle Muskogee",
        "picture2018": null,
        "spieces": "Lagerstroemia indica 'Muskogee'",
        "last_edited_date": 1768937939082,
        "created_date": 1768937939082,
        "objectid": 660,
        "propertyowner": "COFB ROW",
        "lat": null,
        "height": "10 ft",
        "longitude": null
      }
    },
    {
      "geometry": {
        "type": "Point",
        "coordinates": [
          -81.4657583624877,
          30.668930999152686
        ],
        "crs": null
      },
      "id": 681,
      "type": "Feature",
      "properties": {
        "fulladdress": "123 Front St",
        "created_user": "",
        "latitude": null,
        "globalid": "{C1CEF39A-CE46-42F1-AB4A-F835366A6D76}",
        "picture2023": null,
        "parcelnumber": "00-00-31-1760-0029-0010",
        "picture2022": null,
        "dbh": "6\"",
        "picture2021": null,
        "long": null,
        "picture2020": null,
        "dateofplanting": 1775924493000,
        "picture2019": null,
        "last_edited_user": "",
        "commonname": "Live Oak",
        "picture2018": null,
        "spieces": "Quercus virginiana",
        "last_edited_date": 1776356509250,
        "created_date": 1776356509250,
        "objectid": 681,
        "propertyowner": "COFB",
        "lat": null,
        "height": "20 ft",
        "longitude": null
      }
    },
    {
      "geometry": {
        "type": "Point",
        "coordinates": [
          -81.46586423523216,
          30.669288828312933
        ],
        "crs": null
      },
      "id": 708,
      "type": "Feature",
      "properties": {
        "fulladdress": "123 Front St",
        "created_user": "",
        "latitude": null,
        "globalid": "{933D58FC-8FCE-4A72-A477-EF95EDC2D497}",
        "picture2023": null,
        "parcelnumber": "00-00-31-1760-0029-0010",
        "picture2022": null,
        "dbh": "10\"",
        "picture2021": null,
        "long": null,
        "picture2020": null,
        "dateofplanting": 1775926221000,
        "picture2019": null,
        "last_edited_user": "",
        "commonname": "Cabbage Palm",
        "picture2018": null,
        "spieces": "Sabal palmetto",
        "last_edited_date": 1776358233321,
        "created_date": 1776358233321,
        "objectid": 708,
        "propertyowner": "COFB",
        "lat": null,
        "height": "20 ft",
        "longitude": null
      }
    },
    {
      "geometry": {
        "type": "Point",
        "coordinates": [
          -81.46534074110201,
          30.66972258554347
        ],
        "crs": null
      },
      "id": 740,
      "type": "Feature",
      "properties": {
        "fulladdress": "123 Front St",
        "created_user": "",
        "latitude": null,
        "globalid": "{017B99A6-A57D-4E50-817C-A96525868F7A}",
        "picture2023": null,
        "parcelnumber": "00-00-31-1760-0029-0010",
        "picture2022": null,
        "dbh": "6\"",
        "picture2021": null,
        "long": null,
        "picture2020": null,
        "dateofplanting": 1775931984000,
        "picture2019": null,
        "last_edited_user": "",
        "commonname": "Brackens Brown Magnolia",
        "picture2018": null,
        "spieces": "Magnolia grandiflora 'Brackens Brown Beauty'",
        "last_edited_date": 1776450408246,
        "created_date": 1776450408246,
        "objectid": 740,
        "propertyowner": "COFB",
        "lat": null,
        "height": "20 ft",
        "longitude": null
      }
    },
    {
      "geometry": {
        "type": "Point",
        "coordinates": [
          -81.45342610970593,
          30.64170284450785
        ],
        "crs": null
      },
      "id": 661,
      "type": "Feature",
      "properties": {
        "fulladdress": "0 Lakeside Ct",
        "created_user": "",
        "latitude": null,
        "globalid": "{E1417903-68DC-472D-8DF6-AD19772E038F}",
        "picture2023": null,
        "parcelnumber": "00-00-31-102L-00RW-0000",
        "picture2022": null,
        "dbh": "2\"",
        "picture2021": null,
        "long": null,
        "picture2020": null,
        "dateofplanting": 1768592462000,
        "picture2019": null,
        "last_edited_user": "",
        "commonname": "Live Oak",
        "picture2018": null,
        "spieces": "Quercus virginiana",
        "last_edited_date": 1768938092508,
        "created_date": 1768938092508,
        "objectid": 661,
        "propertyowner": "Amelia Park HOA",
        "lat": null,
        "height": "8 ft",
        "longitude": null
      }
    },
    {
      "geometry": {
        "type": "Point",
        "coordinates": [
          -81.46569732915069,
          30.668897787600542
        ],
        "crs": null
      },
      "id": 682,
      "type": "Feature",
      "properties": {
        "fulladdress": "123 Front St",
        "created_user": "",
        "latitude": null,
        "globalid": "{F7819EDC-CE08-405C-923C-CBB941417243}",
        "picture2023": null,
        "parcelnumber": "00-00-31-1760-0029-0010",
        "picture2022": null,
        "dbh": "6\"",
        "picture2021": null,
        "long": null,
        "picture2020": null,
        "dateofplanting": 1775924542000,
        "picture2019": null,
        "last_edited_user": "",
        "commonname": "Live Oak",
        "picture2018": null,
        "spieces": "Quercus virginiana",
        "last_edited_date": 1776356552590,
        "created_date": 1776356552590,
        "objectid": 682,
        "propertyowner": "COFB",
        "lat": null,
        "height": "20 ft",
        "longitude": null
      }
    },
    {
      "geometry": {
        "type": "Point",
        "coordinates": [
          -81.46587793633687,
          30.66926954415896
        ],
        "crs": null
      },
      "id": 709,
      "type": "Feature",
      "properties": {
        "fulladdress": "123 Front St",
        "created_user": "",
        "latitude": null,
        "globalid": "{922EE6D1-F652-4E9B-9A1E-832E4611FE56}",
        "picture2023": null,
        "parcelnumber": "00-00-31-1760-0029-0010",
        "picture2022": null,
        "dbh": "10\"",
        "picture2021": null,
        "long": null,
        "picture2020": null,
        "dateofplanting": 1775926257000,
        "picture2019": null,
        "last_edited_user": "",
        "commonname": "Cabbage Palm",
        "picture2018": null,
        "spieces": "Sabal palmetto",
        "last_edited_date": 1776358267099,
        "created_date": 1776358267099,
        "objectid": 709,
        "propertyowner": "COFB",
        "lat": null,
        "height": "20 ft",
        "longitude": null
      }
    },
    {
      "geometry": {
        "type": "Point",
        "coordinates": [
          -81.4653282859606,
          30.669772938282055
        ],
        "crs": null
      },
      "id": 741,
      "type": "Feature",
      "properties": {
        "fulladdress": "123 Front St",
        "created_user": "",
        "latitude": null,
        "globalid": "{96879BBB-7449-4729-879A-D9D2EF3C433C}",
        "picture2023": null,
        "parcelnumber": "00-00-31-1760-0029-0010",
        "picture2022": null,
        "dbh": "6\"",
        "picture2021": null,
        "long": null,
        "picture2020": null,
        "dateofplanting": 1775932045000,
        "picture2019": null,
        "last_edited_user": "",
        "commonname": "Brackens Brown Magnolia",
        "picture2018": null,
        "spieces": "Magnolia grandiflora 'Brackens Brown Beauty'",
        "last_edited_date": 1776450476508,
        "created_date": 1776450476508,
        "objectid": 741,
        "propertyowner": "COFB",
        "lat": null,
        "height": "20 ft",
        "longitude": null
      }
    },
    {
      "geometry": {
        "type": "Point",
        "coordinates": [
          -81.45341780657778,
          30.64165104808125
        ],
        "crs": null
      },
      "id": 662,
      "type": "Feature",
      "properties": {
        "fulladdress": "0 Lakeside Ct",
        "created_user": "",
        "latitude": null,
        "globalid": "{931C23CA-8064-4D59-B5C7-29168233B1EA}",
        "picture2023": null,
        "parcelnumber": "00-00-31-102L-00RW-0000",
        "picture2022": null,
        "dbh": "2\"",
        "picture2021": null,
        "long": null,
        "picture2020": null,
        "dateofplanting": 1768592506000,
        "picture2019": null,
        "last_edited_user": "",
        "commonname": "Live Oak",
        "picture2018": null,
        "spieces": "Quercus virginiana",
        "last_edited_date": 1768938133431,
        "created_date": 1768938133431,
        "objectid": 662,
        "propertyowner": "Amelia Park HOA",
        "lat": null,
        "height": "8 ft",
        "longitude": null
      }
    },
    {
      "geometry": {
        "type": "Point",
        "coordinates": [
          -81.46560391244597,
          30.668843149190767
        ],
        "crs": null
      },
      "id": 683,
      "type": "Feature",
      "properties": {
        "fulladdress": "123 Front St",
        "created_user": "",
        "latitude": null,
        "globalid": "{E260061E-F8DE-4D8C-99D7-C375110A9C81}",
        "picture2023": null,
        "parcelnumber": "00-00-31-1760-0029-0010",
        "picture2022": null,
        "dbh": "6\"",
        "picture2021": null,
        "long": null,
        "picture2020": null,
        "dateofplanting": 1775924653000,
        "picture2019": null,
        "last_edited_user": "",
        "commonname": "Live Oak",
        "picture2018": null,
        "spieces": "Quercus virginiana",
        "last_edited_date": 1776356665979,
        "created_date": 1776356665979,
        "objectid": 683,
        "propertyowner": "COFB",
        "lat": null,
        "height": "20 ft",
        "longitude": null
      }
    },
    {
      "geometry": {
        "type": "Point",
        "coordinates": [
          -81.4658891464133,
          30.6692363327232
        ],
        "crs": null
      },
      "id": 710,
      "type": "Feature",
      "properties": {
        "fulladdress": "123 Front St",
        "created_user": "",
        "latitude": null,
        "globalid": "{B2205D3F-528D-42DF-BFC8-46D62518371C}",
        "picture2023": null,
        "parcelnumber": "00-00-31-1760-0029-0010",
        "picture2022": null,
        "dbh": "10\"",
        "picture2021": null,
        "long": null,
        "picture2020": null,
        "dateofplanting": 1775926295000,
        "picture2019": null,
        "last_edited_user": "",
        "commonname": "Cabbage Palm",
        "picture2018": null,
        "spieces": "Sabal palmetto",
        "last_edited_date": 1776358311765,
        "created_date": 1776358311765,
        "objectid": 710,
        "propertyowner": "COFB",
        "lat": null,
        "height": "20 ft",
        "longitude": null
      }
    },
    {
      "geometry": {
        "type": "Point",
        "coordinates": [
          -81.46536067022659,
          30.669777223455895
        ],
        "crs": null
      },
      "id": 742,
      "type": "Feature",
      "properties": {
        "fulladdress": "123 Front St",
        "created_user": "",
        "latitude": null,
        "globalid": "{0DE56D54-67DA-4517-895F-254DD81FEE9B}",
        "picture2023": null,
        "parcelnumber": "00-00-31-1760-0029-0010",
        "picture2022": null,
        "dbh": "6\"",
        "picture2021": null,
        "long": null,
        "picture2020": null,
        "dateofplanting": 1775932113000,
        "picture2019": null,
        "last_edited_user": "",
        "commonname": "Brackens Brown Magnolia",
        "picture2018": null,
        "spieces": "Magnolia grandiflora 'Brackens Brown Beauty'",
        "last_edited_date": 1776450533819,
        "created_date": 1776450533819,
        "objectid": 742,
        "propertyowner": "COFB",
        "lat": null,
        "height": "20 ft",
        "longitude": null
      }
    },
    {
      "geometry": {
        "type": "Point",
        "coordinates": [
          -81.4533887433834,
          30.641604610042
        ],
        "crs": null
      },
      "id": 663,
      "type": "Feature",
      "properties": {
        "fulladdress": "0 Lakeside Ct",
        "created_user": "",
        "latitude": null,
        "globalid": "{1644F28F-0994-4C15-A29F-8962C4690149}",
        "picture2023": null,
        "parcelnumber": "00-00-31-102L-00RW-0000",
        "picture2022": null,
        "dbh": "2\"",
        "picture2021": null,
        "long": null,
        "picture2020": null,
        "dateofplanting": 1768592546000,
        "picture2019": null,
        "last_edited_user": "",
        "commonname": "Live Oak",
        "picture2018": null,
        "spieces": "Quercus virgniana",
        "last_edited_date": 1768938173391,
        "created_date": 1768938173391,
        "objectid": 663,
        "propertyowner": "Amelia Park HOA",
        "lat": null,
        "height": "8 ft",
        "longitude": null
      }
    },
    {
      "geometry": {
        "type": "Point",
        "coordinates": [
          -81.46557028221669,
          30.66892849957485
        ],
        "crs": null
      },
      "id": 684,
      "type": "Feature",
      "properties": {
        "fulladdress": "123 Front St",
        "created_user": "",
        "latitude": null,
        "globalid": "{637F105E-5EEE-4055-A159-5E95377BFC55}",
        "picture2023": null,
        "parcelnumber": "00-00-31-1760-0029-0010",
        "picture2022": null,
        "dbh": "6\"",
        "picture2021": null,
        "long": null,
        "picture2020": null,
        "dateofplanting": 1775924729000,
        "picture2019": null,
        "last_edited_user": "",
        "commonname": "Brakens Brown Magnolia",
        "picture2018": null,
        "spieces": "Magnolia grandiflora 'Brakens Brown Beauty'",
        "last_edited_date": 1776356817692,
        "created_date": 1776356817692,
        "objectid": 684,
        "propertyowner": "COFB",
        "lat": null,
        "height": "20 ft",
        "longitude": null
      }
    },
    {
      "geometry": {
        "type": "Point",
        "coordinates": [
          -81.46556446921846,
          30.66930668380724
        ],
        "crs": null
      },
      "id": 711,
      "type": "Feature",
      "properties": {
        "fulladdress": "123 Front St",
        "created_user": "",
        "latitude": null,
        "globalid": "{47185BCB-F0F7-4132-BE50-BEFFEF0523AC}",
        "picture2023": null,
        "parcelnumber": "00-00-31-1760-0029-0010",
        "picture2022": null,
        "dbh": "6\"",
        "picture2021": null,
        "long": null,
        "picture2020": null,
        "dateofplanting": 1775926384000,
        "picture2019": null,
        "last_edited_user": "",
        "commonname": "Trident Maple",
        "picture2018": null,
        "spieces": "Acer buergerianum",
        "last_edited_date": 1776358401241,
        "created_date": 1776358401241,
        "objectid": 711,
        "propertyowner": "COFB",
        "lat": null,
        "height": "20 ft",
        "longitude": null
      }
    },
    {
      "geometry": {
        "type": "Point",
        "coordinates": [
          -81.4654055105323,
          30.669783651216328
        ],
        "crs": null
      },
      "id": 743,
      "type": "Feature",
      "properties": {
        "fulladdress": "123 Front St",
        "created_user": "",
        "latitude": null,
        "globalid": "{23FF70E3-54B2-41FD-80C6-7F8374D19BA8}",
        "picture2023": null,
        "parcelnumber": "00-00-31-1760-0029-0010",
        "picture2022": null,
        "dbh": "6\"",
        "picture2021": null,
        "long": null,
        "picture2020": null,
        "dateofplanting": 1775932170000,
        "picture2019": null,
        "last_edited_user": "",
        "commonname": "Brackens Brown Magnolia",
        "picture2018": null,
        "spieces": "Magnolia grandiflora 'Brackens Brown Beauty'",
        "last_edited_date": 1776450593262,
        "created_date": 1776450593262,
        "objectid": 743,
        "propertyowner": "COFB",
        "lat": null,
        "height": "20 ft",
        "longitude": null
      }
    },
    {
      "geometry": {
        "type": "Point",
        "coordinates": [
          -81.46677279759872,
          30.62685717370605
        ],
        "crs": null
      },
      "id": 664,
      "type": "Feature",
      "properties": {
        "fulladdress": "423 Dunes of Amelia Dr",
        "created_user": "",
        "latitude": null,
        "globalid": "{10856A48-A177-487A-8624-37F37A68CAC0}",
        "picture2023": null,
        "parcelnumber": "\t00-00-30-044D-000B-0000",
        "picture2022": null,
        "dbh": "2\"",
        "picture2021": null,
        "long": null,
        "picture2020": null,
        "dateofplanting": 1768592664000,
        "picture2019": null,
        "last_edited_user": "",
        "commonname": "Live Oak",
        "picture2018": null,
        "spieces": "Quercus virginiana",
        "last_edited_date": 1768938302385,
        "created_date": 1768938302385,
        "objectid": 664,
        "propertyowner": "Dunes of Amelia HOA",
        "lat": null,
        "height": "8 ft",
        "longitude": null
      }
    },
    {
      "geometry": {
        "type": "Point",
        "coordinates": [
          -81.46554952215045,
          30.668987423145232
        ],
        "crs": null
      },
      "id": 685,
      "type": "Feature",
      "properties": {
        "fulladdress": "123 Front St",
        "created_user": "",
        "latitude": null,
        "globalid": "{5864C17D-15D7-4D22-999C-FEABA8B4EA5E}",
        "picture2023": null,
        "parcelnumber": "00-00-31-1760-0029-0010",
        "picture2022": null,
        "dbh": "6\"",
        "picture2021": null,
        "long": null,
        "picture2020": null,
        "dateofplanting": 1775924859000,
        "picture2019": null,
        "last_edited_user": "",
        "commonname": "Brakens Brown Magnolia",
        "picture2018": null,
        "spieces": "Magnolia grandiflora 'Brakens Brown Beauty'",
        "last_edited_date": 1776356894439,
        "created_date": 1776356894439,
        "objectid": 685,
        "propertyowner": "COFB",
        "lat": null,
        "height": "20 ft",
        "longitude": null
      }
    },
    {
      "geometry": {
        "type": "Point",
        "coordinates": [
          -81.4655582411986,
          30.66934418118456
        ],
        "crs": null
      },
      "id": 712,
      "type": "Feature",
      "properties": {
        "fulladdress": "123 Front St",
        "created_user": "",
        "latitude": null,
        "globalid": "{E84D44B9-8EA9-4D7A-A1CC-5BE81CE3E8B2}",
        "picture2023": null,
        "parcelnumber": "00-00-31-1760-0029-0010",
        "picture2022": null,
        "dbh": "6\"",
        "picture2021": null,
        "long": null,
        "picture2020": null,
        "dateofplanting": 1775926433000,
        "picture2019": null,
        "last_edited_user": "",
        "commonname": "Trident Maple",
        "picture2018": null,
        "spieces": "Acer buergerianum",
        "last_edited_date": 1776358449568,
        "created_date": 1776358449568,
        "objectid": 712,
        "propertyowner": "COFB",
        "lat": null,
        "height": "20 ft",
        "longitude": null
      }
    },
    {
      "geometry": {
        "type": "Point",
        "coordinates": [
          -81.46544536878147,
          30.6697868654827
        ],
        "crs": null
      },
      "id": 744,
      "type": "Feature",
      "properties": {
        "fulladdress": "123 Front St",
        "created_user": "",
        "latitude": null,
        "globalid": "{C98B4C49-0F18-4B4B-AEF3-8F8BD5B7BD5F}",
        "picture2023": null,
        "parcelnumber": "00-00-31-1760-0029-0010",
        "picture2022": null,
        "dbh": "6\"",
        "picture2021": null,
        "long": null,
        "picture2020": null,
        "dateofplanting": 1775932287000,
        "picture2019": null,
        "last_edited_user": "",
        "commonname": "Brackens Brown Magnolia",
        "picture2018": null,
        "spieces": "Magnolia grandiflora 'Brackens Brown Beauty'",
        "last_edited_date": 1776450714823,
        "created_date": 1776450714823,
        "objectid": 744,
        "propertyowner": "COFB",
        "lat": null,
        "height": "20 ft",
        "longitude": null
      }
    },
    {
      "geometry": {
        "type": "Point",
        "coordinates": [
          -81.46682386502599,
          30.62679608014506
        ],
        "crs": null
      },
      "id": 665,
      "type": "Feature",
      "properties": {
        "fulladdress": "423 Dunes of Amelia Dr",
        "created_user": "",
        "latitude": null,
        "globalid": "{325892D5-4155-4D19-89F9-1CDD9ABF9B5B}",
        "picture2023": null,
        "parcelnumber": "\t00-00-30-044D-000B-0000",
        "picture2022": null,
        "dbh": "2\"",
        "picture2021": null,
        "long": null,
        "picture2020": null,
        "dateofplanting": 1768592715000,
        "picture2019": null,
        "last_edited_user": "",
        "commonname": "Live Oak",
        "picture2018": null,
        "spieces": "Quercus virginiana",
        "last_edited_date": 1768938343853,
        "created_date": 1768938343853,
        "objectid": 665,
        "propertyowner": "Dunes of Amelia HOA",
        "lat": null,
        "height": "8 ft",
        "longitude": null
      }
    },
    {
      "geometry": {
        "type": "Point",
        "coordinates": [
          -81.46550177579479,
          30.668992780042405
        ],
        "crs": null
      },
      "id": 686,
      "type": "Feature",
      "properties": {
        "fulladdress": "123 Front St",
        "created_user": "",
        "latitude": null,
        "globalid": "{47FBB09F-F312-4A2D-905C-5383A23435D9}",
        "picture2023": null,
        "parcelnumber": "00-00-31-1760-0029-0010",
        "picture2022": null,
        "dbh": "10\"",
        "picture2021": null,
        "long": null,
        "picture2020": null,
        "dateofplanting": 1775924937000,
        "picture2019": null,
        "last_edited_user": "",
        "commonname": "Cabbage Palm",
        "picture2018": null,
        "spieces": "Sabal palmetto",
        "last_edited_date": 1776356956068,
        "created_date": 1776356956068,
        "objectid": 686,
        "propertyowner": "COFB",
        "lat": null,
        "height": "20 ft",
        "longitude": null
      }
    },
    {
      "geometry": {
        "type": "Point",
        "coordinates": [
          -81.46554578605719,
          30.669381677774645
        ],
        "crs": null
      },
      "id": 713,
      "type": "Feature",
      "properties": {
        "fulladdress": "123 Front St",
        "created_user": "",
        "latitude": null,
        "globalid": "{F7A3F67A-6BBA-4CC1-846C-BA37ECDB834F}",
        "picture2023": null,
        "parcelnumber": "00-00-31-1760-0029-0010",
        "picture2022": null,
        "dbh": "6\"",
        "picture2021": null,
        "long": null,
        "picture2020": null,
        "dateofplanting": 1775926473000,
        "picture2019": null,
        "last_edited_user": "",
        "commonname": "Trident Maple",
        "picture2018": null,
        "spieces": "Acer buergerianum",
        "last_edited_date": 1776358491992,
        "created_date": 1776358491992,
        "objectid": 713,
        "propertyowner": "COFB",
        "lat": null,
        "height": "20 ft",
        "longitude": null
      }
    },
    {
      "geometry": {
        "type": "Point",
        "coordinates": [
          -81.46547775394578,
          30.669794364922023
        ],
        "crs": null
      },
      "id": 745,
      "type": "Feature",
      "properties": {
        "fulladdress": "123 Front St",
        "created_user": "",
        "latitude": null,
        "globalid": "{D9285C4E-C815-47D0-9F26-08CF5C6B1F7D}",
        "picture2023": null,
        "parcelnumber": "00-00-31-1760-0029-0010",
        "picture2022": null,
        "dbh": "6\"",
        "picture2021": null,
        "long": null,
        "picture2020": null,
        "dateofplanting": 1775932341000,
        "picture2019": null,
        "last_edited_user": "",
        "commonname": "Brackens Brown Magnolia",
        "picture2018": null,
        "spieces": "Magnolia grandiflora 'Brackens Brown Beauty'",
        "last_edited_date": 1776450767933,
        "created_date": 1776450767933,
        "objectid": 745,
        "propertyowner": "COFB",
        "lat": null,
        "height": "20 ft",
        "longitude": null
      }
    },
    {
      "geometry": {
        "type": "Point",
        "coordinates": [
          -81.46683009304586,
          30.62668889847451
        ],
        "crs": null
      },
      "id": 666,
      "type": "Feature",
      "properties": {
        "fulladdress": "423 Dunes of Amelia Dr",
        "created_user": "",
        "latitude": null,
        "globalid": "{15C30996-86AB-418E-88DE-5919A3DAD6B1}",
        "picture2023": null,
        "parcelnumber": "00-00-30-044D-000B-0000",
        "picture2022": null,
        "dbh": "2\"",
        "picture2021": null,
        "long": null,
        "picture2020": null,
        "dateofplanting": 1768592762000,
        "picture2019": null,
        "last_edited_user": "",
        "commonname": "Live Oak",
        "picture2018": null,
        "spieces": "Quercus virginiana",
        "last_edited_date": 1768938387304,
        "created_date": 1768938387304,
        "objectid": 666,
        "propertyowner": "Dunes of Amelia HOA",
        "lat": null,
        "height": "8 ft",
        "longitude": null
      }
    },
    {
      "geometry": {
        "type": "Point",
        "coordinates": [
          -81.46548931975506,
          30.669042776189603
        ],
        "crs": null
      },
      "id": 687,
      "type": "Feature",
      "properties": {
        "fulladdress": "123 Front St",
        "created_user": "",
        "latitude": null,
        "globalid": "{DAA229B6-DA6D-4017-B08C-B730DAD7AD90}",
        "picture2023": null,
        "parcelnumber": "00-00-31-1760-0029-0010",
        "picture2022": null,
        "dbh": "10\"",
        "picture2021": null,
        "long": null,
        "picture2020": null,
        "dateofplanting": 1775924989000,
        "picture2019": null,
        "last_edited_user": "",
        "commonname": "Cabbage Palm",
        "picture2018": null,
        "spieces": "Sabal palmetto",
        "last_edited_date": 1776356998582,
        "created_date": 1776356998582,
        "objectid": 687,
        "propertyowner": "COFB",
        "lat": null,
        "height": "20 ft",
        "longitude": null
      }
    },
    {
      "geometry": {
        "type": "Point",
        "coordinates": [
          -81.4655063428297,
          30.66932275444476
        ],
        "crs": null
      },
      "id": 714,
      "type": "Feature",
      "properties": {
        "fulladdress": "123 Front St",
        "created_user": "",
        "latitude": null,
        "globalid": "{EC62E4D2-B6BB-4146-B2B4-83362397DF54}",
        "picture2023": null,
        "parcelnumber": "00-00-31-1760-0029-0010",
        "picture2022": null,
        "dbh": "6\"",
        "picture2021": null,
        "long": null,
        "picture2020": null,
        "dateofplanting": 1775926605000,
        "picture2019": null,
        "last_edited_user": "",
        "commonname": "Trident Maple",
        "picture2018": null,
        "spieces": "Acer buergerianum",
        "last_edited_date": 1776358622944,
        "created_date": 1776358622944,
        "objectid": 714,
        "propertyowner": "COFB",
        "lat": null,
        "height": "20 ft",
        "longitude": null
      }
    },
    {
      "geometry": {
        "type": "Point",
        "coordinates": [
          -81.46546903489764,
          30.66982221931513
        ],
        "crs": null
      },
      "id": 746,
      "type": "Feature",
      "properties": {
        "fulladdress": "123 Front St",
        "created_user": "",
        "latitude": null,
        "globalid": "{D1D58886-CACA-4330-9E99-9202A94A10EB}",
        "picture2023": null,
        "parcelnumber": "00-00-31-1760-0029-0010",
        "picture2022": null,
        "dbh": "6\"",
        "picture2021": null,
        "long": null,
        "picture2020": null,
        "dateofplanting": 1775932414000,
        "picture2019": null,
        "last_edited_user": "",
        "commonname": "Brackens Brown Magnolia",
        "picture2018": null,
        "spieces": "Magnloia grandiflora 'Brackens Brown Beauty'",
        "last_edited_date": 1776450842397,
        "created_date": 1776450842397,
        "objectid": 746,
        "propertyowner": "COFB",
        "lat": null,
        "height": "20 ft",
        "longitude": null
      }
    },
    {
      "geometry": {
        "type": "Point",
        "coordinates": [
          -81.46680144487311,
          30.62663959545367
        ],
        "crs": null
      },
      "id": 667,
      "type": "Feature",
      "properties": {
        "fulladdress": "423 Dunes of Amelia Dr",
        "created_user": "",
        "latitude": null,
        "globalid": "{67C4C83B-71B8-4500-A386-45318B593C17}",
        "picture2023": null,
        "parcelnumber": "00-00-30-044D-000B-0000",
        "picture2022": null,
        "dbh": "2\"",
        "picture2021": null,
        "long": null,
        "picture2020": null,
        "dateofplanting": 1768592804000,
        "picture2019": null,
        "last_edited_user": "",
        "commonname": "Live oak",
        "picture2018": null,
        "spieces": "Quercus virginana",
        "last_edited_date": 1768938442489,
        "created_date": 1768938442489,
        "objectid": 667,
        "propertyowner": "Dunes of Amelia HOA",
        "lat": null,
        "height": "8 ft",
        "longitude": null
      }
    },
    {
      "geometry": {
        "type": "Point",
        "coordinates": [
          -81.4654830926335,
          30.669089201049818
        ],
        "crs": null
      },
      "id": 688,
      "type": "Feature",
      "properties": {
        "fulladdress": "123 Front St",
        "created_user": "",
        "latitude": null,
        "globalid": "{3E43BB8D-F68A-4104-A079-8221018D9916}",
        "picture2023": null,
        "parcelnumber": "00-00-31-1760-0029-0010",
        "picture2022": null,
        "dbh": "10\"",
        "picture2021": null,
        "long": null,
        "picture2020": null,
        "dateofplanting": 1775925032000,
        "picture2019": null,
        "last_edited_user": "",
        "commonname": "Cabbage Palm",
        "picture2018": null,
        "spieces": "Sabal palmetto",
        "last_edited_date": 1776357042330,
        "created_date": 1776357042330,
        "objectid": 688,
        "propertyowner": "COFB",
        "lat": null,
        "height": "20 ft",
        "longitude": null
      }
    },
    {
      "geometry": {
        "type": "Point",
        "coordinates": [
          -81.46550011480983,
          30.66937096479587
        ],
        "crs": null
      },
      "id": 715,
      "type": "Feature",
      "properties": {
        "fulladdress": "123 Front St",
        "created_user": "",
        "latitude": null,
        "globalid": "{D3A83A1D-885F-4250-A61F-B95B0FB6C82E}",
        "picture2023": null,
        "parcelnumber": "00-00-31-1760-0029-0010",
        "picture2022": null,
        "dbh": "6\"",
        "picture2021": null,
        "long": null,
        "picture2020": null,
        "dateofplanting": 1775926650000,
        "picture2019": null,
        "last_edited_user": "",
        "commonname": "Trident Maple",
        "picture2018": null,
        "spieces": "Acer buergerianum",
        "last_edited_date": 1776358662301,
        "created_date": 1776358662301,
        "objectid": 715,
        "propertyowner": "COFB",
        "lat": null,
        "height": "20 ft",
        "longitude": null
      }
    },
    {
      "geometry": {
        "type": "Point",
        "coordinates": [
          -81.46543789569662,
          30.669815791557284
        ],
        "crs": null
      },
      "id": 747,
      "type": "Feature",
      "properties": {
        "fulladdress": "123 Front St",
        "created_user": "",
        "latitude": null,
        "globalid": "{4E32BB9A-FADF-4F99-8F95-1F6FEFD80030}",
        "picture2023": null,
        "parcelnumber": "00-00-31-1760-0029-0010",
        "picture2022": null,
        "dbh": "6\"",
        "picture2021": null,
        "long": null,
        "picture2020": null,
        "dateofplanting": 1775932467000,
        "picture2019": null,
        "last_edited_user": "",
        "commonname": "Brackens Brown Magnolia",
        "picture2018": null,
        "spieces": "Magnolia grandiflora 'Brackens Brown Beauty'",
        "last_edited_date": 1776450892814,
        "created_date": 1776450892814,
        "objectid": 747,
        "propertyowner": "COFB",
        "lat": null,
        "height": "20 ft",
        "longitude": null
      }
    },
    {
      "geometry": {
        "type": "Point",
        "coordinates": [
          -81.4654727126004,
          30.66912848414139
        ],
        "crs": null
      },
      "id": 689,
      "type": "Feature",
      "properties": {
        "fulladdress": "123 Front St",
        "created_user": "",
        "latitude": null,
        "globalid": "{AAB893F2-E602-467B-8635-08D589FD8CAE}",
        "picture2023": null,
        "parcelnumber": "00-00-31-1760-0029-0010",
        "picture2022": null,
        "dbh": "10\"",
        "picture2021": null,
        "long": null,
        "picture2020": null,
        "dateofplanting": 1775925070000,
        "picture2019": null,
        "last_edited_user": "",
        "commonname": "Cabbage Palm",
        "picture2018": null,
        "spieces": "Sabal palmetto",
        "last_edited_date": 1776357084174,
        "created_date": 1776357084174,
        "objectid": 689,
        "propertyowner": "10\"",
        "lat": null,
        "height": "20 ft",
        "longitude": null
      }
    },
    {
      "geometry": {
        "type": "Point",
        "coordinates": [
          -81.46548973567504,
          30.669422746371712
        ],
        "crs": null
      },
      "id": 716,
      "type": "Feature",
      "properties": {
        "fulladdress": "123 Front St",
        "created_user": "",
        "latitude": null,
        "globalid": "{AECF9A60-25E8-4DA7-A95F-AB64B291D5CD}",
        "picture2023": null,
        "parcelnumber": "00-00-31-1760-0029-0010",
        "picture2022": null,
        "dbh": "6\"",
        "picture2021": null,
        "long": null,
        "picture2020": null,
        "dateofplanting": 1775926696000,
        "picture2019": null,
        "last_edited_user": "",
        "commonname": "Trident Maple",
        "picture2018": null,
        "spieces": "Acer buergerianum",
        "last_edited_date": 1776358741270,
        "created_date": 1776358741270,
        "objectid": 716,
        "propertyowner": "COFB",
        "lat": null,
        "height": "20 ft",
        "longitude": null
      }
    },
    {
      "geometry": {
        "type": "Point",
        "coordinates": [
          -81.46540052847575,
          30.669812577291864
        ],
        "crs": null
      },
      "id": 748,
      "type": "Feature",
      "properties": {
        "fulladdress": "123 Front St",
        "created_user": "",
        "latitude": null,
        "globalid": "{066454A8-09DA-405E-AF4B-91DDC3A415FE}",
        "picture2023": null,
        "parcelnumber": "00-00-31-1760-0029-0010",
        "picture2022": null,
        "dbh": "6\"",
        "picture2021": null,
        "long": null,
        "picture2020": null,
        "dateofplanting": 1775932516000,
        "picture2019": null,
        "last_edited_user": "",
        "commonname": "Brackens Brown Magnolia",
        "picture2018": null,
        "spieces": "Magnolia grandiflora 'Brackens Brown Beauty'",
        "last_edited_date": 1776450938633,
        "created_date": 1776450938633,
        "objectid": 748,
        "propertyowner": "COFB",
        "lat": null,
        "height": "20 ft",
        "longitude": null
      }
    },
    {
      "geometry": {
        "type": "Point",
        "coordinates": [
          -81.46546856058715,
          30.66917312333148
        ],
        "crs": null
      },
      "id": 690,
      "type": "Feature",
      "properties": {
        "fulladdress": "123 Front St",
        "created_user": "",
        "latitude": null,
        "globalid": "{0A07E171-4456-4E2E-BFE9-64434088228A}",
        "picture2023": null,
        "parcelnumber": "00-00-31-1760-0029-0010",
        "picture2022": null,
        "dbh": "10\"",
        "picture2021": null,
        "long": null,
        "picture2020": null,
        "dateofplanting": 1775925114000,
        "picture2019": null,
        "last_edited_user": "",
        "commonname": "Cabbage Palm",
        "picture2018": null,
        "spieces": "Sabal palmetto",
        "last_edited_date": 1776357129979,
        "created_date": 1776357129979,
        "objectid": 690,
        "propertyowner": "COFB",
        "lat": null,
        "height": "20 ft",
        "longitude": null
      }
    },
    {
      "geometry": {
        "type": "Point",
        "coordinates": [
          -81.46548765966841,
          30.66946024293137
        ],
        "crs": null
      },
      "id": 717,
      "type": "Feature",
      "properties": {
        "fulladdress": "123 Front St",
        "created_user": "",
        "latitude": null,
        "globalid": "{31CD9024-36C1-41A0-A1DB-9705EED2C7A6}",
        "picture2023": null,
        "parcelnumber": "00-00-31-1760-0029-0010",
        "picture2022": null,
        "dbh": "6\"",
        "picture2021": null,
        "long": null,
        "picture2020": null,
        "dateofplanting": 1775926776000,
        "picture2019": null,
        "last_edited_user": "",
        "commonname": "Trident Maple",
        "picture2018": null,
        "spieces": "Acer buergerianum",
        "last_edited_date": 1776358791689,
        "created_date": 1776358791689,
        "objectid": 717,
        "propertyowner": "COFB",
        "lat": null,
        "height": "20 ft",
        "longitude": null
      }
    },
    {
      "geometry": {
        "type": "Point",
        "coordinates": [
          -81.46535568817002,
          30.669809363799004
        ],
        "crs": null
      },
      "id": 749,
      "type": "Feature",
      "properties": {
        "fulladdress": "123 Front St",
        "created_user": "",
        "latitude": null,
        "globalid": "{A9425082-C089-4911-B2CB-9278D7E53F47}",
        "picture2023": null,
        "parcelnumber": "00-00-31-1760-0029-0010",
        "picture2022": null,
        "dbh": "6\"",
        "picture2021": null,
        "long": null,
        "picture2020": null,
        "dateofplanting": 1775932580000,
        "picture2019": null,
        "last_edited_user": "",
        "commonname": "Brackens Brown Magnolia",
        "picture2018": null,
        "spieces": "Magnolia grandiflora 'Brackens Brown Beauty'",
        "last_edited_date": 1776451004980,
        "created_date": 1776451004980,
        "objectid": 749,
        "propertyowner": "COFB",
        "lat": null,
        "height": "20 ft",
        "longitude": null
      }
    },
    {
      "geometry": {
        "type": "Point",
        "coordinates": [
          -81.46557028221669,
          30.66902670627819
        ],
        "crs": null
      },
      "id": 691,
      "type": "Feature",
      "properties": {
        "fulladdress": null,
        "created_user": "",
        "latitude": null,
        "globalid": "{139E4454-7808-469E-A05C-9FD6D3031DD7}",
        "picture2023": null,
        "parcelnumber": "00-00-31-1760-0029-0010",
        "picture2022": null,
        "dbh": "6\"",
        "picture2021": null,
        "long": null,
        "picture2020": null,
        "dateofplanting": 1775925198000,
        "picture2019": null,
        "last_edited_user": "",
        "commonname": "Trident Maple",
        "picture2018": null,
        "spieces": "Acer buergerianum",
        "last_edited_date": 1776357264689,
        "created_date": 1776357264689,
        "objectid": 691,
        "propertyowner": null,
        "lat": null,
        "height": "20 ft",
        "longitude": null
      }
    },
    {
      "geometry": {
        "type": "Point",
        "coordinates": [
          -81.4654668996022,
          30.669263830306203
        ],
        "crs": null
      },
      "id": 718,
      "type": "Feature",
      "properties": {
        "fulladdress": "123 Front St",
        "created_user": "",
        "latitude": null,
        "globalid": "{6C596CF5-8239-474E-8F4D-97E320ABE098}",
        "picture2023": null,
        "parcelnumber": "00-00-31-1760-0029-0010",
        "picture2022": null,
        "dbh": "10\"",
        "picture2021": null,
        "long": null,
        "picture2020": null,
        "dateofplanting": 1775926859000,
        "picture2019": null,
        "last_edited_user": "",
        "commonname": "Cabbage Palm",
        "picture2018": null,
        "spieces": "Sabal palmetto",
        "last_edited_date": 1776358867350,
        "created_date": 1776358867350,
        "objectid": 718,
        "propertyowner": "COFB",
        "lat": null,
        "height": "20 ft",
        "longitude": null
      }
    },
    {
      "geometry": {
        "type": "Point",
        "coordinates": [
          -81.46531956691246,
          30.66979972177445
        ],
        "crs": null
      },
      "id": 750,
      "type": "Feature",
      "properties": {
        "fulladdress": "123 Front St",
        "created_user": "",
        "latitude": null,
        "globalid": "{0D7E7057-0B0E-4C59-A572-BF0473717BF0}",
        "picture2023": null,
        "parcelnumber": "00-00-31-1760-0029-0010",
        "picture2022": null,
        "dbh": "6\"",
        "picture2021": null,
        "long": null,
        "picture2020": null,
        "dateofplanting": 1775932629000,
        "picture2019": null,
        "last_edited_user": "",
        "commonname": "Brackens Brown Magnolia",
        "picture2018": null,
        "spieces": "Magnolia grandiflora 'Brackens Brown Beauty'",
        "last_edited_date": 1776451806239,
        "created_date": 1776451806239,
        "objectid": 750,
        "propertyowner": "COFB",
        "lat": null,
        "height": "20 ft",
        "longitude": null
      }
    },
    {
      "geometry": {
        "type": "Point",
        "coordinates": [
          -81.46555782617695,
          30.669065988622492
        ],
        "crs": null
      },
      "id": 692,
      "type": "Feature",
      "properties": {
        "fulladdress": "123 Front St",
        "created_user": "",
        "latitude": null,
        "globalid": "{3EBF8C69-6517-4EAA-B76F-D292BE6A2BD0}",
        "picture2023": null,
        "parcelnumber": "00-00-31-1760-0029-0010",
        "picture2022": null,
        "dbh": "6\"",
        "picture2021": null,
        "long": null,
        "picture2020": null,
        "dateofplanting": 1775925294000,
        "picture2019": null,
        "last_edited_user": "",
        "commonname": "Trident Maple",
        "picture2018": null,
        "spieces": "Acer buergerianum",
        "last_edited_date": 1776357314324,
        "created_date": 1776357314324,
        "objectid": 692,
        "propertyowner": "COFB",
        "lat": null,
        "height": "20 ft",
        "longitude": null
      }
    },
    {
      "geometry": {
        "type": "Point",
        "coordinates": [
          -81.46545652046741,
          30.669320968818504
        ],
        "crs": null
      },
      "id": 719,
      "type": "Feature",
      "properties": {
        "fulladdress": "123 Front St",
        "created_user": "",
        "latitude": null,
        "globalid": "{218A84AA-5C80-4D3F-B6FF-78C8F65EB168}",
        "picture2023": null,
        "parcelnumber": "00-00-31-1760-0029-0010",
        "picture2022": null,
        "dbh": "10\"",
        "picture2021": null,
        "long": null,
        "picture2020": null,
        "dateofplanting": 1775926918000,
        "picture2019": null,
        "last_edited_user": "",
        "commonname": "Cabbage Palm",
        "picture2018": null,
        "spieces": "Sabal palmetto",
        "last_edited_date": 1776358928935,
        "created_date": 1776358928935,
        "objectid": 719,
        "propertyowner": "COFB",
        "lat": null,
        "height": "20 ft",
        "longitude": null
      }
    },
    {
      "geometry": {
        "type": "Point",
        "coordinates": [
          -81.46534946015016,
          30.66983828986683
        ],
        "crs": null
      },
      "id": 751,
      "type": "Feature",
      "properties": {
        "fulladdress": "123 Front St",
        "created_user": "",
        "latitude": null,
        "globalid": "{56947027-24EA-4494-A24F-72371A32DD2C}",
        "picture2023": null,
        "parcelnumber": "00-00-31-1760-0029-0010",
        "picture2022": null,
        "dbh": "6\"",
        "picture2021": null,
        "long": null,
        "picture2020": null,
        "dateofplanting": 1775933442000,
        "picture2019": null,
        "last_edited_user": "",
        "commonname": "Brackens Brown Magnolia",
        "picture2018": null,
        "spieces": "Magnolia grandiflora 'Brackens Brown Beauty'",
        "last_edited_date": 1776451883534,
        "created_date": 1776451883534,
        "objectid": 751,
        "propertyowner": "COFB",
        "lat": null,
        "height": "20 ft",
        "longitude": null
      }
    },
    {
      "geometry": {
        "type": "Point",
        "coordinates": [
          -81.46554744614383,
          30.6691159847318
        ],
        "crs": null
      },
      "id": 693,
      "type": "Feature",
      "properties": {
        "fulladdress": "123 Front St",
        "created_user": "",
        "latitude": null,
        "globalid": "{4FCE9CAA-BE45-42B4-81EC-7F1E7B53BF1A}",
        "picture2023": null,
        "parcelnumber": "00-00-31-1760-0029-0010",
        "picture2022": null,
        "dbh": "6\"",
        "picture2021": null,
        "long": null,
        "picture2020": null,
        "dateofplanting": 1775925343000,
        "picture2019": null,
        "last_edited_user": "",
        "commonname": "Trident Maple",
        "picture2018": null,
        "spieces": "Acer buergerianum",
        "last_edited_date": 1776357362024,
        "created_date": 1776357362024,
        "objectid": 693,
        "propertyowner": "COFB",
        "lat": null,
        "height": "20 ft",
        "longitude": null
      }
    },
    {
      "geometry": {
        "type": "Point",
        "coordinates": [
          -81.46545236845417,
          30.6693763208991
        ],
        "crs": null
      },
      "id": 720,
      "type": "Feature",
      "properties": {
        "fulladdress": "123 front St",
        "created_user": "",
        "latitude": null,
        "globalid": "{48F809E3-327C-4E61-BFAC-5695425A1CA5}",
        "picture2023": null,
        "parcelnumber": "00-00-31-1760-0029-0010",
        "picture2022": null,
        "dbh": "6\"",
        "picture2021": null,
        "long": null,
        "picture2020": null,
        "dateofplanting": 1775926964000,
        "picture2019": null,
        "last_edited_user": "",
        "commonname": "Cabbage Palm",
        "picture2018": null,
        "spieces": "Sabal palmetto",
        "last_edited_date": 1776358975723,
        "created_date": 1776358975723,
        "objectid": 720,
        "propertyowner": "COFB",
        "lat": null,
        "height": "20 ft",
        "longitude": null
      }
    },
    {
      "geometry": {
        "type": "Point",
        "coordinates": [
          -81.4653930553909,
          30.669841503358725
        ],
        "crs": null
      },
      "id": 752,
      "type": "Feature",
      "properties": {
        "fulladdress": "123 Front St",
        "created_user": "",
        "latitude": null,
        "globalid": "{CC9B6A67-2ABC-4349-996A-F3C020504177}",
        "picture2023": null,
        "parcelnumber": "00-00-31-1760-0029-0010",
        "picture2022": null,
        "dbh": "6\"",
        "picture2021": null,
        "long": null,
        "picture2020": null,
        "dateofplanting": 1775933509000,
        "picture2019": null,
        "last_edited_user": "",
        "commonname": "Brackens Brown Magnolia",
        "picture2018": null,
        "spieces": "Magnolia grandiflora 'Brackens Brown Beauty'",
        "last_edited_date": 1776451936298,
        "created_date": 1776451936298,
        "objectid": 752,
        "propertyowner": "COFB",
        "lat": null,
        "height": "20 ft",
        "longitude": null
      }
    },
    {
      "geometry": {
        "type": "Point",
        "coordinates": [
          -81.46359033424504,
          30.672520573447574
        ],
        "crs": null
      },
      "id": 573,
      "type": "Feature",
      "properties": {
        "fulladdress": "N 2nd and Alachua",
        "created_user": "kmulcahy",
        "latitude": null,
        "globalid": "{17E94DFA-2816-4630-8C90-AD4392FAEE20}",
        "picture2023": null,
        "parcelnumber": "00-00-31-1800-0010-0090",
        "picture2022": null,
        "dbh": "2.5\"",
        "picture2021": null,
        "long": null,
        "picture2020": null,
        "dateofplanting": 1760711816000,
        "picture2019": null,
        "last_edited_user": "kmulcahy",
        "commonname": "Crape Myrtle Muskogee",
        "picture2018": null,
        "spieces": "Lagestromia indica",
        "last_edited_date": 1764107217000,
        "created_date": 1764107217000,
        "objectid": 573,
        "propertyowner": "COFB",
        "lat": null,
        "height": "5 ft",
        "longitude": null
      }
    },
    {
      "geometry": {
        "type": "Point",
        "coordinates": [
          -81.46355365962525,
          30.672516407381703
        ],
        "crs": null
      },
      "id": 574,
      "type": "Feature",
      "properties": {
        "fulladdress": "N 2nd and Alachua",
        "created_user": "kmulcahy",
        "latitude": null,
        "globalid": "{BB476898-C890-40DE-9452-BFCA93A633BF}",
        "picture2023": null,
        "parcelnumber": "00-00-31-1800-0010-0090",
        "picture2022": null,
        "dbh": "2.5\"",
        "picture2021": null,
        "long": null,
        "picture2020": null,
        "dateofplanting": 1760711977000,
        "picture2019": null,
        "last_edited_user": "kmulcahy",
        "commonname": "Crepe Myrtle Muskogee",
        "picture2018": null,
        "spieces": "Lagestromia indica",
        "last_edited_date": 1764107217000,
        "created_date": 1764107217000,
        "objectid": 574,
        "propertyowner": "COFB",
        "lat": null,
        "height": "5 ft",
        "longitude": null
      }
    },
    {
      "geometry": {
        "type": "Point",
        "coordinates": [
          -81.46351836841099,
          30.672514621814486
        ],
        "crs": null
      },
      "id": 575,
      "type": "Feature",
      "properties": {
        "fulladdress": "N 2nd and Alachua",
        "created_user": "kmulcahy",
        "latitude": null,
        "globalid": "{75B26931-509F-4D13-B786-8A8EDDB41540}",
        "picture2023": null,
        "parcelnumber": "00-00-31-1800-0010-0090",
        "picture2022": null,
        "dbh": "2.5\"",
        "picture2021": null,
        "long": null,
        "picture2020": null,
        "dateofplanting": 1760712029000,
        "picture2019": null,
        "last_edited_user": "kmulcahy",
        "commonname": "Crepe Myrtle Muskogee",
        "picture2018": null,
        "spieces": "Lagestormia indica",
        "last_edited_date": 1764107217000,
        "created_date": 1764107217000,
        "objectid": 575,
        "propertyowner": "COFB",
        "lat": null,
        "height": "5 ft",
        "longitude": null
      }
    },
    {
      "geometry": {
        "type": "Point",
        "coordinates": [
          -81.46054562035366,
          30.673507360423166
        ],
        "crs": null
      },
      "id": 576,
      "type": "Feature",
      "properties": {
        "fulladdress": "502 Broome St",
        "created_user": "kmulcahy",
        "latitude": null,
        "globalid": "{662438E8-DB7A-4F57-BE1F-3117A1AFA5F8}",
        "picture2023": null,
        "parcelnumber": "\t00-00-31-1800-0031-0060",
        "picture2022": null,
        "dbh": "3\"",
        "picture2021": null,
        "long": null,
        "picture2020": null,
        "dateofplanting": 1760712132000,
        "picture2019": null,
        "last_edited_user": "kmulcahy",
        "commonname": "Live Oak",
        "picture2018": null,
        "spieces": "Quercus virginiana",
        "last_edited_date": 1764107217000,
        "created_date": 1764107217000,
        "objectid": 576,
        "propertyowner": "COFB",
        "lat": null,
        "height": "7 ft",
        "longitude": null
      }
    },
    {
      "geometry": {
        "type": "Point",
        "coordinates": [
          -81.46355017506025,
          30.67324760327287
        ],
        "crs": null
      },
      "id": 620,
      "type": "Feature",
      "properties": {
        "fulladdress": "120 N 2nd St",
        "created_user": "kmulcahy",
        "latitude": null,
        "globalid": "{94B8DECF-FFC3-4E58-9DC7-E2E4B19A2978}",
        "picture2023": null,
        "parcelnumber": "00-00-31-1800-0009-0060",
        "picture2022": null,
        "dbh": "3\"",
        "picture2021": null,
        "long": null,
        "picture2020": null,
        "dateofplanting": 1761848306000,
        "picture2019": null,
        "last_edited_user": "kmulcahy",
        "commonname": "Live Oak",
        "picture2018": null,
        "spieces": "Quercus virginiana",
        "last_edited_date": 1764107217000,
        "created_date": 1764107217000,
        "objectid": 620,
        "propertyowner": "COFB",
        "lat": null,
        "height": "10 ft",
        "longitude": null
      }
    },
    {
      "geometry": {
        "type": "Point",
        "coordinates": [
          -81.45085156235616,
          30.639238546823496
        ],
        "crs": null
      },
      "id": 577,
      "type": "Feature",
      "properties": {
        "fulladdress": "1550 Sadler",
        "created_user": "kmulcahy",
        "latitude": null,
        "globalid": "{63C4A78A-72F9-4E56-A2D1-89E760E72235}",
        "picture2023": null,
        "parcelnumber": "29-3N-28-0000-0004-0110",
        "picture2022": null,
        "dbh": "2.5\"",
        "picture2021": null,
        "long": null,
        "picture2020": null,
        "dateofplanting": 1760712257000,
        "picture2019": null,
        "last_edited_user": "kmulcahy",
        "commonname": "Live Oak",
        "picture2018": null,
        "spieces": "Quercus virginiana",
        "last_edited_date": 1764107217000,
        "created_date": 1764107217000,
        "objectid": 577,
        "propertyowner": "Island Falls",
        "lat": null,
        "height": "6 ft",
        "longitude": null
      }
    },
    {
      "geometry": {
        "type": "Point",
        "coordinates": [
          -81.46354145601211,
          30.673318308391863
        ],
        "crs": null
      },
      "id": 621,
      "type": "Feature",
      "properties": {
        "fulladdress": "120 N 2nd St",
        "created_user": "kmulcahy",
        "latitude": null,
        "globalid": "{50AF273D-0399-4E7C-9C6D-ED129CBF28FD}",
        "picture2023": null,
        "parcelnumber": "0-00-31-1800-0009-0060",
        "picture2022": null,
        "dbh": "2\"",
        "picture2021": null,
        "long": null,
        "picture2020": null,
        "dateofplanting": 1761848373000,
        "picture2019": null,
        "last_edited_user": "kmulcahy",
        "commonname": "Red Maple",
        "picture2018": null,
        "spieces": "Acer rubrum",
        "last_edited_date": 1764107217000,
        "created_date": 1764107217000,
        "objectid": 621,
        "propertyowner": "COFB",
        "lat": null,
        "height": "8 ft",
        "longitude": null
      }
    },
    {
      "geometry": {
        "type": "Point",
        "coordinates": [
          -81.46087299788422,
          30.65599965262796
        ],
        "crs": null
      },
      "id": 627,
      "type": "Feature",
      "properties": {
        "fulladdress": "1198 S 8th St",
        "created_user": "kmulcahy",
        "latitude": null,
        "globalid": "{3F08E707-F5EB-4C5E-8CEC-25CC8224DE8A}",
        "picture2023": null,
        "parcelnumber": "00-00-31-1800-0180-0040",
        "picture2022": null,
        "dbh": "14\"",
        "picture2021": null,
        "long": null,
        "picture2020": null,
        "dateofplanting": 1763491697000,
        "picture2019": null,
        "last_edited_user": "kmulcahy",
        "commonname": "Cabbage Palm",
        "picture2018": null,
        "spieces": "Sabal palmetto",
        "last_edited_date": 1764107217000,
        "created_date": 1764107217000,
        "objectid": 627,
        "propertyowner": "COFB",
        "lat": null,
        "height": "35\"",
        "longitude": null
      }
    },
    {
      "geometry": {
        "type": "Point",
        "coordinates": [
          -81.46377410619598,
          30.66992350570182
        ],
        "crs": null
      },
      "id": 628,
      "type": "Feature",
      "properties": {
        "fulladdress": "204 Ash St",
        "created_user": "kmulcahy",
        "latitude": null,
        "globalid": "{92A3ECAB-8042-43E1-AE6C-2D95AAFA1356}",
        "picture2023": null,
        "parcelnumber": "00-00-31-1800-0270-0010",
        "picture2022": null,
        "dbh": "14\"",
        "picture2021": null,
        "long": null,
        "picture2020": null,
        "dateofplanting": 1763491818000,
        "picture2019": null,
        "last_edited_user": "kmulcahy",
        "commonname": "Cabbage Palm",
        "picture2018": null,
        "spieces": "Sabal palmetto",
        "last_edited_date": 1764107217000,
        "created_date": 1764107217000,
        "objectid": 628,
        "propertyowner": "COFB",
        "lat": null,
        "height": "35'",
        "longitude": null
      }
    },
    {
      "geometry": {
        "type": "Point",
        "coordinates": [
          -81.450844088373,
          30.639184963667198
        ],
        "crs": null
      },
      "id": 578,
      "type": "Feature",
      "properties": {
        "fulladdress": "1550 Sadler",
        "created_user": "kmulcahy",
        "latitude": null,
        "globalid": "{CA95CDB5-401F-477F-AF99-052A74811B95}",
        "picture2023": null,
        "parcelnumber": "29-3N-28-0000-0004-0110",
        "picture2022": null,
        "dbh": "2.5\"",
        "picture2021": null,
        "long": null,
        "picture2020": null,
        "dateofplanting": 1760712301000,
        "picture2019": null,
        "last_edited_user": "kmulcahy",
        "commonname": "Live Oak",
        "picture2018": null,
        "spieces": "Quercus virginiana",
        "last_edited_date": 1764107217000,
        "created_date": 1764107217000,
        "objectid": 578,
        "propertyowner": "Island Falls",
        "lat": null,
        "height": "5 ft",
        "longitude": null
      }
    },
    {
      "geometry": {
        "type": "Point",
        "coordinates": [
          -81.45838433576381,
          30.674126256265986
        ],
        "crs": null
      },
      "id": 515,
      "type": "Feature",
      "properties": {
        "fulladdress": "N 8th St ROW",
        "created_user": "kmulcahy",
        "latitude": null,
        "globalid": "{311E3006-2C2C-46F1-A744-36D3BB7DAFE6}",
        "picture2023": null,
        "parcelnumber": "00-00-31-1800-0068-0050",
        "picture2022": null,
        "dbh": "1.5\"",
        "picture2021": null,
        "long": null,
        "picture2020": null,
        "dateofplanting": 1743480000000,
        "picture2019": null,
        "last_edited_user": "kmulcahy",
        "commonname": "Yaupon Holly",
        "picture2018": null,
        "spieces": "Ilex vomitoria",
        "last_edited_date": 1764107217000,
        "created_date": 1764107217000,
        "objectid": 515,
        "propertyowner": "COFB",
        "lat": null,
        "height": "5 ft",
        "longitude": null
      }
    },
    {
      "geometry": {
        "type": "Point",
        "coordinates": [
          -81.45867133222573,
          30.672209185026652
        ],
        "crs": null
      },
      "id": 523,
      "type": "Feature",
      "properties": {
        "fulladdress": "N 8th St ROW",
        "created_user": "kmulcahy",
        "latitude": null,
        "globalid": "{AC78CCD8-E930-4F56-88EE-3AF53394E4F8}",
        "picture2023": null,
        "parcelnumber": "00-00-31-1800-0069-0010",
        "picture2022": null,
        "dbh": "2\"",
        "picture2021": null,
        "long": null,
        "picture2020": null,
        "dateofplanting": 1743480000000,
        "picture2019": null,
        "last_edited_user": "kmulcahy",
        "commonname": "Dahoon Holly",
        "picture2018": null,
        "spieces": "Ilex cassine",
        "last_edited_date": 1764107217000,
        "created_date": 1764107217000,
        "objectid": 523,
        "propertyowner": "COFB",
        "lat": null,
        "height": "7 ft",
        "longitude": null
      }
    },
    {
      "geometry": {
        "type": "Point",
        "coordinates": [
          -81.44684130326479,
          30.61071136529466
        ],
        "crs": null
      },
      "id": 530,
      "type": "Feature",
      "properties": {
        "fulladdress": "2800 Bill Melton",
        "created_user": "kmulcahy",
        "latitude": null,
        "globalid": "{26DC59D9-77DB-4A94-95F0-4B628C5CF19E}",
        "picture2023": null,
        "parcelnumber": "08-2N-28-0000-0001-0000",
        "picture2022": null,
        "dbh": "1\"",
        "picture2021": null,
        "long": null,
        "picture2020": null,
        "dateofplanting": 1743480000000,
        "picture2019": null,
        "last_edited_user": "kmulcahy",
        "commonname": "Plum Pine",
        "picture2018": null,
        "spieces": "Podocarpus",
        "last_edited_date": 1764107217000,
        "created_date": 1764107217000,
        "objectid": 530,
        "propertyowner": "COFB Golf Course",
        "lat": null,
        "height": "4 ft",
        "longitude": null
      }
    },
    {
      "geometry": {
        "type": "Point",
        "coordinates": [
          -81.4584192047699,
          30.67389094980285
        ],
        "crs": null
      },
      "id": 516,
      "type": "Feature",
      "properties": {
        "fulladdress": "N 8th ST ROW",
        "created_user": "kmulcahy",
        "latitude": null,
        "globalid": "{EF151EA3-E490-4AFA-B331-CDE15ACD474E}",
        "picture2023": null,
        "parcelnumber": "00-00-31-1800-0068-0050",
        "picture2022": null,
        "dbh": "1.5\"",
        "picture2021": null,
        "long": null,
        "picture2020": null,
        "dateofplanting": 1743480000000,
        "picture2019": null,
        "last_edited_user": "kmulcahy",
        "commonname": "Yaupon Holly",
        "picture2018": null,
        "spieces": "Ilex vomitoria",
        "last_edited_date": 1764107217000,
        "created_date": 1764107217000,
        "objectid": 516,
        "propertyowner": "COFB",
        "lat": null,
        "height": "5 ft",
        "longitude": null
      }
    },
    {
      "geometry": {
        "type": "Point",
        "coordinates": [
          -81.46468093930561,
          30.67149351378992
        ],
        "crs": null
      },
      "id": 579,
      "type": "Feature",
      "properties": {
        "fulladdress": "101 Centre St",
        "created_user": "kmulcahy",
        "latitude": null,
        "globalid": "{8EB3FFCC-998A-4DB4-993E-72F55767D843}",
        "picture2023": null,
        "parcelnumber": "00-00-31-1800-0001-0012",
        "picture2022": null,
        "dbh": "4\"",
        "picture2021": null,
        "long": null,
        "picture2020": null,
        "dateofplanting": 1761836157000,
        "picture2019": null,
        "last_edited_user": "kmulcahy",
        "commonname": "Columnar English Oak",
        "picture2018": null,
        "spieces": "Quercus robur 'Fastigiata'",
        "last_edited_date": 1764107217000,
        "created_date": 1764107217000,
        "objectid": 579,
        "propertyowner": "COFB",
        "lat": null,
        "height": "15 ft",
        "longitude": null
      }
    },
    {
      "geometry": {
        "type": "Point",
        "coordinates": [
          -81.44685538435688,
          30.610718867769453
        ],
        "crs": null
      },
      "id": 531,
      "type": "Feature",
      "properties": {
        "fulladdress": "2800 Bill Melton",
        "created_user": "kmulcahy",
        "latitude": null,
        "globalid": "{CB723756-AD28-4F7F-8DE4-D1591E57E228}",
        "picture2023": null,
        "parcelnumber": "08-2N-28-0000-0001-0000",
        "picture2022": null,
        "dbh": "1\"",
        "picture2021": null,
        "long": null,
        "picture2020": null,
        "dateofplanting": 1743480000000,
        "picture2019": null,
        "last_edited_user": "kmulcahy",
        "commonname": "Plum Pine",
        "picture2018": null,
        "spieces": "Podocarpus",
        "last_edited_date": 1764107217000,
        "created_date": 1764107217000,
        "objectid": 531,
        "propertyowner": "COFB Golf Course",
        "lat": null,
        "height": "4 ft",
        "longitude": null
      }
    },
    {
      "geometry": {
        "type": "Point",
        "coordinates": [
          -81.44686611293632,
          30.610719444525998
        ],
        "crs": null
      },
      "id": 532,
      "type": "Feature",
      "properties": {
        "fulladdress": "2800 Bill Melton",
        "created_user": "kmulcahy",
        "latitude": null,
        "globalid": "{4BD30E71-4F44-48CA-BC20-40374DF53225}",
        "picture2023": null,
        "parcelnumber": "08-2N-28-0000-0001-0000",
        "picture2022": null,
        "dbh": "1\"",
        "picture2021": null,
        "long": null,
        "picture2020": null,
        "dateofplanting": 1743480000000,
        "picture2019": null,
        "last_edited_user": "kmulcahy",
        "commonname": "Plum Pine",
        "picture2018": null,
        "spieces": "Podocarpus",
        "last_edited_date": 1764107217000,
        "created_date": 1764107217000,
        "objectid": 532,
        "propertyowner": "COFB Golf Course",
        "lat": null,
        "height": "4 ft",
        "longitude": null
      }
    },
    {
      "geometry": {
        "type": "Point",
        "coordinates": [
          -81.44687550122936,
          30.610717135953397
        ],
        "crs": null
      },
      "id": 533,
      "type": "Feature",
      "properties": {
        "fulladdress": "2800 Bill Melton",
        "created_user": "kmulcahy",
        "latitude": null,
        "globalid": "{9ADF6A0F-96FB-4AD8-9DF1-470F5688DE0D}",
        "picture2023": null,
        "parcelnumber": "08-2N-28-0000-0001-0000",
        "picture2022": null,
        "dbh": "1\"",
        "picture2021": null,
        "long": null,
        "picture2020": null,
        "dateofplanting": 1743480000000,
        "picture2019": null,
        "last_edited_user": "kmulcahy",
        "commonname": "Plum Pine",
        "picture2018": null,
        "spieces": "Podocarpus",
        "last_edited_date": 1764107217000,
        "created_date": 1764107217000,
        "objectid": 533,
        "propertyowner": "COFB Golf Course",
        "lat": null,
        "height": "4 ft",
        "longitude": null
      }
    },
    {
      "geometry": {
        "type": "Point",
        "coordinates": [
          -81.44743004742392,
          30.610885651560448
        ],
        "crs": null
      },
      "id": 546,
      "type": "Feature",
      "properties": {
        "fulladdress": "2800 Bill Melton",
        "created_user": "kmulcahy",
        "latitude": null,
        "globalid": "{9092063D-524A-48FC-A519-3A765907F0AB}",
        "picture2023": null,
        "parcelnumber": "08-2N-28-0000-0001-0000",
        "picture2022": null,
        "dbh": "1\"",
        "picture2021": null,
        "long": null,
        "picture2020": null,
        "dateofplanting": 1743480000000,
        "picture2019": null,
        "last_edited_user": "kmulcahy",
        "commonname": "Fig",
        "picture2018": null,
        "spieces": "Ficus carica",
        "last_edited_date": 1764107217000,
        "created_date": 1764107217000,
        "objectid": 546,
        "propertyowner": "COFB Golf Course",
        "lat": null,
        "height": "4 ft",
        "longitude": null
      }
    },
    {
      "geometry": {
        "type": "Point",
        "coordinates": [
          -81.44265918118822,
          30.639269183975102
        ],
        "crs": null
      },
      "id": 559,
      "type": "Feature",
      "properties": {
        "fulladdress": "Sadler Rd",
        "created_user": "kmulcahy",
        "latitude": null,
        "globalid": "{9A4267F8-8E29-4309-AB9C-264646FD5B96}",
        "picture2023": null,
        "parcelnumber": "00-00-30-0600-0002-0151",
        "picture2022": null,
        "dbh": "4\"",
        "picture2021": null,
        "long": null,
        "picture2020": null,
        "dateofplanting": 1745294400000,
        "picture2019": null,
        "last_edited_user": "kmulcahy",
        "commonname": "Live Oak",
        "picture2018": null,
        "spieces": "Quercus virginiana",
        "last_edited_date": 1764107217000,
        "created_date": 1764107217000,
        "objectid": 559,
        "propertyowner": "COFB",
        "lat": null,
        "height": "14 ft",
        "longitude": null
      }
    },
    {
      "geometry": {
        "type": "Point",
        "coordinates": [
          -81.44688689995199,
          30.610718290239678
        ],
        "crs": null
      },
      "id": 534,
      "type": "Feature",
      "properties": {
        "fulladdress": "2800 Bill Melton",
        "created_user": "kmulcahy",
        "latitude": null,
        "globalid": "{30C6BFE6-7386-4A5D-993D-9704FFCD7719}",
        "picture2023": null,
        "parcelnumber": "08-2N-28-0000-0001-0000",
        "picture2022": null,
        "dbh": "1\"",
        "picture2021": null,
        "long": null,
        "picture2020": null,
        "dateofplanting": 1743480000000,
        "picture2019": null,
        "last_edited_user": "kmulcahy",
        "commonname": "Plum Pine",
        "picture2018": null,
        "spieces": "Podocarpus",
        "last_edited_date": 1764107217000,
        "created_date": 1764107217000,
        "objectid": 534,
        "propertyowner": "COFB Golf Course",
        "lat": null,
        "height": "4 ft",
        "longitude": null
      }
    },
    {
      "geometry": {
        "type": "Point",
        "coordinates": [
          -81.45863780440438,
          30.672467565036463
        ],
        "crs": null
      },
      "id": 524,
      "type": "Feature",
      "properties": {
        "fulladdress": "N 8th St ROW",
        "created_user": "kmulcahy",
        "latitude": null,
        "globalid": "{05B39F23-1943-4231-A502-BBB1B84E2F39}",
        "picture2023": null,
        "parcelnumber": "00-00-31-1800-0069-0010",
        "picture2022": null,
        "dbh": "2\"",
        "picture2021": null,
        "long": null,
        "picture2020": null,
        "dateofplanting": 1743480000000,
        "picture2019": null,
        "last_edited_user": "kmulcahy",
        "commonname": "Dahoon Holly",
        "picture2018": null,
        "spieces": "Ilex cassine",
        "last_edited_date": 1764107217000,
        "created_date": 1764107217000,
        "objectid": 524,
        "propertyowner": "COFB",
        "lat": null,
        "height": "7 ft",
        "longitude": null
      }
    },
    {
      "geometry": {
        "type": "Point",
        "coordinates": [
          -81.44695328545149,
          30.61071482738068
        ],
        "crs": null
      },
      "id": 540,
      "type": "Feature",
      "properties": {
        "fulladdress": "2800 Bill Melton",
        "created_user": "kmulcahy",
        "latitude": null,
        "globalid": "{572E3713-7492-4733-BA00-8916127FDEFB}",
        "picture2023": null,
        "parcelnumber": "08-2N-28-0000-0001-0000",
        "picture2022": null,
        "dbh": "1\"",
        "picture2021": null,
        "long": null,
        "picture2020": null,
        "dateofplanting": 1743480000000,
        "picture2019": null,
        "last_edited_user": "kmulcahy",
        "commonname": "Plum Pine",
        "picture2018": null,
        "spieces": "Podocarpus",
        "last_edited_date": 1764107217000,
        "created_date": 1764107217000,
        "objectid": 540,
        "propertyowner": "COFB Golf Course",
        "lat": null,
        "height": "4 ft",
        "longitude": null
      }
    },
    {
      "geometry": {
        "type": "Point",
        "coordinates": [
          -81.45845943761653,
          30.67362796022978
        ],
        "crs": null
      },
      "id": 517,
      "type": "Feature",
      "properties": {
        "fulladdress": "N 8th St ROW",
        "created_user": "kmulcahy",
        "latitude": null,
        "globalid": "{26C98C37-3DA6-4FC4-B0F7-53A8119FA1AE}",
        "picture2023": null,
        "parcelnumber": "00-00-31-1800-0068-0050",
        "picture2022": null,
        "dbh": "1.5\"",
        "picture2021": null,
        "long": null,
        "picture2020": null,
        "dateofplanting": 1743480000000,
        "picture2019": null,
        "last_edited_user": "kmulcahy",
        "commonname": "Yaupon Holly",
        "picture2018": null,
        "spieces": "Ilex vomitoria",
        "last_edited_date": 1764107217000,
        "created_date": 1764107217000,
        "objectid": 517,
        "propertyowner": "COFB",
        "lat": null,
        "height": "5 ft",
        "longitude": null
      }
    },
    {
      "geometry": {
        "type": "Point",
        "coordinates": [
          -81.44737506244368,
          30.610745991561124
        ],
        "crs": null
      },
      "id": 553,
      "type": "Feature",
      "properties": {
        "fulladdress": "2800 Bill Melton",
        "created_user": "kmulcahy",
        "latitude": null,
        "globalid": "{27FB0AAE-F117-4A29-9E8E-C6D494CFDB8D}",
        "picture2023": null,
        "parcelnumber": "08-2N-28-0000-0001-0000",
        "picture2022": null,
        "dbh": "1\"",
        "picture2021": null,
        "long": null,
        "picture2020": null,
        "dateofplanting": 1743480000000,
        "picture2019": null,
        "last_edited_user": "kmulcahy",
        "commonname": "Grapefruit",
        "picture2018": null,
        "spieces": "Citrus x paradisi",
        "last_edited_date": 1764107217000,
        "created_date": 1764107217000,
        "objectid": 553,
        "propertyowner": "COFB Golf Course",
        "lat": null,
        "height": "4 ft",
        "longitude": null
      }
    },
    {
      "geometry": {
        "type": "Point",
        "coordinates": [
          -81.44275976375397,
          30.63921841343538
        ],
        "crs": null
      },
      "id": 560,
      "type": "Feature",
      "properties": {
        "fulladdress": "Sadler RD",
        "created_user": "kmulcahy",
        "latitude": null,
        "globalid": "{F3ED25D5-F4E3-47A0-8E02-E3CA129538CE}",
        "picture2023": null,
        "parcelnumber": "00-00-30-0600-0002-0151",
        "picture2022": null,
        "dbh": "2.5\"",
        "picture2021": null,
        "long": null,
        "picture2020": null,
        "dateofplanting": 1745294400000,
        "picture2019": null,
        "last_edited_user": "kmulcahy",
        "commonname": "Southern Magnolia",
        "picture2018": null,
        "spieces": "Mgnolia grandiflora",
        "last_edited_date": 1764107217000,
        "created_date": 1764107217000,
        "objectid": 560,
        "propertyowner": "COFB KNB Tree Donation",
        "lat": null,
        "height": "8 ft",
        "longitude": null
      }
    },
    {
      "geometry": {
        "type": "Point",
        "coordinates": [
          -81.4469633429894,
          30.610718867769453
        ],
        "crs": null
      },
      "id": 541,
      "type": "Feature",
      "properties": {
        "fulladdress": "2800 Bill Melton",
        "created_user": "kmulcahy",
        "latitude": null,
        "globalid": "{B386C267-6B1A-4DDA-8459-74370528D8F3}",
        "picture2023": null,
        "parcelnumber": "08-2N-28-0000-0001-0000",
        "picture2022": null,
        "dbh": "1\"",
        "picture2021": null,
        "long": null,
        "picture2020": null,
        "dateofplanting": 1743480000000,
        "picture2019": null,
        "last_edited_user": "kmulcahy",
        "commonname": "Plum Pine",
        "picture2018": null,
        "spieces": "Podocarpus",
        "last_edited_date": 1764107217000,
        "created_date": 1764107217000,
        "objectid": 541,
        "propertyowner": "COFB Golf Course",
        "lat": null,
        "height": "4 ft",
        "longitude": null
      }
    },
    {
      "geometry": {
        "type": "Point",
        "coordinates": [
          -81.44745418785054,
          30.610712519581057
        ],
        "crs": null
      },
      "id": 547,
      "type": "Feature",
      "properties": {
        "fulladdress": "2800 Bill Melton",
        "created_user": "kmulcahy",
        "latitude": null,
        "globalid": "{268F4A9F-C22F-480B-B8B2-B086122415BA}",
        "picture2023": null,
        "parcelnumber": "08-2N-28-0000-0001-0000",
        "picture2022": null,
        "dbh": "1\"",
        "picture2021": null,
        "long": null,
        "picture2020": null,
        "dateofplanting": 1743480000000,
        "picture2019": null,
        "last_edited_user": "kmulcahy",
        "commonname": "Fig",
        "picture2018": null,
        "spieces": "Ficus carica",
        "last_edited_date": 1764107217000,
        "created_date": 1764107217000,
        "objectid": 547,
        "propertyowner": "COFB Golf Course",
        "lat": null,
        "height": "4 ft",
        "longitude": null
      }
    },
    {
      "geometry": {
        "type": "Point",
        "coordinates": [
          -81.45231717901358,
          30.684716752889347
        ],
        "crs": null
      },
      "id": 563,
      "type": "Feature",
      "properties": {
        "fulladdress": "1321 N 14th St COFB Bosque Bello",
        "created_user": "kmulcahy",
        "latitude": null,
        "globalid": "{E6DB912D-452C-4292-BA64-A3C25232D632}",
        "picture2023": null,
        "parcelnumber": "00-00-31-1800-0225-0400",
        "picture2022": null,
        "dbh": "1.5\"",
        "picture2021": null,
        "long": null,
        "picture2020": null,
        "dateofplanting": 1745553600000,
        "picture2019": null,
        "last_edited_user": "kmulcahy",
        "commonname": "Chickasaw Plum",
        "picture2018": null,
        "spieces": "Prunus angustifolia",
        "last_edited_date": 1764107217000,
        "created_date": 1764107217000,
        "objectid": 563,
        "propertyowner": null,
        "lat": null,
        "height": "6 ft",
        "longitude": null
      }
    },
    {
      "geometry": {
        "type": "Point",
        "coordinates": [
          -81.46379073311357,
          30.67266679513705
        ],
        "crs": null
      },
      "id": 580,
      "type": "Feature",
      "properties": {
        "fulladdress": "101 N 2nd St",
        "created_user": "kmulcahy",
        "latitude": null,
        "globalid": "{C3BB5630-AFA5-424E-9137-8B0EA22FF591}",
        "picture2023": null,
        "parcelnumber": "\t00-00-31-1800-0002-0290",
        "picture2022": null,
        "dbh": "10\"",
        "picture2021": null,
        "long": null,
        "picture2020": null,
        "dateofplanting": 1748017667000,
        "picture2019": null,
        "last_edited_user": "kmulcahy",
        "commonname": "Cabbage Palm",
        "picture2018": null,
        "spieces": "Sabal palmetto",
        "last_edited_date": 1764107217000,
        "created_date": 1764107217000,
        "objectid": 580,
        "propertyowner": "COFB",
        "lat": null,
        "height": "20 ft",
        "longitude": null
      }
    },
    {
      "geometry": {
        "type": "Point",
        "coordinates": [
          -81.45080240205223,
          30.685039109655808
        ],
        "crs": null
      },
      "id": 568,
      "type": "Feature",
      "properties": {
        "fulladdress": "1321 N 14th St",
        "created_user": "kmulcahy",
        "latitude": null,
        "globalid": "{0B1FB2CF-3DA5-4272-A487-6835A80F0C5C}",
        "picture2023": null,
        "parcelnumber": "00-00-31-1800-0225-0400",
        "picture2022": null,
        "dbh": "2\"",
        "picture2021": null,
        "long": null,
        "picture2020": null,
        "dateofplanting": 1745553600000,
        "picture2019": null,
        "last_edited_user": "kmulcahy",
        "commonname": "Willow Oak",
        "picture2018": null,
        "spieces": "Quercus phellos",
        "last_edited_date": 1764107217000,
        "created_date": 1764107217000,
        "objectid": 568,
        "propertyowner": "COFB Bosque Bello",
        "lat": null,
        "height": "10 feet",
        "longitude": null
      }
    },
    {
      "geometry": {
        "type": "Point",
        "coordinates": [
          -81.4469754136519,
          30.610721175568862
        ],
        "crs": null
      },
      "id": 542,
      "type": "Feature",
      "properties": {
        "fulladdress": "2800 Bill Melton",
        "created_user": "kmulcahy",
        "latitude": null,
        "globalid": "{89073B85-F12D-4539-ABBA-18D8E0A70047}",
        "picture2023": null,
        "parcelnumber": "08-2N-28-0000-0001-0000",
        "picture2022": null,
        "dbh": "1\"",
        "picture2021": null,
        "long": null,
        "picture2020": null,
        "dateofplanting": 1743480000000,
        "picture2019": null,
        "last_edited_user": "kmulcahy",
        "commonname": "Plum Pine",
        "picture2018": null,
        "spieces": "Podocarpus",
        "last_edited_date": 1764107217000,
        "created_date": 1764107217000,
        "objectid": 542,
        "propertyowner": "COFB Golf Course",
        "lat": null,
        "height": "4 ft",
        "longitude": null
      }
    },
    {
      "geometry": {
        "type": "Point",
        "coordinates": [
          -81.44689964075768,
          30.610718867769453
        ],
        "crs": null
      },
      "id": 535,
      "type": "Feature",
      "properties": {
        "fulladdress": "2800 Bill Melton",
        "created_user": "kmulcahy",
        "latitude": null,
        "globalid": "{D21E5119-935C-494D-A08D-AB935A8CFC5B}",
        "picture2023": null,
        "parcelnumber": "08-2N-28-0000-0001-0000",
        "picture2022": null,
        "dbh": "1\"",
        "picture2021": null,
        "long": null,
        "picture2020": null,
        "dateofplanting": 1743480000000,
        "picture2019": null,
        "last_edited_user": "kmulcahy",
        "commonname": "Plum Pine",
        "picture2018": null,
        "spieces": "Podocarpus",
        "last_edited_date": 1764107217000,
        "created_date": 1764107217000,
        "objectid": 535,
        "propertyowner": "COFB Golf Course",
        "lat": null,
        "height": "4 ft",
        "longitude": null
      }
    },
    {
      "geometry": {
        "type": "Point",
        "coordinates": [
          -81.45859086653248,
          30.67270172142006
        ],
        "crs": null
      },
      "id": 525,
      "type": "Feature",
      "properties": {
        "fulladdress": "N 8th St ROW",
        "created_user": "kmulcahy",
        "latitude": null,
        "globalid": "{3A70BA6D-A9FA-4F51-A24F-BAD36D43ACD5}",
        "picture2023": null,
        "parcelnumber": "00-00-31-1800-0069-0010",
        "picture2022": null,
        "dbh": "2\"",
        "picture2021": null,
        "long": null,
        "picture2020": null,
        "dateofplanting": 1743480000000,
        "picture2019": null,
        "last_edited_user": "kmulcahy",
        "commonname": "Dahoon Holly",
        "picture2018": null,
        "spieces": "Ilex cassine",
        "last_edited_date": 1764107217000,
        "created_date": 1764107217000,
        "objectid": 525,
        "propertyowner": "COFB",
        "lat": null,
        "height": "7 ft",
        "longitude": null
      }
    },
    {
      "geometry": {
        "type": "Point",
        "coordinates": [
          -81.45848491922787,
          30.673393806091337
        ],
        "crs": null
      },
      "id": 518,
      "type": "Feature",
      "properties": {
        "fulladdress": "N 8th St ROW",
        "created_user": "kmulcahy",
        "latitude": null,
        "globalid": "{D4367748-CFAF-458D-862B-B5BD0C47E96F}",
        "picture2023": null,
        "parcelnumber": "00-00-31-1800-0068-0050",
        "picture2022": null,
        "dbh": "1.5\"",
        "picture2021": null,
        "long": null,
        "picture2020": null,
        "dateofplanting": 1743480000000,
        "picture2019": null,
        "last_edited_user": "kmulcahy",
        "commonname": "Yaupon Holly",
        "picture2018": null,
        "spieces": "Ilex vomitoria",
        "last_edited_date": 1764107217000,
        "created_date": 1764107217000,
        "objectid": 518,
        "propertyowner": "COFB",
        "lat": null,
        "height": "5 ft",
        "longitude": null
      }
    },
    {
      "geometry": {
        "type": "Point",
        "coordinates": [
          -81.44710281811537,
          30.610791006384748
        ],
        "crs": null
      },
      "id": 548,
      "type": "Feature",
      "properties": {
        "fulladdress": "2800 Bill Melton",
        "created_user": "kmulcahy",
        "latitude": null,
        "globalid": "{6B8B9D6B-45AB-40AB-968E-8B9F55CA5181}",
        "picture2023": null,
        "parcelnumber": "08-2N-28-0000-0001-0000",
        "picture2022": null,
        "dbh": "1\"",
        "picture2021": null,
        "long": null,
        "picture2020": null,
        "dateofplanting": 1743480000000,
        "picture2019": null,
        "last_edited_user": "kmulcahy",
        "commonname": "FIG",
        "picture2018": null,
        "spieces": "Ficus carica",
        "last_edited_date": 1764107217000,
        "created_date": 1764107217000,
        "objectid": 548,
        "propertyowner": "COFB Golf Course",
        "lat": null,
        "height": "4 ft",
        "longitude": null
      }
    },
    {
      "geometry": {
        "type": "Point",
        "coordinates": [
          -81.44260687767913,
          30.63918495052782
        ],
        "crs": null
      },
      "id": 561,
      "type": "Feature",
      "properties": {
        "fulladdress": "Sadler Rd",
        "created_user": "kmulcahy",
        "latitude": null,
        "globalid": "{B2A07F40-76F0-40CC-9383-177DFC477661}",
        "picture2023": null,
        "parcelnumber": "00-00-30-0600-0002-0151",
        "picture2022": null,
        "dbh": "2.5\"",
        "picture2021": null,
        "long": null,
        "picture2020": null,
        "dateofplanting": 1745294400000,
        "picture2019": null,
        "last_edited_user": "kmulcahy",
        "commonname": "Southern Magnolia",
        "picture2018": null,
        "spieces": "Magnolia grandiflora",
        "last_edited_date": 1764107217000,
        "created_date": 1764107217000,
        "objectid": 561,
        "propertyowner": "COFB KNB donated tree",
        "lat": null,
        "height": "8 ft",
        "longitude": null
      }
    },
    {
      "geometry": {
        "type": "Point",
        "coordinates": [
          -81.44720474186583,
          30.610804856262902
        ],
        "crs": null
      },
      "id": 554,
      "type": "Feature",
      "properties": {
        "fulladdress": "2800 Bill Melton",
        "created_user": "kmulcahy",
        "latitude": null,
        "globalid": "{E30676DF-DBA9-40D0-B69B-3633910ADCD0}",
        "picture2023": null,
        "parcelnumber": "08-2N-28-0000-0001-0000",
        "picture2022": null,
        "dbh": "1\"",
        "picture2021": null,
        "long": null,
        "picture2020": null,
        "dateofplanting": 1743480000000,
        "picture2019": null,
        "last_edited_user": "kmulcahy",
        "commonname": "Orange",
        "picture2018": null,
        "spieces": "Citrus x sinensis",
        "last_edited_date": 1764107217000,
        "created_date": 1764107217000,
        "objectid": 554,
        "propertyowner": "COFB Golf Course",
        "lat": null,
        "height": "4 ft",
        "longitude": null
      }
    },
    {
      "geometry": {
        "type": "Point",
        "coordinates": [
          -81.44269807285013,
          30.639127257031703
        ],
        "crs": null
      },
      "id": 562,
      "type": "Feature",
      "properties": {
        "fulladdress": "Sadler Rd",
        "created_user": "kmulcahy",
        "latitude": null,
        "globalid": "{59A88FDA-3591-4667-B5AD-BB2306E74008}",
        "picture2023": null,
        "parcelnumber": "00-00-30-0600-0002-0151",
        "picture2022": null,
        "dbh": "4\"",
        "picture2021": null,
        "long": null,
        "picture2020": null,
        "dateofplanting": 1745294400000,
        "picture2019": null,
        "last_edited_user": "kmulcahy",
        "commonname": "Red Maple",
        "picture2018": null,
        "spieces": "Acer rebrum",
        "last_edited_date": 1764107217000,
        "created_date": 1764107217000,
        "objectid": 562,
        "propertyowner": "COFB KNB donated tree",
        "lat": null,
        "height": "16 ft",
        "longitude": null
      }
    },
    {
      "geometry": {
        "type": "Point",
        "coordinates": [
          -81.4639043286745,
          30.672680935940974
        ],
        "crs": null
      },
      "id": 581,
      "type": "Feature",
      "properties": {
        "fulladdress": "101 N 2nd St",
        "created_user": "kmulcahy",
        "latitude": null,
        "globalid": "{11FDFD7E-07E3-444B-A6F9-ED477AC2BFEF}",
        "picture2023": null,
        "parcelnumber": "\t00-00-31-1800-0002-0290",
        "picture2022": null,
        "dbh": "10\"",
        "picture2021": null,
        "long": null,
        "picture2020": null,
        "dateofplanting": 1748017758000,
        "picture2019": null,
        "last_edited_user": "kmulcahy",
        "commonname": "Cabbage Palm",
        "picture2018": null,
        "spieces": "Sabal palmetto",
        "last_edited_date": 1764107217000,
        "created_date": 1764107217000,
        "objectid": 581,
        "propertyowner": "COFB",
        "lat": null,
        "height": "20 ft",
        "longitude": null
      }
    },
    {
      "geometry": {
        "type": "Point",
        "coordinates": [
          -81.450701148445,
          30.685049489478093
        ],
        "crs": null
      },
      "id": 564,
      "type": "Feature",
      "properties": {
        "fulladdress": "1321 N 14th St",
        "created_user": "kmulcahy",
        "latitude": null,
        "globalid": "{C6293F34-17B5-4AEC-B464-829362764440}",
        "picture2023": null,
        "parcelnumber": "00-00-31-1800-0225-0400",
        "picture2022": null,
        "dbh": "1.5\"",
        "picture2021": null,
        "long": null,
        "picture2020": null,
        "dateofplanting": 1745553600000,
        "picture2019": null,
        "last_edited_user": "kmulcahy",
        "commonname": "Chickasaw Plum",
        "picture2018": null,
        "spieces": "Prunus angustifolia",
        "last_edited_date": 1764107217000,
        "created_date": 1764107217000,
        "objectid": 564,
        "propertyowner": "COFB Bosque Bello",
        "lat": null,
        "height": "6 ft",
        "longitude": null
      }
    },
    {
      "geometry": {
        "type": "Point",
        "coordinates": [
          -81.45216764634971,
          30.685118689552127
        ],
        "crs": null
      },
      "id": 569,
      "type": "Feature",
      "properties": {
        "fulladdress": "1321 N 14th St",
        "created_user": "kmulcahy",
        "latitude": null,
        "globalid": "{63870902-9F87-47AF-B1C2-3C4A0A841508}",
        "picture2023": null,
        "parcelnumber": "00-00-31-1800-0225-0400",
        "picture2022": null,
        "dbh": "2\"",
        "picture2021": null,
        "long": null,
        "picture2020": null,
        "dateofplanting": 1745553600000,
        "picture2019": null,
        "last_edited_user": "kmulcahy",
        "commonname": "Live Oak",
        "picture2018": null,
        "spieces": "Quercus virginiana",
        "last_edited_date": 1764107217000,
        "created_date": 1764107217000,
        "objectid": 569,
        "propertyowner": "COFB Bosque Bello",
        "lat": null,
        "height": "10 Feet",
        "longitude": null
      }
    },
    {
      "geometry": {
        "type": "Point",
        "coordinates": [
          -81.46428547127313,
          30.672719502883126
        ],
        "crs": null
      },
      "id": 585,
      "type": "Feature",
      "properties": {
        "fulladdress": "101 N 2nd St",
        "created_user": "kmulcahy",
        "latitude": null,
        "globalid": "{357CF5DD-40C1-47CA-86A8-AB8CEF02A8EA}",
        "picture2023": null,
        "parcelnumber": "\t00-00-31-1800-0002-0290",
        "picture2022": null,
        "dbh": "10\"",
        "picture2021": null,
        "long": null,
        "picture2020": null,
        "dateofplanting": 1745598839000,
        "picture2019": null,
        "last_edited_user": "kmulcahy",
        "commonname": "Cabbage Palm",
        "picture2018": null,
        "spieces": "Sabal palmetto",
        "last_edited_date": 1764107217000,
        "created_date": 1764107217000,
        "objectid": 585,
        "propertyowner": "COFB",
        "lat": null,
        "height": "20 ft",
        "longitude": null
      }
    },
    {
      "geometry": {
        "type": "Point",
        "coordinates": [
          -81.46390582347114,
          30.672595445933975
        ],
        "crs": null
      },
      "id": 588,
      "type": "Feature",
      "properties": {
        "fulladdress": "101 N 2nd St",
        "created_user": "kmulcahy",
        "latitude": null,
        "globalid": "{AD190493-56C6-4D61-850D-8C145EECA6DE}",
        "picture2023": null,
        "parcelnumber": "00-00-31-1800-0002-0290",
        "picture2022": null,
        "dbh": "10\"",
        "picture2021": null,
        "long": null,
        "picture2020": null,
        "dateofplanting": 1745599046000,
        "picture2019": null,
        "last_edited_user": "kmulcahy",
        "commonname": "Cabbage Palm",
        "picture2018": null,
        "spieces": "Sabal palmetto",
        "last_edited_date": 1764107217000,
        "created_date": 1764107217000,
        "objectid": 588,
        "propertyowner": "COFB",
        "lat": null,
        "height": "20 ft",
        "longitude": null
      }
    },
    {
      "geometry": {
        "type": "Point",
        "coordinates": [
          -81.4585559975264,
          30.672940491412106
        ],
        "crs": null
      },
      "id": 526,
      "type": "Feature",
      "properties": {
        "fulladdress": "N 8th St ROW",
        "created_user": "kmulcahy",
        "latitude": null,
        "globalid": "{5D895AA3-8198-46FE-92BA-295695BD779D}",
        "picture2023": null,
        "parcelnumber": "00-00-31-1800-0069-0010",
        "picture2022": null,
        "dbh": "2\"",
        "picture2021": null,
        "long": null,
        "picture2020": null,
        "dateofplanting": 1743480000000,
        "picture2019": null,
        "last_edited_user": "kmulcahy",
        "commonname": "Dahoon Holly",
        "picture2018": null,
        "spieces": "Ilex cassine",
        "last_edited_date": 1764107217000,
        "created_date": 1764107217000,
        "objectid": 526,
        "propertyowner": "COFB",
        "lat": null,
        "height": "7 ft",
        "longitude": null
      }
    },
    {
      "geometry": {
        "type": "Point",
        "coordinates": [
          -81.44698681237453,
          30.61071771348311
        ],
        "crs": null
      },
      "id": 543,
      "type": "Feature",
      "properties": {
        "fulladdress": "2800 Bill Melton",
        "created_user": "kmulcahy",
        "latitude": null,
        "globalid": "{247D967E-5517-4FAC-8398-FDD79E4E9F26}",
        "picture2023": null,
        "parcelnumber": "08-2N-28-0000-0001-0000",
        "picture2022": null,
        "dbh": "1\"",
        "picture2021": null,
        "long": null,
        "picture2020": null,
        "dateofplanting": 1743480000000,
        "picture2019": null,
        "last_edited_user": "kmulcahy",
        "commonname": "Plum Pine",
        "picture2018": null,
        "spieces": "Podocarpus",
        "last_edited_date": 1764107217000,
        "created_date": 1764107217000,
        "objectid": 543,
        "propertyowner": "COFB Golf Course",
        "lat": null,
        "height": "4 ft",
        "longitude": null
      }
    },
    {
      "geometry": {
        "type": "Point",
        "coordinates": [
          -81.45854929160281,
          30.673037382876966
        ],
        "crs": null
      },
      "id": 519,
      "type": "Feature",
      "properties": {
        "fulladdress": "N 8th St ROW",
        "created_user": "kmulcahy",
        "latitude": null,
        "globalid": "{A8750032-1FC9-47B6-B138-D80EC3A0FEB9}",
        "picture2023": null,
        "parcelnumber": "00-00-31-1800-0069-0010",
        "picture2022": null,
        "dbh": "1.5\"",
        "picture2021": null,
        "long": null,
        "picture2020": null,
        "dateofplanting": 1743480000000,
        "picture2019": null,
        "last_edited_user": "kmulcahy",
        "commonname": "Yaupon Holly",
        "picture2018": null,
        "spieces": "Ilex vomitoria",
        "last_edited_date": 1764107217000,
        "created_date": 1764107217000,
        "objectid": 519,
        "propertyowner": "COFB",
        "lat": null,
        "height": "5 ft",
        "longitude": null
      }
    },
    {
      "geometry": {
        "type": "Point",
        "coordinates": [
          -81.45857343202944,
          30.672823990353336
        ],
        "crs": null
      },
      "id": 520,
      "type": "Feature",
      "properties": {
        "fulladdress": "N 8th St ROW",
        "created_user": "kmulcahy",
        "latitude": null,
        "globalid": "{6CF14209-35AC-4CBE-B6CF-EAA689815785}",
        "picture2023": null,
        "parcelnumber": "00-00-31-1800-0069-0010",
        "picture2022": null,
        "dbh": "1.5\"",
        "picture2021": null,
        "long": null,
        "picture2020": null,
        "dateofplanting": 1743480000000,
        "picture2019": null,
        "last_edited_user": "kmulcahy",
        "commonname": "Yaupon Holly",
        "picture2018": null,
        "spieces": "Ilex vomitoria",
        "last_edited_date": 1764107217000,
        "created_date": 1764107217000,
        "objectid": 520,
        "propertyowner": "COFB",
        "lat": null,
        "height": "5 ft",
        "longitude": null
      }
    },
    {
      "geometry": {
        "type": "Point",
        "coordinates": [
          -81.44727582106268,
          30.61084294535048
        ],
        "crs": null
      },
      "id": 549,
      "type": "Feature",
      "properties": {
        "fulladdress": "2800 Bill Melton",
        "created_user": "kmulcahy",
        "latitude": null,
        "globalid": "{A74D9037-B87A-41CD-9CFC-2CD0D907D3E3}",
        "picture2023": null,
        "parcelnumber": "08-2N-28-0000-0001-0000",
        "picture2022": null,
        "dbh": "1\"",
        "picture2021": null,
        "long": null,
        "picture2020": null,
        "dateofplanting": 1743480000000,
        "picture2019": null,
        "last_edited_user": "kmulcahy",
        "commonname": "Plum",
        "picture2018": null,
        "spieces": "Prunus domestica",
        "last_edited_date": 1764107217000,
        "created_date": 1764107217000,
        "objectid": 549,
        "propertyowner": "COFB Golf Course",
        "lat": null,
        "height": "4 ft",
        "longitude": null
      }
    },
    {
      "geometry": {
        "type": "Point",
        "coordinates": [
          -81.45852515207449,
          30.67315157659546
        ],
        "crs": null
      },
      "id": 527,
      "type": "Feature",
      "properties": {
        "fulladdress": "N 8th St ROW",
        "created_user": "kmulcahy",
        "latitude": null,
        "globalid": "{E5527635-7EBB-4019-9DA1-B054C5E442DB}",
        "picture2023": null,
        "parcelnumber": "00-00-31-1800-0069-0010",
        "picture2022": null,
        "dbh": "2\"",
        "picture2021": null,
        "long": null,
        "picture2020": null,
        "dateofplanting": 1743480000000,
        "picture2019": null,
        "last_edited_user": "kmulcahy",
        "commonname": "Dahoon Holly",
        "picture2018": null,
        "spieces": "Ilex cassine",
        "last_edited_date": 1764107217000,
        "created_date": 1764107217000,
        "objectid": 527,
        "propertyowner": "COFB",
        "lat": null,
        "height": "7 ft",
        "longitude": null
      }
    },
    {
      "geometry": {
        "type": "Point",
        "coordinates": [
          -81.44691171052183,
          30.610721175568862
        ],
        "crs": null
      },
      "id": 536,
      "type": "Feature",
      "properties": {
        "fulladdress": "2800 Bill Melton",
        "created_user": "kmulcahy",
        "latitude": null,
        "globalid": "{3062CC5E-8499-4D94-8908-9ED2160554CA}",
        "picture2023": null,
        "parcelnumber": "08-2N-28-0000-0001-0000",
        "picture2022": null,
        "dbh": "1\"",
        "picture2021": null,
        "long": null,
        "picture2020": null,
        "dateofplanting": 1743480000000,
        "picture2019": null,
        "last_edited_user": "kmulcahy",
        "commonname": "Plum Pine",
        "picture2018": null,
        "spieces": "Podocarpus",
        "last_edited_date": 1764107217000,
        "created_date": 1764107217000,
        "objectid": 536,
        "propertyowner": "COFB Golf Course",
        "lat": null,
        "height": "4 ft",
        "longitude": null
      }
    },
    {
      "geometry": {
        "type": "Point",
        "coordinates": [
          -81.44728520845739,
          30.61078177210072
        ],
        "crs": null
      },
      "id": 555,
      "type": "Feature",
      "properties": {
        "fulladdress": "2800 Bill Melton",
        "created_user": "kmulcahy",
        "latitude": null,
        "globalid": "{973568C3-6E54-42B0-96EC-7784453E3E11}",
        "picture2023": null,
        "parcelnumber": "08-2N-28-0000-0001-0000",
        "picture2022": null,
        "dbh": "1\"",
        "picture2021": null,
        "long": null,
        "picture2020": null,
        "dateofplanting": 1743480000000,
        "picture2019": null,
        "last_edited_user": "kmulcahy",
        "commonname": "Orange",
        "picture2018": null,
        "spieces": "Citrus x sinensis",
        "last_edited_date": 1764107217000,
        "created_date": 1764107217000,
        "objectid": 555,
        "propertyowner": "COFB Golf Course",
        "lat": null,
        "height": "4 ft",
        "longitude": null
      }
    },
    {
      "geometry": {
        "type": "Point",
        "coordinates": [
          -81.46400297716741,
          30.67269250617979
        ],
        "crs": null
      },
      "id": 582,
      "type": "Feature",
      "properties": {
        "fulladdress": "101 N 2nd St",
        "created_user": "kmulcahy",
        "latitude": null,
        "globalid": "{8DFA9F88-1FCF-499D-8475-7E344E172242}",
        "picture2023": null,
        "parcelnumber": "\t00-00-31-1800-0002-0290",
        "picture2022": null,
        "dbh": "10\"",
        "picture2021": null,
        "long": null,
        "picture2020": null,
        "dateofplanting": 1748017826000,
        "picture2019": null,
        "last_edited_user": "kmulcahy",
        "commonname": "Cabbage Palm",
        "picture2018": null,
        "spieces": "Sabal Palmetto",
        "last_edited_date": 1764107217000,
        "created_date": 1764107217000,
        "objectid": 582,
        "propertyowner": "COFB",
        "lat": null,
        "height": "20 ft",
        "longitude": null
      }
    },
    {
      "geometry": {
        "type": "Point",
        "coordinates": [
          -81.45199196103296,
          30.68450396248665
        ],
        "crs": null
      },
      "id": 565,
      "type": "Feature",
      "properties": {
        "fulladdress": "1321 N 14th St",
        "created_user": "kmulcahy",
        "latitude": null,
        "globalid": "{338F55E7-6DB9-4309-A67F-67EE5BD62B3B}",
        "picture2023": null,
        "parcelnumber": "00-00-31-1800-0225-0400",
        "picture2022": null,
        "dbh": "1.5\"",
        "picture2021": null,
        "long": null,
        "picture2020": null,
        "dateofplanting": 1745553600000,
        "picture2019": null,
        "last_edited_user": "kmulcahy",
        "commonname": "Chickasaw Plum",
        "picture2018": null,
        "spieces": "Prunus angustifolia",
        "last_edited_date": 1764107217000,
        "created_date": 1764107217000,
        "objectid": 565,
        "propertyowner": "COFB Bosque Bello",
        "lat": null,
        "height": "6 ft",
        "longitude": null
      }
    },
    {
      "geometry": {
        "type": "Point",
        "coordinates": [
          -81.44728252608796,
          30.61073444947369
        ],
        "crs": null
      },
      "id": 551,
      "type": "Feature",
      "properties": {
        "fulladdress": "2800 Bill Melton",
        "created_user": "kmulcahy",
        "latitude": null,
        "globalid": "{A5C7B6D2-F1D7-4D10-8588-EAE0DCDABF67}",
        "picture2023": null,
        "parcelnumber": "08-2N-28-0000-0001-0000",
        "picture2022": null,
        "dbh": "1\"",
        "picture2021": null,
        "long": null,
        "picture2020": null,
        "dateofplanting": 1743480000000,
        "picture2019": null,
        "last_edited_user": "kmulcahy",
        "commonname": "Plum",
        "picture2018": null,
        "spieces": "Prunus domestica",
        "last_edited_date": 1764107217000,
        "created_date": 1764107217000,
        "objectid": 551,
        "propertyowner": "COFB Golf Course",
        "lat": null,
        "height": "4 ft",
        "longitude": null
      }
    },
    {
      "geometry": {
        "type": "Point",
        "coordinates": [
          -81.45112673878558,
          30.685528185334803
        ],
        "crs": null
      },
      "id": 528,
      "type": "Feature",
      "properties": {
        "fulladdress": "1321 N 14th ST",
        "created_user": "kmulcahy",
        "latitude": null,
        "globalid": "{45523EED-0AA1-4A57-9551-69CD59BA1C0F}",
        "picture2023": null,
        "parcelnumber": "00-00-31-1800-0250-0010",
        "picture2022": null,
        "dbh": "2\"",
        "picture2021": null,
        "long": null,
        "picture2020": null,
        "dateofplanting": 1743480000000,
        "picture2019": null,
        "last_edited_user": "kmulcahy",
        "commonname": "Dahoon Holly",
        "picture2018": null,
        "spieces": "Ilex cassine",
        "last_edited_date": 1764107217000,
        "created_date": 1764107217000,
        "objectid": 528,
        "propertyowner": "COFB Bosque Bello",
        "lat": null,
        "height": "7 ft",
        "longitude": null
      }
    },
    {
      "geometry": {
        "type": "Point",
        "coordinates": [
          -81.45192490628857,
          30.68502526963359
        ],
        "crs": null
      },
      "id": 570,
      "type": "Feature",
      "properties": {
        "fulladdress": "1321 N 14th St",
        "created_user": "kmulcahy",
        "latitude": null,
        "globalid": "{C7663C7F-68C4-46ED-BAE7-F842D153CC53}",
        "picture2023": null,
        "parcelnumber": "00-00-31-1800-0225-0400",
        "picture2022": null,
        "dbh": "2\"",
        "picture2021": null,
        "long": null,
        "picture2020": null,
        "dateofplanting": 1745553600000,
        "picture2019": null,
        "last_edited_user": "kmulcahy",
        "commonname": "Live Oak",
        "picture2018": null,
        "spieces": "Quercus virginiana",
        "last_edited_date": 1764107217000,
        "created_date": 1764107217000,
        "objectid": 570,
        "propertyowner": "COFB Bosque Bello",
        "lat": null,
        "height": "10 ft",
        "longitude": null
      }
    },
    {
      "geometry": {
        "type": "Point",
        "coordinates": [
          -81.46353021988453,
          30.66963001224946
        ],
        "crs": null
      },
      "id": 557,
      "type": "Feature",
      "properties": {
        "fulladdress": "204 Ash St",
        "created_user": "kmulcahy",
        "latitude": null,
        "globalid": "{CFEA54FA-71E1-4E52-AC66-13191CCE4596}",
        "picture2023": null,
        "parcelnumber": "00-00-31-1800-0270-0010",
        "picture2022": null,
        "dbh": "1\"",
        "picture2021": null,
        "long": null,
        "picture2020": null,
        "dateofplanting": 1743480000000,
        "picture2019": null,
        "last_edited_user": "kmulcahy",
        "commonname": "Plum Pine",
        "picture2018": null,
        "spieces": "Podocarpus",
        "last_edited_date": 1764107217000,
        "created_date": 1764107217000,
        "objectid": 557,
        "propertyowner": "COFB City Hall",
        "lat": null,
        "height": "4 ft",
        "longitude": null
      }
    },
    {
      "geometry": {
        "type": "Point",
        "coordinates": [
          -81.45861232369136,
          30.67258868071798
        ],
        "crs": null
      },
      "id": 521,
      "type": "Feature",
      "properties": {
        "fulladdress": "N 8th St ROW",
        "created_user": "kmulcahy",
        "latitude": null,
        "globalid": "{5A57CE70-90EF-473C-9396-82CD089D370E}",
        "picture2023": null,
        "parcelnumber": "00-00-31-1800-0069-0010",
        "picture2022": null,
        "dbh": "1.5\"",
        "picture2021": null,
        "long": null,
        "picture2020": null,
        "dateofplanting": 1743480000000,
        "picture2019": null,
        "last_edited_user": "kmulcahy",
        "commonname": "Yaupon Holly",
        "picture2018": null,
        "spieces": "Ilex vomitoria",
        "last_edited_date": 1764107217000,
        "created_date": 1764107217000,
        "objectid": 521,
        "propertyowner": "COFB",
        "lat": null,
        "height": "5 ft",
        "longitude": null
      }
    },
    {
      "geometry": {
        "type": "Point",
        "coordinates": [
          -81.46350540931472,
          30.669621937937183
        ],
        "crs": null
      },
      "id": 556,
      "type": "Feature",
      "properties": {
        "fulladdress": "204 Ash St",
        "created_user": "kmulcahy",
        "latitude": null,
        "globalid": "{F3A61ABA-BA10-41A1-AF74-76B5F6B74CA7}",
        "picture2023": null,
        "parcelnumber": "00-00-31-1800-0270-0010",
        "picture2022": null,
        "dbh": "1\"",
        "picture2021": null,
        "long": null,
        "picture2020": null,
        "dateofplanting": 1743480000000,
        "picture2019": null,
        "last_edited_user": "kmulcahy",
        "commonname": "Plum Pine",
        "picture2018": null,
        "spieces": "Podocarpus",
        "last_edited_date": 1764107217000,
        "created_date": 1764107217000,
        "objectid": 556,
        "propertyowner": "COFB City Hall",
        "lat": null,
        "height": "4 ft",
        "longitude": null
      }
    },
    {
      "geometry": {
        "type": "Point",
        "coordinates": [
          -81.44746625761472,
          30.610804856262902
        ],
        "crs": null
      },
      "id": 550,
      "type": "Feature",
      "properties": {
        "fulladdress": "2800 Bill Melton",
        "created_user": "kmulcahy",
        "latitude": null,
        "globalid": "{80CDBF28-49E9-4F58-AFA9-1F3BA2D75509}",
        "picture2023": null,
        "parcelnumber": "08-2N-28-0000-0001-0000",
        "picture2022": null,
        "dbh": "1\"",
        "picture2021": null,
        "long": null,
        "picture2020": null,
        "dateofplanting": 1743480000000,
        "picture2019": null,
        "last_edited_user": "kmulcahy",
        "commonname": "Plum",
        "picture2018": null,
        "spieces": "Prunus domestica",
        "last_edited_date": 1764107217000,
        "created_date": 1764107217000,
        "objectid": 550,
        "propertyowner": "COFB Golf Course",
        "lat": null,
        "height": "4 ft",
        "longitude": null
      }
    },
    {
      "geometry": {
        "type": "Point",
        "coordinates": [
          -81.44699687081076,
          30.610718290239678
        ],
        "crs": null
      },
      "id": 544,
      "type": "Feature",
      "properties": {
        "fulladdress": "2800 Bill Melton",
        "created_user": "kmulcahy",
        "latitude": null,
        "globalid": "{B778A36A-F032-429D-A42A-2C4727DA89CC}",
        "picture2023": null,
        "parcelnumber": "08-2N-28-0000-0001-0000",
        "picture2022": null,
        "dbh": "1\"",
        "picture2021": null,
        "long": null,
        "picture2020": null,
        "dateofplanting": 1743480000000,
        "picture2019": null,
        "last_edited_user": "kmulcahy",
        "commonname": "Plum Pine",
        "picture2018": null,
        "spieces": "Podocarpus",
        "last_edited_date": 1764107217000,
        "created_date": 1764107217000,
        "objectid": 544,
        "propertyowner": "COFB Golf Course",
        "lat": null,
        "height": "4 ft",
        "longitude": null
      }
    },
    {
      "geometry": {
        "type": "Point",
        "coordinates": [
          -81.44692109881485,
          30.610718867769453
        ],
        "crs": null
      },
      "id": 537,
      "type": "Feature",
      "properties": {
        "fulladdress": "2800 Bill Melton",
        "created_user": "kmulcahy",
        "latitude": null,
        "globalid": "{D30DC925-5291-4202-BCAF-EAA811BBF527}",
        "picture2023": null,
        "parcelnumber": "08-2N-28-0000-0001-0000",
        "picture2022": null,
        "dbh": "1\"",
        "picture2021": null,
        "long": null,
        "picture2020": null,
        "dateofplanting": 1743480000000,
        "picture2019": null,
        "last_edited_user": "kmulcahy",
        "commonname": "Plum Pine",
        "picture2018": null,
        "spieces": "Podocarpus",
        "last_edited_date": 1764107217000,
        "created_date": 1764107217000,
        "objectid": 537,
        "propertyowner": "COFB Golf Course",
        "lat": null,
        "height": "4 ft",
        "longitude": null
      }
    },
    {
      "geometry": {
        "type": "Point",
        "coordinates": [
          -81.45202750108054,
          30.684358065417413
        ],
        "crs": null
      },
      "id": 566,
      "type": "Feature",
      "properties": {
        "fulladdress": "1321 N 14th St",
        "created_user": "kmulcahy",
        "latitude": null,
        "globalid": "{D2DCDC1C-884B-48F3-A482-0E726EF40C96}",
        "picture2023": null,
        "parcelnumber": "00-00-31-1800-0225-0400",
        "picture2022": null,
        "dbh": "2\"",
        "picture2021": null,
        "long": null,
        "picture2020": null,
        "dateofplanting": 1745553600000,
        "picture2019": null,
        "last_edited_user": "kmulcahy",
        "commonname": "Willow Oak",
        "picture2018": null,
        "spieces": "Quercus phellos",
        "last_edited_date": 1764107217000,
        "created_date": 1764107217000,
        "objectid": 566,
        "propertyowner": "COFB Bosque Bello",
        "lat": null,
        "height": "10 feet",
        "longitude": null
      }
    },
    {
      "geometry": {
        "type": "Point",
        "coordinates": [
          -81.45163656864193,
          30.684663123095852
        ],
        "crs": null
      },
      "id": 571,
      "type": "Feature",
      "properties": {
        "fulladdress": "1321 N 14th St",
        "created_user": "kmulcahy",
        "latitude": null,
        "globalid": "{722C44ED-3595-41A9-8B21-2748BF99294D}",
        "picture2023": null,
        "parcelnumber": "00-00-31-1800-0225-0400",
        "picture2022": null,
        "dbh": "2\"",
        "picture2021": null,
        "long": null,
        "picture2020": null,
        "dateofplanting": 1745553600000,
        "picture2019": null,
        "last_edited_user": "kmulcahy",
        "commonname": "Live Oak",
        "picture2018": null,
        "spieces": "Quercus virginiana",
        "last_edited_date": 1764107217000,
        "created_date": 1764107217000,
        "objectid": 571,
        "propertyowner": "COFB Bosque Bello",
        "lat": null,
        "height": "10 ft",
        "longitude": null
      }
    },
    {
      "geometry": {
        "type": "Point",
        "coordinates": [
          -81.46409938436372,
          30.672701505081758
        ],
        "crs": null
      },
      "id": 583,
      "type": "Feature",
      "properties": {
        "fulladdress": "101 N 2nd St",
        "created_user": "kmulcahy",
        "latitude": null,
        "globalid": "{9A31E622-2533-489B-85C3-42A100BDC310}",
        "picture2023": null,
        "parcelnumber": "00-00-31-1800-0002-0290",
        "picture2022": null,
        "dbh": "10\"",
        "picture2021": null,
        "long": null,
        "picture2020": null,
        "dateofplanting": 1748017915000,
        "picture2019": null,
        "last_edited_user": "kmulcahy",
        "commonname": "Cabbage Palm",
        "picture2018": null,
        "spieces": "Sabal palmetto",
        "last_edited_date": 1764107217000,
        "created_date": 1764107217000,
        "objectid": 583,
        "propertyowner": "COFB",
        "lat": null,
        "height": "20 ft",
        "longitude": null
      }
    },
    {
      "geometry": {
        "type": "Point",
        "coordinates": [
          -81.46436992099468,
          30.67273043028365
        ],
        "crs": null
      },
      "id": 586,
      "type": "Feature",
      "properties": {
        "fulladdress": "101 N 2nd St",
        "created_user": "kmulcahy",
        "latitude": null,
        "globalid": "{D7041E0F-740B-4E16-9DD2-210E2E9361A9}",
        "picture2023": null,
        "parcelnumber": "00-00-31-1800-0002-0290",
        "picture2022": null,
        "dbh": "10\"",
        "picture2021": null,
        "long": null,
        "picture2020": null,
        "dateofplanting": 1745598924000,
        "picture2019": null,
        "last_edited_user": "kmulcahy",
        "commonname": "Cabbage Palm",
        "picture2018": null,
        "spieces": "Sabal palmetto",
        "last_edited_date": 1764107217000,
        "created_date": 1764107217000,
        "objectid": 586,
        "propertyowner": "COFB",
        "lat": null,
        "height": "20 ft",
        "longitude": null
      }
    },
    {
      "geometry": {
        "type": "Point",
        "coordinates": [
          -81.46397457872635,
          30.67260637334852
        ],
        "crs": null
      },
      "id": 589,
      "type": "Feature",
      "properties": {
        "fulladdress": "101 N 2nd St",
        "created_user": "kmulcahy",
        "latitude": null,
        "globalid": "{30FDD7E7-B02D-4503-AE45-6F858B9D227E}",
        "picture2023": null,
        "parcelnumber": "00-00-31-1800-0002-0290",
        "picture2022": null,
        "dbh": "10\"",
        "picture2021": null,
        "long": null,
        "picture2020": null,
        "dateofplanting": 1745599110000,
        "picture2019": null,
        "last_edited_user": "kmulcahy",
        "commonname": "Cabbage Palm",
        "picture2018": null,
        "spieces": "Sabal palmetto",
        "last_edited_date": 1764107217000,
        "created_date": 1764107217000,
        "objectid": 589,
        "propertyowner": "COFB",
        "lat": null,
        "height": "20 ft",
        "longitude": null
      }
    },
    {
      "geometry": {
        "type": "Point",
        "coordinates": [
          -81.46419429586507,
          30.67270986114902
        ],
        "crs": null
      },
      "id": 584,
      "type": "Feature",
      "properties": {
        "fulladdress": "101 N 2nd St",
        "created_user": "kmulcahy",
        "latitude": null,
        "globalid": "{643667C2-18E9-4B1A-AB0B-3CE11EB8FA33}",
        "picture2023": null,
        "parcelnumber": "00-00-31-1800-0002-0290",
        "picture2022": null,
        "dbh": "10\"",
        "picture2021": null,
        "long": null,
        "picture2020": null,
        "dateofplanting": 1745598787000,
        "picture2019": null,
        "last_edited_user": "kmulcahy",
        "commonname": "Cabbage Palm",
        "picture2018": null,
        "spieces": "Sabal palmetto",
        "last_edited_date": 1764107217000,
        "created_date": 1764107217000,
        "objectid": 584,
        "propertyowner": "COFB",
        "lat": null,
        "height": "20 ft",
        "longitude": null
      }
    },
    {
      "geometry": {
        "type": "Point",
        "coordinates": [
          -81.44682990364386,
          30.610716559196778
        ],
        "crs": null
      },
      "id": 529,
      "type": "Feature",
      "properties": {
        "fulladdress": "2800 Bill Melton",
        "created_user": "kmulcahy",
        "latitude": null,
        "globalid": "{BC05142F-6B3F-4312-B1A9-1C3FD1A819F0}",
        "picture2023": null,
        "parcelnumber": "08-2N-28-0000-0001-0000",
        "picture2022": null,
        "dbh": "1\"",
        "picture2021": null,
        "long": null,
        "picture2020": null,
        "dateofplanting": 1743480000000,
        "picture2019": null,
        "last_edited_user": "kmulcahy",
        "commonname": "Plum Pine",
        "picture2018": null,
        "spieces": "Podocarpus",
        "last_edited_date": 1764107217000,
        "created_date": 1764107217000,
        "objectid": 529,
        "propertyowner": "COFB Golf Course",
        "lat": null,
        "height": "4 ft",
        "longitude": null
      }
    },
    {
      "geometry": {
        "type": "Point",
        "coordinates": [
          -81.45228298104902,
          30.68481766983428
        ],
        "crs": null
      },
      "id": 567,
      "type": "Feature",
      "properties": {
        "fulladdress": "1321 N 14th St",
        "created_user": "kmulcahy",
        "latitude": null,
        "globalid": "{22A18A85-988C-4B8A-B90D-B7CF28DF076A}",
        "picture2023": null,
        "parcelnumber": "00-00-31-1800-0225-0400",
        "picture2022": null,
        "dbh": "2\"",
        "picture2021": null,
        "long": null,
        "picture2020": null,
        "dateofplanting": 1745553600000,
        "picture2019": null,
        "last_edited_user": "kmulcahy",
        "commonname": "Willow Oak",
        "picture2018": null,
        "spieces": "Quercus phellos",
        "last_edited_date": 1764107217000,
        "created_date": 1764107217000,
        "objectid": 567,
        "propertyowner": "COFB Bosque Bello",
        "lat": null,
        "height": "10 ft",
        "longitude": null
      }
    },
    {
      "geometry": {
        "type": "Point",
        "coordinates": [
          -81.46380568018157,
          30.672580662282865
        ],
        "crs": null
      },
      "id": 587,
      "type": "Feature",
      "properties": {
        "fulladdress": "101 N 2nd St",
        "created_user": "kmulcahy",
        "latitude": null,
        "globalid": "{CE11A6F3-CEDE-4E1C-BE05-629F903E8693}",
        "picture2023": null,
        "parcelnumber": "00-00-31-1800-0002-0290",
        "picture2022": null,
        "dbh": "10\"",
        "picture2021": null,
        "long": null,
        "picture2020": null,
        "dateofplanting": 1745598986000,
        "picture2019": null,
        "last_edited_user": "kmulcahy",
        "commonname": "Cabbage Palm",
        "picture2018": null,
        "spieces": "Sabal palmetto",
        "last_edited_date": 1764107217000,
        "created_date": 1764107217000,
        "objectid": 587,
        "propertyowner": "COFB",
        "lat": null,
        "height": "20 ft",
        "longitude": null
      }
    },
    {
      "geometry": {
        "type": "Point",
        "coordinates": [
          -81.44701162294436,
          30.61071540491042
        ],
        "crs": null
      },
      "id": 545,
      "type": "Feature",
      "properties": {
        "fulladdress": "2800 Bill Melton",
        "created_user": "kmulcahy",
        "latitude": null,
        "globalid": "{01F2F35A-E8BC-4BE0-939F-09A228B97CF3}",
        "picture2023": null,
        "parcelnumber": "08-2N-28-0000-0001-0000",
        "picture2022": null,
        "dbh": "1\"",
        "picture2021": null,
        "long": null,
        "picture2020": null,
        "dateofplanting": 1743480000000,
        "picture2019": null,
        "last_edited_user": "kmulcahy",
        "commonname": "Plum Pine",
        "picture2018": null,
        "spieces": "Podocarpus",
        "last_edited_date": 1764107217000,
        "created_date": 1764107217000,
        "objectid": 545,
        "propertyowner": "COFB Golf Course",
        "lat": null,
        "height": "4 ft",
        "longitude": null
      }
    },
    {
      "geometry": {
        "type": "Point",
        "coordinates": [
          -81.4586538977227,
          30.672345296424716
        ],
        "crs": null
      },
      "id": 522,
      "type": "Feature",
      "properties": {
        "fulladdress": "N 8th St ROW",
        "created_user": "kmulcahy",
        "latitude": null,
        "globalid": "{17675126-1760-4514-BBEF-6F5D22DE6882}",
        "picture2023": null,
        "parcelnumber": "00-00-31-1800-0069-0010",
        "picture2022": null,
        "dbh": "1.5\"",
        "picture2021": null,
        "long": null,
        "picture2020": null,
        "dateofplanting": 1743480000000,
        "picture2019": null,
        "last_edited_user": "kmulcahy",
        "commonname": "Yaupon Holly",
        "picture2018": null,
        "spieces": "Ilex vomitoria",
        "last_edited_date": 1764107217000,
        "created_date": 1764107217000,
        "objectid": 522,
        "propertyowner": "COFB",
        "lat": null,
        "height": "5 ft",
        "longitude": null
      }
    },
    {
      "geometry": {
        "type": "Point",
        "coordinates": [
          -81.44694389715845,
          30.610721175568862
        ],
        "crs": null
      },
      "id": 539,
      "type": "Feature",
      "properties": {
        "fulladdress": "2800 Bill Melton",
        "created_user": "kmulcahy",
        "latitude": null,
        "globalid": "{4D823092-A545-4233-AE76-CA1A007FE28C}",
        "picture2023": null,
        "parcelnumber": "08-2N-28-0000-0001-0000",
        "picture2022": null,
        "dbh": "1\"",
        "picture2021": null,
        "long": null,
        "picture2020": null,
        "dateofplanting": 1743480000000,
        "picture2019": null,
        "last_edited_user": "kmulcahy",
        "commonname": "Plum Pine",
        "picture2018": null,
        "spieces": "Podocarpus",
        "last_edited_date": 1764107217000,
        "created_date": 1764107217000,
        "objectid": 539,
        "propertyowner": "COFB Golf Course",
        "lat": null,
        "height": "4 ft",
        "longitude": null
      }
    },
    {
      "geometry": {
        "type": "Point",
        "coordinates": [
          -81.4469311572511,
          30.610719444525998
        ],
        "crs": null
      },
      "id": 538,
      "type": "Feature",
      "properties": {
        "fulladdress": "2800 Bill Melton",
        "created_user": "kmulcahy",
        "latitude": null,
        "globalid": "{04617C8B-1773-4FB6-AA6E-36A586748BC6}",
        "picture2023": null,
        "parcelnumber": "08-2N-28-0000-0001-0000",
        "picture2022": null,
        "dbh": "1\"",
        "picture2021": null,
        "long": null,
        "picture2020": null,
        "dateofplanting": 1743480000000,
        "picture2019": null,
        "last_edited_user": "kmulcahy",
        "commonname": "Plum Pine",
        "picture2018": null,
        "spieces": "Podocarpus",
        "last_edited_date": 1764107217000,
        "created_date": 1764107217000,
        "objectid": 538,
        "propertyowner": "COFB Golf Course",
        "lat": null,
        "height": "4 ft",
        "longitude": null
      }
    },
    {
      "geometry": {
        "type": "Point",
        "coordinates": [
          -81.45835215002549,
          30.674396165642275
        ],
        "crs": null
      },
      "id": 514,
      "type": "Feature",
      "properties": {
        "fulladdress": "N 8th St ROW",
        "created_user": "kmulcahy",
        "latitude": null,
        "globalid": "{D8F5C0D9-777B-4A68-A5EC-5660C9565DDF}",
        "picture2023": null,
        "parcelnumber": "00-00-31-1800-0068-0050",
        "picture2022": null,
        "dbh": "1.5\"",
        "picture2021": null,
        "long": null,
        "picture2020": null,
        "dateofplanting": 1743480000000,
        "picture2019": null,
        "last_edited_user": "kmulcahy",
        "commonname": "Yaupon Holly",
        "picture2018": null,
        "spieces": "Ilex vomitoria",
        "last_edited_date": 1764107217000,
        "created_date": 1764107217000,
        "objectid": 514,
        "propertyowner": "COFB",
        "lat": null,
        "height": "5 ft",
        "longitude": null
      }
    },
    {
      "geometry": {
        "type": "Point",
        "coordinates": [
          -81.44736969770481,
          30.610829095477758
        ],
        "crs": null
      },
      "id": 552,
      "type": "Feature",
      "properties": {
        "fulladdress": "2800 Bill Melton",
        "created_user": "kmulcahy",
        "latitude": null,
        "globalid": "{2C912748-5DEE-4283-A7D6-567ABD039F8F}",
        "picture2023": null,
        "parcelnumber": "08-2N-28-0000-0001-0000",
        "picture2022": null,
        "dbh": "1\"",
        "picture2021": null,
        "long": null,
        "picture2020": null,
        "dateofplanting": 1743480000000,
        "picture2019": null,
        "last_edited_user": "kmulcahy",
        "commonname": "Grapefruit",
        "picture2018": null,
        "spieces": "Citrus x paradisi",
        "last_edited_date": 1764107217000,
        "created_date": 1764107217000,
        "objectid": 552,
        "propertyowner": "COFB Golf Course",
        "lat": null,
        "height": "4 ft",
        "longitude": null
      }
    },
    {
      "geometry": {
        "type": "Point",
        "coordinates": [
          -81.46409938436372,
          30.672613443755164
        ],
        "crs": null
      },
      "id": 590,
      "type": "Feature",
      "properties": {
        "fulladdress": "101 N 2nd St",
        "created_user": "kmulcahy",
        "latitude": null,
        "globalid": "{75B149DF-C79D-42F2-B6C4-4C4F7F373309}",
        "picture2023": null,
        "parcelnumber": "00-00-31-1800-0002-0290",
        "picture2022": null,
        "dbh": "10\"",
        "picture2021": null,
        "long": null,
        "picture2020": null,
        "dateofplanting": 1745599178000,
        "picture2019": null,
        "last_edited_user": "kmulcahy",
        "commonname": "Cabbage Palm",
        "picture2018": null,
        "spieces": "Sabal palmetto",
        "last_edited_date": 1764107217000,
        "created_date": 1764107217000,
        "objectid": 590,
        "propertyowner": "COFB",
        "lat": null,
        "height": "20 ft",
        "longitude": null
      }
    },
    {
      "geometry": {
        "type": "Point",
        "coordinates": [
          -81.46426753551016,
          30.67262244266451
        ],
        "crs": null
      },
      "id": 591,
      "type": "Feature",
      "properties": {
        "fulladdress": "101 N 2nd St",
        "created_user": "kmulcahy",
        "latitude": null,
        "globalid": "{0D4B67FB-6150-45F0-837D-43A690D14D06}",
        "picture2023": null,
        "parcelnumber": "00-00-31-1800-0002-0290",
        "picture2022": null,
        "dbh": "10\"",
        "picture2021": null,
        "long": null,
        "picture2020": null,
        "dateofplanting": 1745599340000,
        "picture2019": null,
        "last_edited_user": "kmulcahy",
        "commonname": "Cabbage Palm",
        "picture2018": null,
        "spieces": "Sabal palmetto",
        "last_edited_date": 1764107217000,
        "created_date": 1764107217000,
        "objectid": 591,
        "propertyowner": "COFB",
        "lat": null,
        "height": "20 ft",
        "longitude": null
      }
    },
    {
      "geometry": {
        "type": "Point",
        "coordinates": [
          -81.46358252249532,
          30.669638663739086
        ],
        "crs": null
      },
      "id": 558,
      "type": "Feature",
      "properties": {
        "fulladdress": "204 Ash St",
        "created_user": "kmulcahy",
        "latitude": null,
        "globalid": "{4B62613D-93E9-4087-ABF6-95E63D813354}",
        "picture2023": null,
        "parcelnumber": "00-00-31-1800-0270-0010",
        "picture2022": null,
        "dbh": "1\"",
        "picture2021": null,
        "long": null,
        "picture2020": null,
        "dateofplanting": 1743480000000,
        "picture2019": null,
        "last_edited_user": "kmulcahy",
        "commonname": "Plum Pine",
        "picture2018": null,
        "spieces": "Podocarpus",
        "last_edited_date": 1764107217000,
        "created_date": 1764107217000,
        "objectid": 558,
        "propertyowner": "COFB City Hall",
        "lat": null,
        "height": "4 ft",
        "longitude": null
      }
    },
    {
      "geometry": {
        "type": "Point",
        "coordinates": [
          -81.46437888887615,
          30.67262501400201
        ],
        "crs": null
      },
      "id": 592,
      "type": "Feature",
      "properties": {
        "fulladdress": "101 N 2nd St",
        "created_user": "kmulcahy",
        "latitude": null,
        "globalid": "{6E5BFABE-CD14-408F-9E89-8F28D4A8C206}",
        "picture2023": null,
        "parcelnumber": "\t00-00-31-1800-0002-0290",
        "picture2022": null,
        "dbh": "10\"",
        "picture2021": null,
        "long": null,
        "picture2020": null,
        "dateofplanting": 1745599410000,
        "picture2019": null,
        "last_edited_user": "kmulcahy",
        "commonname": "Cabbage Palm",
        "picture2018": null,
        "spieces": "Sabal palmetto",
        "last_edited_date": 1764107217000,
        "created_date": 1764107217000,
        "objectid": 592,
        "propertyowner": "COFB",
        "lat": null,
        "height": "20 ft",
        "longitude": null
      }
    },
    {
      "geometry": {
        "type": "Point",
        "coordinates": [
          -81.45147563635709,
          30.684385168561278
        ],
        "crs": null
      },
      "id": 572,
      "type": "Feature",
      "properties": {
        "fulladdress": "1321 N 14th St",
        "created_user": "kmulcahy",
        "latitude": null,
        "globalid": "{064D816B-BF5B-42D5-9962-011FCEF70A1E}",
        "picture2023": null,
        "parcelnumber": "00-00-31-1800-0225-0400",
        "picture2022": null,
        "dbh": "2\"",
        "picture2021": null,
        "long": null,
        "picture2020": null,
        "dateofplanting": 1745553600000,
        "picture2019": null,
        "last_edited_user": "kmulcahy",
        "commonname": "Live Oak",
        "picture2018": null,
        "spieces": "Quercus virginiana",
        "last_edited_date": 1764107217000,
        "created_date": 1764107217000,
        "objectid": 572,
        "propertyowner": "COFB Bosque Bello",
        "lat": null,
        "height": "10 ft",
        "longitude": null
      }
    },
    {
      "geometry": {
        "type": "Point",
        "coordinates": [
          -81.46373692492637,
          30.672693791847635
        ],
        "crs": null
      },
      "id": 593,
      "type": "Feature",
      "properties": {
        "fulladdress": "101 N 2nd St",
        "created_user": "kmulcahy",
        "latitude": null,
        "globalid": "{E2433D33-60BB-4792-84DC-67E0C6598F43}",
        "picture2023": null,
        "parcelnumber": "00-00-31-1800-0002-0290",
        "picture2022": null,
        "dbh": "10\"",
        "picture2021": null,
        "long": null,
        "picture2020": null,
        "dateofplanting": 1761842719000,
        "picture2019": null,
        "last_edited_user": "kmulcahy",
        "commonname": "Cabbage Palm",
        "picture2018": null,
        "spieces": "Sabal palmetto",
        "last_edited_date": 1764107217000,
        "created_date": 1764107217000,
        "objectid": 593,
        "propertyowner": "COFB",
        "lat": null,
        "height": "20 ft",
        "longitude": null
      }
    },
    {
      "geometry": {
        "type": "Point",
        "coordinates": [
          -81.46370952271693,
          30.673017325291646
        ],
        "crs": null
      },
      "id": 594,
      "type": "Feature",
      "properties": {
        "fulladdress": "101 N 2nd St",
        "created_user": "kmulcahy",
        "latitude": null,
        "globalid": "{BD54A20A-45A3-41E6-8C23-8088FB9D225D}",
        "picture2023": null,
        "parcelnumber": "00-00-31-1800-0002-0290",
        "picture2022": null,
        "dbh": "10\"",
        "picture2021": null,
        "long": null,
        "picture2020": null,
        "dateofplanting": 1761842779000,
        "picture2019": null,
        "last_edited_user": "kmulcahy",
        "commonname": "Cabbage Palm",
        "picture2018": null,
        "spieces": "Sabal palmetto",
        "last_edited_date": 1764107217000,
        "created_date": 1764107217000,
        "objectid": 594,
        "propertyowner": "COFB",
        "lat": null,
        "height": "20 ft",
        "longitude": null
      }
    },
    {
      "geometry": {
        "type": "Point",
        "coordinates": [
          -81.46368710256408,
          30.672998041881975
        ],
        "crs": null
      },
      "id": 595,
      "type": "Feature",
      "properties": {
        "fulladdress": "101 N 2nd St",
        "created_user": "kmulcahy",
        "latitude": null,
        "globalid": "{76222786-55AC-4DF4-95E6-179573FE0495}",
        "picture2023": null,
        "parcelnumber": "00-00-31-1800-0002-0290",
        "picture2022": null,
        "dbh": "10\"",
        "picture2021": null,
        "long": null,
        "picture2020": null,
        "dateofplanting": 1761842835000,
        "picture2019": null,
        "last_edited_user": "kmulcahy",
        "commonname": "Cabbage Palm",
        "picture2018": null,
        "spieces": "Sabal palmetto",
        "last_edited_date": 1764107217000,
        "created_date": 1764107217000,
        "objectid": 595,
        "propertyowner": "COFB",
        "lat": null,
        "height": "20 ft",
        "longitude": null
      }
    },
    {
      "geometry": {
        "type": "Point",
        "coordinates": [
          -81.4637294518415,
          30.67286627129752
        ],
        "crs": null
      },
      "id": 596,
      "type": "Feature",
      "properties": {
        "fulladdress": "101 N 2nd St",
        "created_user": "kmulcahy",
        "latitude": null,
        "globalid": "{E6353452-7FD8-41CE-8EE1-C74D8B0545CA}",
        "picture2023": null,
        "parcelnumber": "00-00-31-1800-0002-0290",
        "picture2022": null,
        "dbh": "10\"",
        "picture2021": null,
        "long": null,
        "picture2020": null,
        "dateofplanting": 1761842903000,
        "picture2019": null,
        "last_edited_user": "kmulcahy",
        "commonname": "Cabbage Palm",
        "picture2018": null,
        "spieces": "Sabal palmetto",
        "last_edited_date": 1764107217000,
        "created_date": 1764107217000,
        "objectid": 596,
        "propertyowner": "COFB",
        "lat": null,
        "height": "20 ft",
        "longitude": null
      }
    },
    {
      "geometry": {
        "type": "Point",
        "coordinates": [
          -81.46371824176508,
          30.67294019162974
        ],
        "crs": null
      },
      "id": 597,
      "type": "Feature",
      "properties": {
        "fulladdress": "101 N 2nd St",
        "created_user": "kmulcahy",
        "latitude": null,
        "globalid": "{C00681B5-CE0A-4791-B946-6FC21E8D6F1F}",
        "picture2023": null,
        "parcelnumber": "00-00-31-1800-0002-0290",
        "picture2022": null,
        "dbh": "10\"",
        "picture2021": null,
        "long": null,
        "picture2020": null,
        "dateofplanting": 1761842948000,
        "picture2019": null,
        "last_edited_user": "kmulcahy",
        "commonname": "Cabbage Palm",
        "picture2018": null,
        "spieces": "Sabal palmetto",
        "last_edited_date": 1764107217000,
        "created_date": 1764107217000,
        "objectid": 597,
        "propertyowner": "COFB",
        "lat": null,
        "height": "20 ft",
        "longitude": null
      }
    },
    {
      "geometry": {
        "type": "Point",
        "coordinates": [
          -81.46373941595465,
          30.672790209161306
        ],
        "crs": null
      },
      "id": 598,
      "type": "Feature",
      "properties": {
        "fulladdress": "101 N 2nd St",
        "created_user": "kmulcahy",
        "latitude": null,
        "globalid": "{34C672D7-D589-4F10-8DC3-2037967E5955}",
        "picture2023": null,
        "parcelnumber": "00-00-31-1800-0002-0290",
        "picture2022": null,
        "dbh": "10\"",
        "picture2021": null,
        "long": null,
        "picture2020": null,
        "dateofplanting": 1761842998000,
        "picture2019": null,
        "last_edited_user": "kmulcahy",
        "commonname": "Cabbage Palm",
        "picture2018": null,
        "spieces": "Sabal palmetto",
        "last_edited_date": 1764107217000,
        "created_date": 1764107217000,
        "objectid": 598,
        "propertyowner": "COFB",
        "lat": null,
        "height": "20 ft",
        "longitude": null
      }
    },
    {
      "geometry": {
        "type": "Point",
        "coordinates": [
          -81.46369582161222,
          30.673097673048186
        ],
        "crs": null
      },
      "id": 599,
      "type": "Feature",
      "properties": {
        "fulladdress": "101 N 2nd St",
        "created_user": "kmulcahy",
        "latitude": null,
        "globalid": "{F67A3462-A6E1-46BF-8B38-744B3602AEAA}",
        "picture2023": null,
        "parcelnumber": "00-00-31-1800-0002-0290",
        "picture2022": null,
        "dbh": "10\"",
        "picture2021": null,
        "long": null,
        "picture2020": null,
        "dateofplanting": 1761843062000,
        "picture2019": null,
        "last_edited_user": "kmulcahy",
        "commonname": "Cabbage Palm",
        "picture2018": null,
        "spieces": "Sabal palmetto",
        "last_edited_date": 1764107217000,
        "created_date": 1764107217000,
        "objectid": 599,
        "propertyowner": "COFB",
        "lat": null,
        "height": "20 ft",
        "longitude": null
      }
    },
    {
      "geometry": {
        "type": "Point",
        "coordinates": [
          -81.46367140001291,
          30.67310596958843
        ],
        "crs": null
      },
      "id": 600,
      "type": "Feature",
      "properties": {
        "fulladdress": "101 N 2nd St",
        "created_user": "kmulcahy",
        "latitude": null,
        "globalid": "{1BF6B3FB-6C5D-454A-B58F-2CDD28ACEDD8}",
        "picture2023": null,
        "parcelnumber": "00-00-31-1800-0002-0010",
        "picture2022": null,
        "dbh": "3\"",
        "picture2021": null,
        "long": null,
        "picture2020": null,
        "dateofplanting": 1761844037000,
        "picture2019": null,
        "last_edited_user": "kmulcahy",
        "commonname": "'Slender Silhouette' Sweetgum",
        "picture2018": null,
        "spieces": "Liquidambar styraciflua 'Slender Silhouette'",
        "last_edited_date": 1764107217000,
        "created_date": 1764107217000,
        "objectid": 600,
        "propertyowner": "COFB",
        "lat": null,
        "height": "12 ft",
        "longitude": null
      }
    },
    {
      "geometry": {
        "type": "Point",
        "coordinates": [
          -81.46370253921391,
          30.673182031476028
        ],
        "crs": null
      },
      "id": 601,
      "type": "Feature",
      "properties": {
        "fulladdress": "101 N 2nd St",
        "created_user": "kmulcahy",
        "latitude": null,
        "globalid": "{DA9C1D34-85FA-4533-82D6-481A2B128CCA}",
        "picture2023": null,
        "parcelnumber": "00-00-31-1800-0002-0010",
        "picture2022": null,
        "dbh": "3\"",
        "picture2021": null,
        "long": null,
        "picture2020": null,
        "dateofplanting": 1761844183000,
        "picture2019": null,
        "last_edited_user": "kmulcahy",
        "commonname": "'Slender Silhouette' Sweetgum",
        "picture2018": null,
        "spieces": "Liquidambar styraciflua 'slender silhouette'",
        "last_edited_date": 1764107217000,
        "created_date": 1764107217000,
        "objectid": 601,
        "propertyowner": "COFB",
        "lat": null,
        "height": "12 ft",
        "longitude": null
      }
    },
    {
      "geometry": {
        "type": "Point",
        "coordinates": [
          -81.46368759214589,
          30.673257022435152
        ],
        "crs": null
      },
      "id": 602,
      "type": "Feature",
      "properties": {
        "fulladdress": "101 N 2nd St",
        "created_user": "kmulcahy",
        "latitude": null,
        "globalid": "{30A3FDD8-FB60-4925-A439-EAAEFA44BDE1}",
        "picture2023": null,
        "parcelnumber": "00-00-31-1800-0002-0010",
        "picture2022": null,
        "dbh": "3\"",
        "picture2021": null,
        "long": null,
        "picture2020": null,
        "dateofplanting": 1761844284000,
        "picture2019": null,
        "last_edited_user": "kmulcahy",
        "commonname": "'Slender Silhouette' Sweetgum",
        "picture2018": null,
        "spieces": "Liquidambar styraciflua 'slender silhouette'",
        "last_edited_date": 1764107217000,
        "created_date": 1764107217000,
        "objectid": 602,
        "propertyowner": "COFB",
        "lat": null,
        "height": "12 ft",
        "longitude": null
      }
    },
    {
      "geometry": {
        "type": "Point",
        "coordinates": [
          -81.46367762803277,
          30.673325585811728
        ],
        "crs": null
      },
      "id": 603,
      "type": "Feature",
      "properties": {
        "fulladdress": "101 N 2nd St",
        "created_user": "kmulcahy",
        "latitude": null,
        "globalid": "{02FD88BE-57EA-4A52-9618-8A01799DAB3A}",
        "picture2023": null,
        "parcelnumber": "00-00-31-1800-0002-0010",
        "picture2022": null,
        "dbh": "2\"",
        "picture2021": null,
        "long": null,
        "picture2020": null,
        "dateofplanting": 1761844460000,
        "picture2019": null,
        "last_edited_user": "kmulcahy",
        "commonname": "Crape Myrtle Natchez",
        "picture2018": null,
        "spieces": "Lagerstromia x fauriei 'natchez'",
        "last_edited_date": 1764107217000,
        "created_date": 1764107217000,
        "objectid": 603,
        "propertyowner": "COFB",
        "lat": null,
        "height": "6 ft",
        "longitude": null
      }
    },
    {
      "geometry": {
        "type": "Point",
        "coordinates": [
          -81.46367513700449,
          30.673365224136496
        ],
        "crs": null
      },
      "id": 604,
      "type": "Feature",
      "properties": {
        "fulladdress": "101 N 2nd St",
        "created_user": "kmulcahy",
        "latitude": null,
        "globalid": "{CA7E2C18-BC3F-4154-8383-E1A1AFADF94B}",
        "picture2023": null,
        "parcelnumber": "00-00-31-1800-0002-0010",
        "picture2022": null,
        "dbh": "2\"",
        "picture2021": null,
        "long": null,
        "picture2020": null,
        "dateofplanting": 1761844689000,
        "picture2019": null,
        "last_edited_user": "kmulcahy",
        "commonname": "Crape Myrtle Natchez",
        "picture2018": null,
        "spieces": "Lagerstromia x fauriei 'natchez'",
        "last_edited_date": 1764107217000,
        "created_date": 1764107217000,
        "objectid": 604,
        "propertyowner": "COFB",
        "lat": null,
        "height": "6 ft",
        "longitude": null
      }
    },
    {
      "geometry": {
        "type": "Point",
        "coordinates": [
          -81.46367389104117,
          30.67341771748268
        ],
        "crs": null
      },
      "id": 605,
      "type": "Feature",
      "properties": {
        "fulladdress": "101 N 2nd St",
        "created_user": "kmulcahy",
        "latitude": null,
        "globalid": "{DA6112B3-65D3-4928-AC79-B3BD18A3D7EE}",
        "picture2023": null,
        "parcelnumber": "00-00-31-1800-0002-0010",
        "picture2022": null,
        "dbh": "2\"",
        "picture2021": null,
        "long": null,
        "picture2020": null,
        "dateofplanting": 1761844784000,
        "picture2019": null,
        "last_edited_user": "kmulcahy",
        "commonname": "Crape Myrtle Natchez",
        "picture2018": null,
        "spieces": "Lagerstromia x fauriei 'natchez'",
        "last_edited_date": 1764107217000,
        "created_date": 1764107217000,
        "objectid": 605,
        "propertyowner": "COFB",
        "lat": null,
        "height": "6 ft",
        "longitude": null
      }
    },
    {
      "geometry": {
        "type": "Point",
        "coordinates": [
          -81.46361036757418,
          30.673780885883684
        ],
        "crs": null
      },
      "id": 606,
      "type": "Feature",
      "properties": {
        "fulladdress": "101 N 2nd St",
        "created_user": "kmulcahy",
        "latitude": null,
        "globalid": "{201D1EB1-D7AF-484B-9E94-CDF12090278F}",
        "picture2023": null,
        "parcelnumber": "00-00-31-1800-0002-0010",
        "picture2022": null,
        "dbh": "3\"",
        "picture2021": null,
        "long": null,
        "picture2020": null,
        "dateofplanting": 1761844932000,
        "picture2019": null,
        "last_edited_user": "kmulcahy",
        "commonname": "Columnar English Oak",
        "picture2018": null,
        "spieces": "Quercu robur 'Fastigiata'",
        "last_edited_date": 1764107217000,
        "created_date": 1764107217000,
        "objectid": 606,
        "propertyowner": "COFB",
        "lat": null,
        "height": "12 ft",
        "longitude": null
      }
    },
    {
      "geometry": {
        "type": "Point",
        "coordinates": [
          -81.4636589448715,
          30.673484137467923
        ],
        "crs": null
      },
      "id": 607,
      "type": "Feature",
      "properties": {
        "fulladdress": "101 N 2nd St",
        "created_user": "kmulcahy",
        "latitude": null,
        "globalid": "{059B8D6B-FC53-413D-8828-5BC3E90A2DC9}",
        "picture2023": null,
        "parcelnumber": "00-00-31-1800-0002-0010",
        "picture2022": null,
        "dbh": "3\"",
        "picture2021": null,
        "long": null,
        "picture2020": null,
        "dateofplanting": 1761845026000,
        "picture2019": null,
        "last_edited_user": "kmulcahy",
        "commonname": "Columnar English Oak",
        "picture2018": null,
        "spieces": "Quercus robur 'Fastigiata'",
        "last_edited_date": 1764107217000,
        "created_date": 1764107217000,
        "objectid": 607,
        "propertyowner": "COFB",
        "lat": null,
        "height": "12 ft",
        "longitude": null
      }
    },
    {
      "geometry": {
        "type": "Point",
        "coordinates": [
          -81.46363901574692,
          30.673588053137667
        ],
        "crs": null
      },
      "id": 608,
      "type": "Feature",
      "properties": {
        "fulladdress": "101 N 2nd St",
        "created_user": "kmulcahy",
        "latitude": null,
        "globalid": "{229116E0-6B8C-4859-8BF4-06497DE28B28}",
        "picture2023": null,
        "parcelnumber": "00-00-31-1800-0002-0010",
        "picture2022": null,
        "dbh": "3\"",
        "picture2021": null,
        "long": null,
        "picture2020": null,
        "dateofplanting": 1761845096000,
        "picture2019": null,
        "last_edited_user": "kmulcahy",
        "commonname": "Columnar English Oak",
        "picture2018": null,
        "spieces": "Quercus robur 'Fastigiata'",
        "last_edited_date": 1764107217000,
        "created_date": 1764107217000,
        "objectid": 608,
        "propertyowner": "COFB",
        "lat": null,
        "height": "12 ft",
        "longitude": null
      }
    },
    {
      "geometry": {
        "type": "Point",
        "coordinates": [
          -81.46362655970718,
          30.673666257918907
        ],
        "crs": null
      },
      "id": 609,
      "type": "Feature",
      "properties": {
        "fulladdress": "101 N 2nd St",
        "created_user": "kmulcahy",
        "latitude": null,
        "globalid": "{2583BF87-EA8B-4D37-BCB2-344982BAD578}",
        "picture2023": null,
        "parcelnumber": "00-00-31-1800-0002-0010",
        "picture2022": null,
        "dbh": "3\"",
        "picture2021": null,
        "long": null,
        "picture2020": null,
        "dateofplanting": 1761845192000,
        "picture2019": null,
        "last_edited_user": "kmulcahy",
        "commonname": "Columnar English Oak",
        "picture2018": null,
        "spieces": "Quercus robur 'Fastigiata'",
        "last_edited_date": 1764107217000,
        "created_date": 1764107217000,
        "objectid": 609,
        "propertyowner": "COFB",
        "lat": null,
        "height": "12 ft",
        "longitude": null
      }
    },
    {
      "geometry": {
        "type": "Point",
        "coordinates": [
          -81.46364773479506,
          30.673541987394405
        ],
        "crs": null
      },
      "id": 610,
      "type": "Feature",
      "properties": {
        "fulladdress": "101 N 2nd St",
        "created_user": "kmulcahy",
        "latitude": null,
        "globalid": "{96F3024C-867D-430E-B473-F9C60541E20A}",
        "picture2023": null,
        "parcelnumber": "00-00-31-1800-0002-0010",
        "picture2022": null,
        "dbh": "3\"",
        "picture2021": null,
        "long": null,
        "picture2020": null,
        "dateofplanting": 1761845257000,
        "picture2019": null,
        "last_edited_user": "kmulcahy",
        "commonname": "Columnar English Oak",
        "picture2018": null,
        "spieces": "Quercus robur 'Fastigiata'",
        "last_edited_date": 1764107217000,
        "created_date": 1764107217000,
        "objectid": 610,
        "propertyowner": "COFB",
        "lat": null,
        "height": "12 ft",
        "longitude": null
      }
    },
    {
      "geometry": {
        "type": "Point",
        "coordinates": [
          -81.46361659559406,
          30.6737401768663
        ],
        "crs": null
      },
      "id": 611,
      "type": "Feature",
      "properties": {
        "fulladdress": "101 N 2nd St",
        "created_user": "kmulcahy",
        "latitude": null,
        "globalid": "{251DF170-0D64-40C6-9DAC-1A38EBF60D3A}",
        "picture2023": null,
        "parcelnumber": "00-00-31-1800-0002-0010",
        "picture2022": null,
        "dbh": "3\"",
        "picture2021": null,
        "long": null,
        "picture2020": null,
        "dateofplanting": 1761845323000,
        "picture2019": null,
        "last_edited_user": "kmulcahy",
        "commonname": "Columnar English Oak",
        "picture2018": null,
        "spieces": "Quercus robur 'Fastigiata'",
        "last_edited_date": 1764107217000,
        "created_date": 1764107217000,
        "objectid": 611,
        "propertyowner": "COFB",
        "lat": null,
        "height": "12 ft",
        "longitude": null
      }
    },
    {
      "geometry": {
        "type": "Point",
        "coordinates": [
          -81.46362864559528,
          30.67269159755874
        ],
        "crs": null
      },
      "id": 612,
      "type": "Feature",
      "properties": {
        "fulladdress": "201 Alachua St",
        "created_user": "kmulcahy",
        "latitude": null,
        "globalid": "{467FED09-8962-471A-85BF-52C2E5E4832E}",
        "picture2023": null,
        "parcelnumber": "00-00-31-1800-0009-0010",
        "picture2022": null,
        "dbh": "3\"",
        "picture2021": null,
        "long": null,
        "picture2020": null,
        "dateofplanting": 1761845804000,
        "picture2019": null,
        "last_edited_user": "kmulcahy",
        "commonname": "Live Oak",
        "picture2018": null,
        "spieces": "Quercus virginiana",
        "last_edited_date": 1764107217000,
        "created_date": 1764107217000,
        "objectid": 612,
        "propertyowner": "COFB",
        "lat": null,
        "height": "10 ft",
        "longitude": null
      }
    },
    {
      "geometry": {
        "type": "Point",
        "coordinates": [
          -81.46360747140571,
          30.672732307018002
        ],
        "crs": null
      },
      "id": 613,
      "type": "Feature",
      "properties": {
        "fulladdress": "201 Alachua St",
        "created_user": "kmulcahy",
        "latitude": null,
        "globalid": "{F5B30008-7222-4FB5-B309-030F2526C4F9}",
        "picture2023": null,
        "parcelnumber": "00-00-31-1800-0009-0010",
        "picture2022": null,
        "dbh": "3\"",
        "picture2021": null,
        "long": null,
        "picture2020": null,
        "dateofplanting": 1761845892000,
        "picture2019": null,
        "last_edited_user": "kmulcahy",
        "commonname": "Slender Silhouette Sweetgum",
        "picture2018": null,
        "spieces": "Liquidambar styraciflua 'Slender Silhouette'",
        "last_edited_date": 1764107217000,
        "created_date": 1764107217000,
        "objectid": 613,
        "propertyowner": "COFB",
        "lat": null,
        "height": "12 ft",
        "longitude": null
      }
    },
    {
      "geometry": {
        "type": "Point",
        "coordinates": [
          -81.46359750639427,
          30.672793371561088
        ],
        "crs": null
      },
      "id": 614,
      "type": "Feature",
      "properties": {
        "fulladdress": "201 Alachua St",
        "created_user": "kmulcahy",
        "latitude": null,
        "globalid": "{F6FD1082-F77A-441C-8ACA-D8B444590364}",
        "picture2023": null,
        "parcelnumber": "00-00-31-1800-0009-0010",
        "picture2022": null,
        "dbh": "3\"",
        "picture2021": null,
        "long": null,
        "picture2020": null,
        "dateofplanting": 1761845983000,
        "picture2019": null,
        "last_edited_user": "kmulcahy",
        "commonname": "Slender Silhouette Sweetgum",
        "picture2018": null,
        "spieces": "Liquidambar styraciflua 'Slender Silhouette'",
        "last_edited_date": 1764107217000,
        "created_date": 1764107217000,
        "objectid": 614,
        "propertyowner": "COFB",
        "lat": null,
        "height": "12 ft",
        "longitude": null
      }
    },
    {
      "geometry": {
        "type": "Point",
        "coordinates": [
          -81.46358629631784,
          30.672900501363994
        ],
        "crs": null
      },
      "id": 615,
      "type": "Feature",
      "properties": {
        "fulladdress": "201 Alachua St",
        "created_user": "kmulcahy",
        "latitude": null,
        "globalid": "{B47B7E57-CB68-4D91-B4F8-E0D5EB37F21B}",
        "picture2023": null,
        "parcelnumber": "00-00-31-1800-0009-0010",
        "picture2022": null,
        "dbh": "3\"",
        "picture2021": null,
        "long": null,
        "picture2020": null,
        "dateofplanting": 1761846101000,
        "picture2019": null,
        "last_edited_user": "kmulcahy",
        "commonname": "Slender Silhouette Sweetgum",
        "picture2018": null,
        "spieces": "Liquidambar styraciflua 'Slender Silhouette'",
        "last_edited_date": 1764107217000,
        "created_date": 1764107217000,
        "objectid": 615,
        "propertyowner": "COFB",
        "lat": null,
        "height": "12 ft",
        "longitude": null
      }
    },
    {
      "geometry": {
        "type": "Point",
        "coordinates": [
          -81.46357757726967,
          30.6729679933493
        ],
        "crs": null
      },
      "id": 616,
      "type": "Feature",
      "properties": {
        "fulladdress": "201 Alahcua St",
        "created_user": "kmulcahy",
        "latitude": null,
        "globalid": "{97B45FCD-9A07-422B-8BE5-E94091B23765}",
        "picture2023": null,
        "parcelnumber": "00-00-31-1800-0009-0010",
        "picture2022": null,
        "dbh": "10\"",
        "picture2021": null,
        "long": null,
        "picture2020": null,
        "dateofplanting": 1761846167000,
        "picture2019": null,
        "last_edited_user": "kmulcahy",
        "commonname": "Cabbage Palm",
        "picture2018": null,
        "spieces": "Sabal palmetto",
        "last_edited_date": 1764107217000,
        "created_date": 1764107217000,
        "objectid": 616,
        "propertyowner": "COFB",
        "lat": null,
        "height": "20 ft",
        "longitude": null
      }
    },
    {
      "geometry": {
        "type": "Point",
        "coordinates": [
          -81.46356761315656,
          30.673034414416414
        ],
        "crs": null
      },
      "id": 617,
      "type": "Feature",
      "properties": {
        "fulladdress": "116 N 2nd St",
        "created_user": "kmulcahy",
        "latitude": null,
        "globalid": "{4EB4A4C0-A2ED-4BDB-9E05-04F91DC36471}",
        "picture2023": null,
        "parcelnumber": "00-00-31-1800-0009-0020",
        "picture2022": null,
        "dbh": "10\"",
        "picture2021": null,
        "long": null,
        "picture2020": null,
        "dateofplanting": 1761846246000,
        "picture2019": null,
        "last_edited_user": "kmulcahy",
        "commonname": "Cabbage Palm",
        "picture2018": null,
        "spieces": "Sabal palmetto",
        "last_edited_date": 1764107217000,
        "created_date": 1764107217000,
        "objectid": 617,
        "propertyowner": "COFB",
        "lat": null,
        "height": "20 ft",
        "longitude": null
      }
    },
    {
      "geometry": {
        "type": "Point",
        "coordinates": [
          -81.463578823233,
          30.673065482032584
        ],
        "crs": null
      },
      "id": 618,
      "type": "Feature",
      "properties": {
        "fulladdress": "116 N 2nd St",
        "created_user": "kmulcahy",
        "latitude": null,
        "globalid": "{BC0454EB-B1B1-4734-8A33-1AE50A8D7258}",
        "picture2023": null,
        "parcelnumber": "00-00-31-1800-0009-0020",
        "picture2022": null,
        "dbh": "5\"",
        "picture2021": null,
        "long": null,
        "picture2020": null,
        "dateofplanting": 1761848089000,
        "picture2019": null,
        "last_edited_user": "kmulcahy",
        "commonname": "Arbequina Olive",
        "picture2018": null,
        "spieces": "Olea europaea 'Arberquina'",
        "last_edited_date": 1764107217000,
        "created_date": 1764107217000,
        "objectid": 618,
        "propertyowner": "COFB",
        "lat": null,
        "height": "8 ft",
        "longitude": null
      }
    },
    {
      "geometry": {
        "type": "Point",
        "coordinates": [
          -81.46356761315656,
          30.673144758106673
        ],
        "crs": null
      },
      "id": 619,
      "type": "Feature",
      "properties": {
        "fulladdress": "116 N 2nd St",
        "created_user": "kmulcahy",
        "latitude": null,
        "globalid": "{334BE919-079E-4A61-B986-F929FBB781B9}",
        "picture2023": null,
        "parcelnumber": "00-00-31-1800-0009-0020",
        "picture2022": null,
        "dbh": "5\"",
        "picture2021": null,
        "long": null,
        "picture2020": null,
        "dateofplanting": 1761848190000,
        "picture2019": null,
        "last_edited_user": "kmulcahy",
        "commonname": "Arbequina Olive ",
        "picture2018": null,
        "spieces": "Olea europaea 'Arbequina'",
        "last_edited_date": 1764107217000,
        "created_date": 1764107217000,
        "objectid": 619,
        "propertyowner": "COFB",
        "lat": null,
        "height": "8 ft",
        "longitude": null
      }
    },
    {
      "geometry": {
        "type": "Point",
        "coordinates": [
          -81.4634791776101,
          30.673797177521198
        ],
        "crs": null
      },
      "id": 622,
      "type": "Feature",
      "properties": {
        "fulladdress": "120 N 2nd St",
        "created_user": "kmulcahy",
        "latitude": null,
        "globalid": "{B02D2324-CCDB-4712-8168-D3A02079D066}",
        "picture2023": null,
        "parcelnumber": "00-00-31-1800-0009-0080",
        "picture2022": null,
        "dbh": "10\"",
        "picture2021": null,
        "long": null,
        "picture2020": null,
        "dateofplanting": 1761848442000,
        "picture2019": null,
        "last_edited_user": "kmulcahy",
        "commonname": "Cabbage Palm",
        "picture2018": null,
        "spieces": "Sabal palmetto",
        "last_edited_date": 1764107217000,
        "created_date": 1764107217000,
        "objectid": 622,
        "propertyowner": "COFB",
        "lat": null,
        "height": "20 ft",
        "longitude": null
      }
    },
    {
      "geometry": {
        "type": "Point",
        "coordinates": [
          -81.46347419555353,
          30.67376932427417
        ],
        "crs": null
      },
      "id": 623,
      "type": "Feature",
      "properties": {
        "fulladdress": "120 N 2nd St",
        "created_user": "kmulcahy",
        "latitude": null,
        "globalid": "{283AAAD6-FA1B-449B-B71D-D98269BC0F88}",
        "picture2023": null,
        "parcelnumber": "00-00-31-1800-0009-0080",
        "picture2022": null,
        "dbh": "10\"",
        "picture2021": null,
        "long": null,
        "picture2020": null,
        "dateofplanting": 1761848493000,
        "picture2019": null,
        "last_edited_user": "kmulcahy",
        "commonname": "Cabbage Palm",
        "picture2018": null,
        "spieces": "Sabal palmetto",
        "last_edited_date": 1764107217000,
        "created_date": 1764107217000,
        "objectid": 623,
        "propertyowner": "COFB",
        "lat": null,
        "height": "20 ft",
        "longitude": null
      }
    },
    {
      "geometry": {
        "type": "Point",
        "coordinates": [
          -81.4634941246781,
          30.673777894267143
        ],
        "crs": null
      },
      "id": 624,
      "type": "Feature",
      "properties": {
        "fulladdress": "120 N 2nd St",
        "created_user": "kmulcahy",
        "latitude": null,
        "globalid": "{E089D5F3-F00D-4843-93E2-2C4ACC174A73}",
        "picture2023": null,
        "parcelnumber": "00-00-31-1800-0009-0080",
        "picture2022": null,
        "dbh": "10\"",
        "picture2021": null,
        "long": null,
        "picture2020": null,
        "dateofplanting": 1761848534000,
        "picture2019": null,
        "last_edited_user": "kmulcahy",
        "commonname": "Cabbage Palm",
        "picture2018": null,
        "spieces": "Sabal palmetto",
        "last_edited_date": 1764107217000,
        "created_date": 1764107217000,
        "objectid": 624,
        "propertyowner": "COFB",
        "lat": null,
        "height": "20 ft",
        "longitude": null
      }
    },
    {
      "geometry": {
        "type": "Point",
        "coordinates": [
          -81.46348665159326,
          30.673743612745454
        ],
        "crs": null
      },
      "id": 625,
      "type": "Feature",
      "properties": {
        "fulladdress": "120 N 2nd St",
        "created_user": "kmulcahy",
        "latitude": null,
        "globalid": "{FC7B516B-9CB7-4DF1-8E29-3894307573F9}",
        "picture2023": null,
        "parcelnumber": "00-00-31-1800-0009-0080",
        "picture2022": null,
        "dbh": "10\"",
        "picture2021": null,
        "long": null,
        "picture2020": null,
        "dateofplanting": 1761848621000,
        "picture2019": null,
        "last_edited_user": "kmulcahy",
        "commonname": "Cabbage Palm",
        "picture2018": null,
        "spieces": "Sabal palmetto",
        "last_edited_date": 1764107217000,
        "created_date": 1764107217000,
        "objectid": 625,
        "propertyowner": "COFB",
        "lat": null,
        "height": "20 ft",
        "longitude": null
      }
    },
    {
      "geometry": {
        "type": "Point",
        "coordinates": [
          -81.46350658071783,
          30.673745755244337
        ],
        "crs": null
      },
      "id": 626,
      "type": "Feature",
      "properties": {
        "fulladdress": "120 N 2nd St",
        "created_user": "kmulcahy",
        "latitude": null,
        "globalid": "{475BC2B1-C492-454F-8071-F6C0418605D8}",
        "picture2023": null,
        "parcelnumber": "00-00-31-1800-0009-0080",
        "picture2022": null,
        "dbh": "10\"",
        "picture2021": null,
        "long": null,
        "picture2020": null,
        "dateofplanting": 1761848654000,
        "picture2019": null,
        "last_edited_user": "kmulcahy",
        "commonname": "Cabbage Palm",
        "picture2018": null,
        "spieces": "Sabal palmetto",
        "last_edited_date": 1764107217000,
        "created_date": 1764107217000,
        "objectid": 626,
        "propertyowner": "COFB",
        "lat": null,
        "height": "20 ft",
        "longitude": null
      }
    },
    {
      "geometry": {
        "type": "Point",
        "coordinates": [
          -81.46553706700904,
          30.66914991092433
        ],
        "crs": null
      },
      "id": 694,
      "type": "Feature",
      "properties": {
        "fulladdress": "123 Front St",
        "created_user": "",
        "latitude": null,
        "globalid": "{53A7C5E9-8AAF-4BD5-A058-5A6A718BCF59}",
        "picture2023": null,
        "parcelnumber": "00-00-31-1760-0029-0010",
        "picture2022": null,
        "dbh": "6\"",
        "picture2021": null,
        "long": null,
        "picture2020": null,
        "dateofplanting": 1775925390000,
        "picture2019": null,
        "last_edited_user": "",
        "commonname": "Trident Maple",
        "picture2018": null,
        "spieces": "Acer buergerianum",
        "last_edited_date": 1776357408049,
        "created_date": 1776357408049,
        "objectid": 694,
        "propertyowner": "COFB",
        "lat": null,
        "height": "20 ft",
        "longitude": null
      }
    }
  ]
}